solid OpenSCAD_Model
  facet normal -0.881766 0.471688 0
    outer loop
      vertex -21.3083 16.4429 0
      vertex -21.2126 16.6218 2.32
      vertex -21.2126 16.6218 0
    endloop
  endfacet
  facet normal -0.881766 0.471688 0
    outer loop
      vertex -21.2126 16.6218 2.32
      vertex -21.3083 16.4429 0
      vertex -21.3083 16.4429 2.32
    endloop
  endfacet
  facet normal -0.471688 -0.881766 0
    outer loop
      vertex -22.6218 20.7874 0
      vertex -22.4429 20.6917 2.32
      vertex -22.6218 20.7874 2.32
    endloop
  endfacet
  facet normal -0.471688 -0.881766 -0
    outer loop
      vertex -22.4429 20.6917 2.32
      vertex -22.6218 20.7874 0
      vertex -22.4429 20.6917 0
    endloop
  endfacet
  facet normal 0 0 -1
    outer loop
      vertex -20.9165 -14.5954 0
      vertex -12.6239 -5.73694 0
      vertex -20.8966 -14.7973 0
    endloop
  endfacet
  facet normal 0 0 -1
    outer loop
      vertex -12.6239 -5.73694 0
      vertex -20.8966 17.7973 0
      vertex -20.89 18 0
    endloop
  endfacet
  facet normal 0 0 -1
    outer loop
      vertex -20.9496 -14.3952 0
      vertex -12.6239 -5.73694 0
      vertex -20.9165 -14.5954 0
    endloop
  endfacet
  facet normal 0 0 -1
    outer loop
      vertex -12.6239 -5.73694 0
      vertex -20.9165 17.5954 0
      vertex -20.8966 17.7973 0
    endloop
  endfacet
  facet normal 0 0 -1
    outer loop
      vertex -20.9956 -14.1977 0
      vertex -12.6239 -5.73694 0
      vertex -20.9496 -14.3952 0
    endloop
  endfacet
  facet normal 0 0 -1
    outer loop
      vertex -12.6239 -5.73694 0
      vertex -20.9496 17.3952 0
      vertex -20.9165 17.5954 0
    endloop
  endfacet
  facet normal 0 0 -1
    outer loop
      vertex -21.0545 -14.0035 0
      vertex -12.6239 -5.73694 0
      vertex -20.9956 -14.1977 0
    endloop
  endfacet
  facet normal 0 0 -1
    outer loop
      vertex -12.6239 -5.73694 0
      vertex -20.9956 17.1977 0
      vertex -20.9496 17.3952 0
    endloop
  endfacet
  facet normal 0 0 -1
    outer loop
      vertex -21.126 -13.8137 0
      vertex -12.6239 -5.73694 0
      vertex -21.0545 -14.0035 0
    endloop
  endfacet
  facet normal 0 0 -1
    outer loop
      vertex -12.6239 -5.73694 0
      vertex -21.0545 17.0035 0
      vertex -20.9956 17.1977 0
    endloop
  endfacet
  facet normal 0 0 -1
    outer loop
      vertex -21.1289 -13.8066 0
      vertex -12.6239 -5.73694 0
      vertex -21.126 -13.8137 0
    endloop
  endfacet
  facet normal 0 0 -1
    outer loop
      vertex -12.6239 -5.73694 0
      vertex -21.126 16.8137 0
      vertex -21.0545 17.0035 0
    endloop
  endfacet
  facet normal 0 0 -1
    outer loop
      vertex -21.2126 -13.6218 0
      vertex -12.6239 -5.73694 0
      vertex -21.1289 -13.8066 0
    endloop
  endfacet
  facet normal 0 0 -1
    outer loop
      vertex -12.6239 -5.73694 0
      vertex -21.1289 16.8066 0
      vertex -21.126 16.8137 0
    endloop
  endfacet
  facet normal 0 0 -1
    outer loop
      vertex -21.3083 -13.4429 0
      vertex -12.6239 -5.73694 0
      vertex -21.2126 -13.6218 0
    endloop
  endfacet
  facet normal 0 0 -1
    outer loop
      vertex -12.6239 -5.73694 0
      vertex -21.2126 16.6218 0
      vertex -21.1289 16.8066 0
    endloop
  endfacet
  facet normal 0 0 -1
    outer loop
      vertex -21.4154 -13.2707 0
      vertex -12.6239 -5.73694 0
      vertex -21.3083 -13.4429 0
    endloop
  endfacet
  facet normal 0 0 -1
    outer loop
      vertex -12.6239 -5.73694 0
      vertex -21.3083 16.4429 0
      vertex -21.2126 16.6218 0
    endloop
  endfacet
  facet normal 0 0 -1
    outer loop
      vertex -21.5335 -13.1058 0
      vertex -12.6239 -5.73694 0
      vertex -21.4154 -13.2707 0
    endloop
  endfacet
  facet normal 0 0 -1
    outer loop
      vertex -12.6239 -5.73694 0
      vertex -21.4154 16.2707 0
      vertex -21.3083 16.4429 0
    endloop
  endfacet
  facet normal 0 0 -1
    outer loop
      vertex -21.6622 -12.949 0
      vertex -12.6239 -5.73694 0
      vertex -21.5335 -13.1058 0
    endloop
  endfacet
  facet normal 0 0 -1
    outer loop
      vertex -12.6239 -5.73694 0
      vertex -21.5335 16.1058 0
      vertex -21.4154 16.2707 0
    endloop
  endfacet
  facet normal 0 0 -1
    outer loop
      vertex -21.8009 -12.8009 0
      vertex -12.6239 -5.73694 0
      vertex -21.6622 -12.949 0
    endloop
  endfacet
  facet normal 0 0 -1
    outer loop
      vertex -12.6239 -5.73694 0
      vertex -21.6622 15.949 0
      vertex -21.5335 16.1058 0
    endloop
  endfacet
  facet normal 0 0 -1
    outer loop
      vertex -21.949 -12.6622 0
      vertex -12.6239 -5.73694 0
      vertex -21.8009 -12.8009 0
    endloop
  endfacet
  facet normal 0 0 -1
    outer loop
      vertex -12.6239 -5.73694 0
      vertex -21.8009 15.8009 0
      vertex -21.6622 15.949 0
    endloop
  endfacet
  facet normal 0 0 -1
    outer loop
      vertex -22.1058 -12.5335 0
      vertex -12.6239 -5.73694 0
      vertex -21.949 -12.6622 0
    endloop
  endfacet
  facet normal 0 0 -1
    outer loop
      vertex -12.6239 -5.73694 0
      vertex -21.949 15.6622 0
      vertex -21.8009 15.8009 0
    endloop
  endfacet
  facet normal 0 0 -1
    outer loop
      vertex -22.2707 -12.4154 0
      vertex -12.6239 -5.73694 0
      vertex -22.1058 -12.5335 0
    endloop
  endfacet
  facet normal 0 0 -1
    outer loop
      vertex -12.6239 -5.73694 0
      vertex -22.1058 15.5335 0
      vertex -21.949 15.6622 0
    endloop
  endfacet
  facet normal 0 0 -1
    outer loop
      vertex -22.4429 -12.3083 0
      vertex -12.6239 -5.73694 0
      vertex -22.2707 -12.4154 0
    endloop
  endfacet
  facet normal 0 0 -1
    outer loop
      vertex -12.6239 -5.73694 0
      vertex -22.2707 15.4154 0
      vertex -22.1058 15.5335 0
    endloop
  endfacet
  facet normal 0 0 -1
    outer loop
      vertex -22.6218 -12.2126 0
      vertex -12.6239 -5.73694 0
      vertex -22.4429 -12.3083 0
    endloop
  endfacet
  facet normal 0 0 -1
    outer loop
      vertex -12.6239 -5.73694 0
      vertex -22.4429 15.3083 0
      vertex -22.2707 15.4154 0
    endloop
  endfacet
  facet normal 0 0 -1
    outer loop
      vertex -22.8066 -12.1289 0
      vertex -12.6239 -5.73694 0
      vertex -22.6218 -12.2126 0
    endloop
  endfacet
  facet normal 0 0 -1
    outer loop
      vertex -12.6239 -5.73694 0
      vertex -22.6218 15.2126 0
      vertex -22.4429 15.3083 0
    endloop
  endfacet
  facet normal 0 0 -1
    outer loop
      vertex -22.8137 -12.126 0
      vertex -12.6239 -5.73694 0
      vertex -22.8066 -12.1289 0
    endloop
  endfacet
  facet normal 0 0 -1
    outer loop
      vertex -12.6239 -5.73694 0
      vertex -22.8066 15.1289 0
      vertex -22.6218 15.2126 0
    endloop
  endfacet
  facet normal 0 0 -1
    outer loop
      vertex -23.0035 -12.0545 0
      vertex -12.6239 -5.73694 0
      vertex -22.8137 -12.126 0
    endloop
  endfacet
  facet normal 0 0 -1
    outer loop
      vertex -12.6239 -5.73694 0
      vertex -22.8137 15.126 0
      vertex -22.8066 15.1289 0
    endloop
  endfacet
  facet normal 0 0 -1
    outer loop
      vertex -23.1977 -11.9956 0
      vertex -12.6239 -5.73694 0
      vertex -23.0035 -12.0545 0
    endloop
  endfacet
  facet normal 0 0 -1
    outer loop
      vertex -12.6239 -5.73694 0
      vertex -23.0035 15.0545 0
      vertex -22.8137 15.126 0
    endloop
  endfacet
  facet normal 0 0 -1
    outer loop
      vertex -23.3952 -11.9496 0
      vertex -12.6239 -5.73694 0
      vertex -23.1977 -11.9956 0
    endloop
  endfacet
  facet normal 0 0 -1
    outer loop
      vertex -12.6239 -5.73694 0
      vertex -23.1977 14.9956 0
      vertex -23.0035 15.0545 0
    endloop
  endfacet
  facet normal 0 0 -1
    outer loop
      vertex -23.5954 -11.9165 0
      vertex -12.6239 -5.73694 0
      vertex -23.3952 -11.9496 0
    endloop
  endfacet
  facet normal 0 0 -1
    outer loop
      vertex -12.6239 -5.73694 0
      vertex -23.3952 14.9496 0
      vertex -23.1977 14.9956 0
    endloop
  endfacet
  facet normal 0 0 -1
    outer loop
      vertex -23.7973 -11.8966 0
      vertex -12.6239 -5.73694 0
      vertex -23.5954 -11.9165 0
    endloop
  endfacet
  facet normal 0 0 -1
    outer loop
      vertex -12.6239 -5.73694 0
      vertex -23.5954 14.9165 0
      vertex -23.3952 14.9496 0
    endloop
  endfacet
  facet normal 0 0 -1
    outer loop
      vertex -24 -11.89 0
      vertex -12.6239 -5.73694 0
      vertex -23.7973 -11.8966 0
    endloop
  endfacet
  facet normal 0 0 -1
    outer loop
      vertex -12.6239 -5.73694 0
      vertex -23.7973 14.8966 0
      vertex -23.5954 14.9165 0
    endloop
  endfacet
  facet normal 0 0 -1
    outer loop
      vertex -24 14.89 0
      vertex -12.6239 -5.73694 0
      vertex -24 -11.89 0
    endloop
  endfacet
  facet normal 0 0 -1
    outer loop
      vertex -12.6239 -5.73694 0
      vertex -24 14.89 0
      vertex -23.7973 14.8966 0
    endloop
  endfacet
  facet normal 0 0 -1
    outer loop
      vertex -24.2027 -11.8966 0
      vertex -24 14.89 0
      vertex -24 -11.89 0
    endloop
  endfacet
  facet normal 0 0 -1
    outer loop
      vertex -24.2027 -11.8966 0
      vertex -24.2027 14.8966 0
      vertex -24 14.89 0
    endloop
  endfacet
  facet normal 0 0 -1
    outer loop
      vertex -24.4046 -11.9165 0
      vertex -24.2027 14.8966 0
      vertex -24.2027 -11.8966 0
    endloop
  endfacet
  facet normal 0 0 -1
    outer loop
      vertex -24.4046 -11.9165 0
      vertex -24.4046 14.9165 0
      vertex -24.2027 14.8966 0
    endloop
  endfacet
  facet normal 0 0 -1
    outer loop
      vertex -24.6048 -11.9496 0
      vertex -24.4046 14.9165 0
      vertex -24.4046 -11.9165 0
    endloop
  endfacet
  facet normal 0 0 -1
    outer loop
      vertex -24.6048 -11.9496 0
      vertex -24.6048 14.9496 0
      vertex -24.4046 14.9165 0
    endloop
  endfacet
  facet normal 0 0 -1
    outer loop
      vertex -24.8023 -11.9956 0
      vertex -24.6048 14.9496 0
      vertex -24.6048 -11.9496 0
    endloop
  endfacet
  facet normal 0 0 -1
    outer loop
      vertex -24.8023 -11.9956 0
      vertex -24.8023 14.9956 0
      vertex -24.6048 14.9496 0
    endloop
  endfacet
  facet normal 0 0 -1
    outer loop
      vertex -24.9965 -12.0545 0
      vertex -24.8023 14.9956 0
      vertex -24.8023 -11.9956 0
    endloop
  endfacet
  facet normal 0 0 -1
    outer loop
      vertex -24.9965 -12.0545 0
      vertex -24.9965 15.0545 0
      vertex -24.8023 14.9956 0
    endloop
  endfacet
  facet normal 0 0 -1
    outer loop
      vertex -25.1863 -12.126 0
      vertex -24.9965 15.0545 0
      vertex -24.9965 -12.0545 0
    endloop
  endfacet
  facet normal 0 0 -1
    outer loop
      vertex -25.1863 -12.126 0
      vertex -25.1863 15.126 0
      vertex -24.9965 15.0545 0
    endloop
  endfacet
  facet normal 0 0 -1
    outer loop
      vertex -25.1934 -12.1289 0
      vertex -25.1863 15.126 0
      vertex -25.1863 -12.126 0
    endloop
  endfacet
  facet normal 0 0 -1
    outer loop
      vertex -25.1934 -12.1289 0
      vertex -25.1934 15.1289 0
      vertex -25.1863 15.126 0
    endloop
  endfacet
  facet normal 0 0 -1
    outer loop
      vertex -25.3782 -12.2126 0
      vertex -25.1934 15.1289 0
      vertex -25.1934 -12.1289 0
    endloop
  endfacet
  facet normal 0 0 -1
    outer loop
      vertex -25.3782 -12.2126 0
      vertex -25.3782 15.2126 0
      vertex -25.1934 15.1289 0
    endloop
  endfacet
  facet normal 0 0 -1
    outer loop
      vertex -25.5571 -12.3083 0
      vertex -25.3782 15.2126 0
      vertex -25.3782 -12.2126 0
    endloop
  endfacet
  facet normal 0 0 -1
    outer loop
      vertex -25.5571 -12.3083 0
      vertex -25.5571 15.3083 0
      vertex -25.3782 15.2126 0
    endloop
  endfacet
  facet normal 0 0 -1
    outer loop
      vertex -25.7293 -12.4154 0
      vertex -25.5571 15.3083 0
      vertex -25.5571 -12.3083 0
    endloop
  endfacet
  facet normal 0 0 -1
    outer loop
      vertex -25.7293 -12.4154 0
      vertex -25.7293 15.4154 0
      vertex -25.5571 15.3083 0
    endloop
  endfacet
  facet normal 0 0 -1
    outer loop
      vertex -25.8942 -12.5335 0
      vertex -25.7293 15.4154 0
      vertex -25.7293 -12.4154 0
    endloop
  endfacet
  facet normal 0 0 -1
    outer loop
      vertex -25.8942 -12.5335 0
      vertex -25.8942 15.5335 0
      vertex -25.7293 15.4154 0
    endloop
  endfacet
  facet normal 0 0 -1
    outer loop
      vertex -26.051 -12.6622 0
      vertex -25.8942 15.5335 0
      vertex -25.8942 -12.5335 0
    endloop
  endfacet
  facet normal 0 0 -1
    outer loop
      vertex -26.051 -12.6622 0
      vertex -26.051 15.6622 0
      vertex -25.8942 15.5335 0
    endloop
  endfacet
  facet normal 0 0 -1
    outer loop
      vertex -26.1991 -12.8009 0
      vertex -26.051 15.6622 0
      vertex -26.051 -12.6622 0
    endloop
  endfacet
  facet normal 0 0 -1
    outer loop
      vertex -26.1991 -12.8009 0
      vertex -26.1991 15.8009 0
      vertex -26.051 15.6622 0
    endloop
  endfacet
  facet normal 0 0 -1
    outer loop
      vertex -26.3378 -12.949 0
      vertex -26.1991 15.8009 0
      vertex -26.1991 -12.8009 0
    endloop
  endfacet
  facet normal 0 0 -1
    outer loop
      vertex -26.3378 -12.949 0
      vertex -26.3378 15.949 0
      vertex -26.1991 15.8009 0
    endloop
  endfacet
  facet normal 0 0 -1
    outer loop
      vertex -26.4665 -13.1058 0
      vertex -26.3378 15.949 0
      vertex -26.3378 -12.949 0
    endloop
  endfacet
  facet normal 0 0 -1
    outer loop
      vertex -26.4665 -13.1058 0
      vertex -26.4665 16.1058 0
      vertex -26.3378 15.949 0
    endloop
  endfacet
  facet normal 0 0 -1
    outer loop
      vertex -26.5846 -13.2707 0
      vertex -26.4665 16.1058 0
      vertex -26.4665 -13.1058 0
    endloop
  endfacet
  facet normal 0 0 -1
    outer loop
      vertex -26.5846 -13.2707 0
      vertex -26.5846 16.2707 0
      vertex -26.4665 16.1058 0
    endloop
  endfacet
  facet normal 0 0 -1
    outer loop
      vertex -26.6917 -13.4429 0
      vertex -26.5846 16.2707 0
      vertex -26.5846 -13.2707 0
    endloop
  endfacet
  facet normal 0 0 -1
    outer loop
      vertex -26.6917 -13.4429 0
      vertex -26.6917 16.4429 0
      vertex -26.5846 16.2707 0
    endloop
  endfacet
  facet normal 0 0 -1
    outer loop
      vertex -26.7874 -13.6218 0
      vertex -26.6917 16.4429 0
      vertex -26.6917 -13.4429 0
    endloop
  endfacet
  facet normal 0 0 -1
    outer loop
      vertex -26.7874 -13.6218 0
      vertex -26.7874 16.6218 0
      vertex -26.6917 16.4429 0
    endloop
  endfacet
  facet normal 0 0 -1
    outer loop
      vertex -26.8711 -13.8066 0
      vertex -26.7874 16.6218 0
      vertex -26.7874 -13.6218 0
    endloop
  endfacet
  facet normal 0 0 -1
    outer loop
      vertex -26.8711 -13.8066 0
      vertex -26.8711 16.8066 0
      vertex -26.7874 16.6218 0
    endloop
  endfacet
  facet normal 0 0 -1
    outer loop
      vertex -26.874 -13.8137 0
      vertex -26.8711 16.8066 0
      vertex -26.8711 -13.8066 0
    endloop
  endfacet
  facet normal 0 0 -1
    outer loop
      vertex -26.874 -13.8137 0
      vertex -26.874 16.8137 0
      vertex -26.8711 16.8066 0
    endloop
  endfacet
  facet normal 0 0 -1
    outer loop
      vertex -26.9455 -14.0035 0
      vertex -26.874 16.8137 0
      vertex -26.874 -13.8137 0
    endloop
  endfacet
  facet normal 0 0 -1
    outer loop
      vertex -26.9455 -14.0035 0
      vertex -26.9455 17.0035 0
      vertex -26.874 16.8137 0
    endloop
  endfacet
  facet normal 0 0 -1
    outer loop
      vertex -27.0044 -14.1977 0
      vertex -26.9455 17.0035 0
      vertex -26.9455 -14.0035 0
    endloop
  endfacet
  facet normal 0 0 -1
    outer loop
      vertex -27.0044 -14.1977 0
      vertex -27.0044 17.1977 0
      vertex -26.9455 17.0035 0
    endloop
  endfacet
  facet normal 0 0 -1
    outer loop
      vertex -27.0504 -14.3952 0
      vertex -27.0044 17.1977 0
      vertex -27.0044 -14.1977 0
    endloop
  endfacet
  facet normal 0 0 -1
    outer loop
      vertex -27.0504 -14.3952 0
      vertex -27.0504 17.3952 0
      vertex -27.0044 17.1977 0
    endloop
  endfacet
  facet normal 0 0 -1
    outer loop
      vertex -27.0835 -14.5954 0
      vertex -27.0504 17.3952 0
      vertex -27.0504 -14.3952 0
    endloop
  endfacet
  facet normal 0 0 -1
    outer loop
      vertex -27.0835 -14.5954 0
      vertex -27.0835 17.5954 0
      vertex -27.0504 17.3952 0
    endloop
  endfacet
  facet normal 0 0 -1
    outer loop
      vertex -27.1034 -14.7973 0
      vertex -27.0835 17.5954 0
      vertex -27.0835 -14.5954 0
    endloop
  endfacet
  facet normal 0 0 -1
    outer loop
      vertex -27.1034 -14.7973 0
      vertex -27.1034 17.7973 0
      vertex -27.0835 17.5954 0
    endloop
  endfacet
  facet normal 0 0 -1
    outer loop
      vertex -27.11 -15 0
      vertex -27.1034 17.7973 0
      vertex -27.1034 -14.7973 0
    endloop
  endfacet
  facet normal -0 0 -1
    outer loop
      vertex -27.1034 17.7973 0
      vertex -27.11 -15 0
      vertex -27.11 18 0
    endloop
  endfacet
  facet normal 0 0 -1
    outer loop
      vertex 33.9891 -15.9818 0
      vertex 17.6132 -17.0396 0
      vertex 17.6313 -16.2996 0
    endloop
  endfacet
  facet normal 0 0 -1
    outer loop
      vertex 19.4543 -40.5869 0
      vertex 17.5586 -17.7538 0
      vertex 17.6132 -17.0396 0
    endloop
  endfacet
  facet normal 0 0 -1
    outer loop
      vertex 19.4543 -40.5869 0
      vertex 17.4677 -18.4422 0
      vertex 17.5586 -17.7538 0
    endloop
  endfacet
  facet normal 0 0 -1
    outer loop
      vertex 19.4543 -40.5869 0
      vertex 17.3403 -19.1048 0
      vertex 17.4677 -18.4422 0
    endloop
  endfacet
  facet normal 0 0 -1
    outer loop
      vertex 19.4543 -40.5869 0
      vertex 17.1766 -19.7416 0
      vertex 17.3403 -19.1048 0
    endloop
  endfacet
  facet normal 0 0 -1
    outer loop
      vertex 19.4543 -40.5869 0
      vertex 16.9766 -20.3527 0
      vertex 17.1766 -19.7416 0
    endloop
  endfacet
  facet normal 0 0 -1
    outer loop
      vertex 19.4543 -40.5869 0
      vertex 16.7401 -20.9379 0
      vertex 16.9766 -20.3527 0
    endloop
  endfacet
  facet normal 0 0 -1
    outer loop
      vertex 19.4543 -40.5869 0
      vertex 16.4673 -21.4974 0
      vertex 16.7401 -20.9379 0
    endloop
  endfacet
  facet normal 0 0 -1
    outer loop
      vertex 11.8185 -25.5948 0
      vertex 17.9395 -41.0619 0
      vertex 16.3569 -41.4639 0
    endloop
  endfacet
  facet normal 0 0 -1
    outer loop
      vertex 19.4543 -40.5869 0
      vertex 16.1581 -22.0311 0
      vertex 16.4673 -21.4974 0
    endloop
  endfacet
  facet normal 0 0 -1
    outer loop
      vertex 19.4543 -40.5869 0
      vertex 15.8125 -22.539 0
      vertex 16.1581 -22.0311 0
    endloop
  endfacet
  facet normal 0 0 -1
    outer loop
      vertex 19.4543 -40.5869 0
      vertex 15.4306 -23.0212 0
      vertex 15.8125 -22.539 0
    endloop
  endfacet
  facet normal 0 0 -1
    outer loop
      vertex 19.4543 -40.5869 0
      vertex 15.0122 -23.4775 0
      vertex 15.4306 -23.0212 0
    endloop
  endfacet
  facet normal 0 0 -1
    outer loop
      vertex 11.1807 -25.8357 0
      vertex 16.3569 -41.4639 0
      vertex 14.7065 -41.7928 0
    endloop
  endfacet
  facet normal 0 0 -1
    outer loop
      vertex 19.4543 -40.5869 0
      vertex 14.5575 -23.9081 0
      vertex 15.0122 -23.4775 0
    endloop
  endfacet
  facet normal 0 0 -1
    outer loop
      vertex 19.4543 -40.5869 0
      vertex 14.0697 -24.3096 0
      vertex 14.5575 -23.9081 0
    endloop
  endfacet
  facet normal 0 0 -1
    outer loop
      vertex 19.4543 -40.5869 0
      vertex 13.552 -24.6791 0
      vertex 14.0697 -24.3096 0
    endloop
  endfacet
  facet normal 0 0 -1
    outer loop
      vertex 19.4543 -40.5869 0
      vertex 13.0042 -25.0165 0
      vertex 13.552 -24.6791 0
    endloop
  endfacet
  facet normal 0 0 -1
    outer loop
      vertex 10.5128 -26.0446 0
      vertex 14.7065 -41.7928 0
      vertex 12.9883 -42.0486 0
    endloop
  endfacet
  facet normal 0 0 -1
    outer loop
      vertex 19.4543 -40.5869 0
      vertex 12.4263 -25.3217 0
      vertex 13.0042 -25.0165 0
    endloop
  endfacet
  facet normal 0 0 -1
    outer loop
      vertex 17.9395 -41.0619 0
      vertex 11.8185 -25.5948 0
      vertex 12.4263 -25.3217 0
    endloop
  endfacet
  facet normal 0 0 -1
    outer loop
      vertex 9.81497 -26.2213 0
      vertex 12.9883 -42.0486 0
      vertex 11.2023 -42.2313 0
    endloop
  endfacet
  facet normal 0 0 -1
    outer loop
      vertex 16.3569 -41.4639 0
      vertex 11.1807 -25.8357 0
      vertex 11.8185 -25.5948 0
    endloop
  endfacet
  facet normal 0 0 -1
    outer loop
      vertex 14.7065 -41.7928 0
      vertex 10.5128 -26.0446 0
      vertex 11.1807 -25.8357 0
    endloop
  endfacet
  facet normal 0 0 -1
    outer loop
      vertex 12.9883 -42.0486 0
      vertex 9.81497 -26.2213 0
      vertex 10.5128 -26.0446 0
    endloop
  endfacet
  facet normal 0 0 -1
    outer loop
      vertex 9.08708 -26.3658 0
      vertex 11.2023 -42.2313 0
      vertex 9.34846 -42.3409 0
    endloop
  endfacet
  facet normal 0 0 -1
    outer loop
      vertex 11.2023 -42.2313 0
      vertex 9.08708 -26.3658 0
      vertex 9.81497 -26.2213 0
    endloop
  endfacet
  facet normal 0 0 -1
    outer loop
      vertex 9.34846 -42.3409 0
      vertex 8.32919 -26.4783 0
      vertex 9.08708 -26.3658 0
    endloop
  endfacet
  facet normal 0 0 -1
    outer loop
      vertex 9.34846 -42.3409 0
      vertex 7.54129 -26.5586 0
      vertex 8.32919 -26.4783 0
    endloop
  endfacet
  facet normal 0 0 -1
    outer loop
      vertex 7.42686 -42.3775 0
      vertex 7.54129 -26.5586 0
      vertex 9.34846 -42.3409 0
    endloop
  endfacet
  facet normal 0 0 -1
    outer loop
      vertex 7.42686 -42.3775 0
      vertex 6.72336 -26.6068 0
      vertex 7.54129 -26.5586 0
    endloop
  endfacet
  facet normal 0 0 -1
    outer loop
      vertex 7.42686 -42.3775 0
      vertex 5.87543 -26.6228 0
      vertex 6.72336 -26.6068 0
    endloop
  endfacet
  facet normal 0 0 -1
    outer loop
      vertex 7.42686 -42.3775 0
      vertex -12.6239 -26.6228 0
      vertex 5.87543 -26.6228 0
    endloop
  endfacet
  facet normal 0 0 -1
    outer loop
      vertex -20.8966 -15.2027 0
      vertex -12.6239 -5.73694 0
      vertex -12.6239 -26.6228 0
    endloop
  endfacet
  facet normal 0 0 -1
    outer loop
      vertex -20.8966 -14.7973 0
      vertex -12.6239 -5.73694 0
      vertex -20.89 -15 0
    endloop
  endfacet
  facet normal 0 0 -1
    outer loop
      vertex -12.6239 -5.73694 0
      vertex -20.89 18 0
      vertex -12.6239 10.0168 0
    endloop
  endfacet
  facet normal 0 0 -1
    outer loop
      vertex -12.6239 -5.73694 0
      vertex -20.8966 -15.2027 0
      vertex -20.89 -15 0
    endloop
  endfacet
  facet normal 0 0 -1
    outer loop
      vertex -12.6239 -26.6228 0
      vertex -20.9165 -15.4046 0
      vertex -20.8966 -15.2027 0
    endloop
  endfacet
  facet normal 0 0 -1
    outer loop
      vertex -12.6239 -26.6228 0
      vertex -20.9496 -15.6048 0
      vertex -20.9165 -15.4046 0
    endloop
  endfacet
  facet normal 0 0 -1
    outer loop
      vertex -12.6239 -26.6228 0
      vertex -20.9956 -15.8023 0
      vertex -20.9496 -15.6048 0
    endloop
  endfacet
  facet normal 0 0 -1
    outer loop
      vertex -12.6239 -26.6228 0
      vertex -21.0545 -15.9965 0
      vertex -20.9956 -15.8023 0
    endloop
  endfacet
  facet normal 0 0 -1
    outer loop
      vertex -12.6239 -26.6228 0
      vertex -21.126 -16.1863 0
      vertex -21.0545 -15.9965 0
    endloop
  endfacet
  facet normal 0 0 -1
    outer loop
      vertex -12.6239 -26.6228 0
      vertex -21.1289 -16.1934 0
      vertex -21.126 -16.1863 0
    endloop
  endfacet
  facet normal 0 0 -1
    outer loop
      vertex -12.6239 -26.6228 0
      vertex -21.2126 -16.3782 0
      vertex -21.1289 -16.1934 0
    endloop
  endfacet
  facet normal 0 0 -1
    outer loop
      vertex -12.6239 -26.6228 0
      vertex -21.3083 -16.5571 0
      vertex -21.2126 -16.3782 0
    endloop
  endfacet
  facet normal 0 0 -1
    outer loop
      vertex -12.6239 -26.6228 0
      vertex -21.4154 -16.7293 0
      vertex -21.3083 -16.5571 0
    endloop
  endfacet
  facet normal 0 0 -1
    outer loop
      vertex -12.6239 -26.6228 0
      vertex -21.5335 -16.8942 0
      vertex -21.4154 -16.7293 0
    endloop
  endfacet
  facet normal 0 0 -1
    outer loop
      vertex -12.6239 -26.6228 0
      vertex -21.6622 -17.051 0
      vertex -21.5335 -16.8942 0
    endloop
  endfacet
  facet normal 0 0 -1
    outer loop
      vertex -12.6239 -26.6228 0
      vertex -21.8009 -17.1991 0
      vertex -21.6622 -17.051 0
    endloop
  endfacet
  facet normal 0 0 -1
    outer loop
      vertex -12.6239 -26.6228 0
      vertex -21.949 -17.3378 0
      vertex -21.8009 -17.1991 0
    endloop
  endfacet
  facet normal 0 0 -1
    outer loop
      vertex -12.6239 -26.6228 0
      vertex -22.1058 -17.4665 0
      vertex -21.949 -17.3378 0
    endloop
  endfacet
  facet normal 0 0 -1
    outer loop
      vertex -12.6239 -26.6228 0
      vertex -22.2707 -17.5846 0
      vertex -22.1058 -17.4665 0
    endloop
  endfacet
  facet normal 0 0 -1
    outer loop
      vertex -12.6239 -26.6228 0
      vertex -22.4429 -17.6917 0
      vertex -22.2707 -17.5846 0
    endloop
  endfacet
  facet normal 0 0 -1
    outer loop
      vertex -12.6239 -26.6228 0
      vertex -22.6218 -17.7874 0
      vertex -22.4429 -17.6917 0
    endloop
  endfacet
  facet normal 0 0 -1
    outer loop
      vertex -12.6239 -26.6228 0
      vertex -22.8066 -17.8711 0
      vertex -22.6218 -17.7874 0
    endloop
  endfacet
  facet normal 0 0 -1
    outer loop
      vertex -12.6239 -26.6228 0
      vertex -22.8137 -17.874 0
      vertex -22.8066 -17.8711 0
    endloop
  endfacet
  facet normal 0 0 -1
    outer loop
      vertex -12.6239 -26.6228 0
      vertex -23.0035 -17.9455 0
      vertex -22.8137 -17.874 0
    endloop
  endfacet
  facet normal 0 0 -1
    outer loop
      vertex -12.6239 -26.6228 0
      vertex -23.1977 -18.0044 0
      vertex -23.0035 -17.9455 0
    endloop
  endfacet
  facet normal 0 0 -1
    outer loop
      vertex -12.6239 -26.6228 0
      vertex -23.3952 -18.0504 0
      vertex -23.1977 -18.0044 0
    endloop
  endfacet
  facet normal 0 0 -1
    outer loop
      vertex -12.6239 -26.6228 0
      vertex -23.5954 -18.0835 0
      vertex -23.3952 -18.0504 0
    endloop
  endfacet
  facet normal 0 0 -1
    outer loop
      vertex -28.9752 -42.3775 0
      vertex -12.6239 -26.6228 0
      vertex 7.42686 -42.3775 0
    endloop
  endfacet
  facet normal 0 -0 -1
    outer loop
      vertex -24 -18.11 0
      vertex -12.6239 -26.6228 0
      vertex -28.9752 -42.3775 0
    endloop
  endfacet
  facet normal 0 0 -1
    outer loop
      vertex -12.6239 -26.6228 0
      vertex -23.7973 -18.1034 0
      vertex -23.5954 -18.0835 0
    endloop
  endfacet
  facet normal 0 0 -1
    outer loop
      vertex -12.6239 -26.6228 0
      vertex -24 -18.11 0
      vertex -23.7973 -18.1034 0
    endloop
  endfacet
  facet normal -0 0 -1
    outer loop
      vertex -24 -18.11 0
      vertex -28.9752 -42.3775 0
      vertex -24.2027 -18.1034 0
    endloop
  endfacet
  facet normal -0 0 -1
    outer loop
      vertex -24.2027 -18.1034 0
      vertex -28.9752 -42.3775 0
      vertex -24.4046 -18.0835 0
    endloop
  endfacet
  facet normal -0 0 -1
    outer loop
      vertex -24.4046 -18.0835 0
      vertex -28.9752 -42.3775 0
      vertex -24.6048 -18.0504 0
    endloop
  endfacet
  facet normal -0 0 -1
    outer loop
      vertex -24.6048 -18.0504 0
      vertex -28.9752 -42.3775 0
      vertex -24.8023 -18.0044 0
    endloop
  endfacet
  facet normal -0 0 -1
    outer loop
      vertex -24.8023 -18.0044 0
      vertex -28.9752 -42.3775 0
      vertex -24.9965 -17.9455 0
    endloop
  endfacet
  facet normal -0 0 -1
    outer loop
      vertex -24.9965 -17.9455 0
      vertex -28.9752 -42.3775 0
      vertex -25.1863 -17.874 0
    endloop
  endfacet
  facet normal -0 0 -1
    outer loop
      vertex -25.1863 -17.874 0
      vertex -28.9752 -42.3775 0
      vertex -25.1934 -17.8711 0
    endloop
  endfacet
  facet normal -0 0 -1
    outer loop
      vertex -25.1934 -17.8711 0
      vertex -28.9752 -42.3775 0
      vertex -25.3782 -17.7874 0
    endloop
  endfacet
  facet normal -0 0 -1
    outer loop
      vertex -25.3782 -17.7874 0
      vertex -28.9752 -42.3775 0
      vertex -25.5571 -17.6917 0
    endloop
  endfacet
  facet normal -0 0 -1
    outer loop
      vertex -25.5571 -17.6917 0
      vertex -28.9752 -42.3775 0
      vertex -25.7293 -17.5846 0
    endloop
  endfacet
  facet normal -0 0 -1
    outer loop
      vertex -27.11 -15 0
      vertex -28.9752 -42.3775 0
      vertex -27.11 18 0
    endloop
  endfacet
  facet normal -0 0 -1
    outer loop
      vertex -27.1034 -15.2027 0
      vertex -28.9752 -42.3775 0
      vertex -27.11 -15 0
    endloop
  endfacet
  facet normal -0 0 -1
    outer loop
      vertex -27.0835 -15.4046 0
      vertex -28.9752 -42.3775 0
      vertex -27.1034 -15.2027 0
    endloop
  endfacet
  facet normal -0 0 -1
    outer loop
      vertex -27.0504 -15.6048 0
      vertex -28.9752 -42.3775 0
      vertex -27.0835 -15.4046 0
    endloop
  endfacet
  facet normal -0 0 -1
    outer loop
      vertex -27.0044 -15.8023 0
      vertex -28.9752 -42.3775 0
      vertex -27.0504 -15.6048 0
    endloop
  endfacet
  facet normal -0 0 -1
    outer loop
      vertex -26.9455 -15.9965 0
      vertex -28.9752 -42.3775 0
      vertex -27.0044 -15.8023 0
    endloop
  endfacet
  facet normal -0 0 -1
    outer loop
      vertex -26.874 -16.1863 0
      vertex -28.9752 -42.3775 0
      vertex -26.9455 -15.9965 0
    endloop
  endfacet
  facet normal -0 0 -1
    outer loop
      vertex -26.8711 -16.1934 0
      vertex -28.9752 -42.3775 0
      vertex -26.874 -16.1863 0
    endloop
  endfacet
  facet normal -0 0 -1
    outer loop
      vertex -26.7874 -16.3782 0
      vertex -28.9752 -42.3775 0
      vertex -26.8711 -16.1934 0
    endloop
  endfacet
  facet normal -0 0 -1
    outer loop
      vertex -26.6917 -16.5571 0
      vertex -28.9752 -42.3775 0
      vertex -26.7874 -16.3782 0
    endloop
  endfacet
  facet normal -0 0 -1
    outer loop
      vertex -26.5846 -16.7293 0
      vertex -28.9752 -42.3775 0
      vertex -26.6917 -16.5571 0
    endloop
  endfacet
  facet normal -0 0 -1
    outer loop
      vertex -26.4665 -16.8942 0
      vertex -28.9752 -42.3775 0
      vertex -26.5846 -16.7293 0
    endloop
  endfacet
  facet normal -0 0 -1
    outer loop
      vertex -26.3378 -17.051 0
      vertex -28.9752 -42.3775 0
      vertex -26.4665 -16.8942 0
    endloop
  endfacet
  facet normal -0 0 -1
    outer loop
      vertex -26.1991 -17.1991 0
      vertex -28.9752 -42.3775 0
      vertex -26.3378 -17.051 0
    endloop
  endfacet
  facet normal -0 0 -1
    outer loop
      vertex -26.051 -17.3378 0
      vertex -28.9752 -42.3775 0
      vertex -26.1991 -17.1991 0
    endloop
  endfacet
  facet normal -0 0 -1
    outer loop
      vertex -25.8942 -17.4665 0
      vertex -28.9752 -42.3775 0
      vertex -26.051 -17.3378 0
    endloop
  endfacet
  facet normal -0 0 -1
    outer loop
      vertex -25.7293 -17.5846 0
      vertex -28.9752 -42.3775 0
      vertex -25.8942 -17.4665 0
    endloop
  endfacet
  facet normal 0 0 -1
    outer loop
      vertex 17.6132 -17.0396 0
      vertex 34.1014 -18.5673 0
      vertex 34.1014 -18.746 0
    endloop
  endfacet
  facet normal 0 0 -1
    outer loop
      vertex 17.6132 -17.0396 0
      vertex 34.1014 -18.746 0
      vertex 34.0601 -20.451 0
    endloop
  endfacet
  facet normal 0 0 -1
    outer loop
      vertex 17.6132 -17.0396 0
      vertex 34.0734 -17.2553 0
      vertex 34.1014 -18.5673 0
    endloop
  endfacet
  facet normal 0 0 -1
    outer loop
      vertex 17.6132 -17.0396 0
      vertex 34.0601 -20.451 0
      vertex 33.9362 -22.0957 0
    endloop
  endfacet
  facet normal 0 0 -1
    outer loop
      vertex 17.6132 -17.0396 0
      vertex 33.9891 -15.9818 0
      vertex 34.0734 -17.2553 0
    endloop
  endfacet
  facet normal 0 0 -1
    outer loop
      vertex 17.6132 -17.0396 0
      vertex 33.9362 -22.0957 0
      vertex 33.7296 -23.6799 0
    endloop
  endfacet
  facet normal -0 0 -1
    outer loop
      vertex 33.9891 -15.9818 0
      vertex 17.6313 -16.2996 0
      vertex 33.8488 -14.7468 0
    endloop
  endfacet
  facet normal 0 0 -1
    outer loop
      vertex 17.6132 -17.0396 0
      vertex 33.7296 -23.6799 0
      vertex 33.4404 -25.2038 0
    endloop
  endfacet
  facet normal 0 0 -1
    outer loop
      vertex 17.6313 -16.1201 0
      vertex 33.8488 -14.7468 0
      vertex 17.6313 -16.2996 0
    endloop
  endfacet
  facet normal 0 0 -1
    outer loop
      vertex 17.6132 -15.3714 0
      vertex 33.8488 -14.7468 0
      vertex 17.6313 -16.1201 0
    endloop
  endfacet
  facet normal 0 0 -1
    outer loop
      vertex 17.6132 -17.0396 0
      vertex 33.4404 -25.2038 0
      vertex 33.0686 -26.6673 0
    endloop
  endfacet
  facet normal -0 0 -1
    outer loop
      vertex 33.8488 -14.7468 0
      vertex 17.6132 -15.3714 0
      vertex 33.6523 -13.5503 0
    endloop
  endfacet
  facet normal 0 0 -1
    outer loop
      vertex 17.6132 -17.0396 0
      vertex 33.0686 -26.6673 0
      vertex 32.6142 -28.0704 0
    endloop
  endfacet
  facet normal -0 0 -1
    outer loop
      vertex 33.6523 -13.5503 0
      vertex 17.6132 -15.3714 0
      vertex 33.3996 -12.3923 0
    endloop
  endfacet
  facet normal 0 0 -1
    outer loop
      vertex 17.6132 -17.0396 0
      vertex 32.6142 -28.0704 0
      vertex 32.0771 -29.4132 0
    endloop
  endfacet
  facet normal 0 0 -1
    outer loop
      vertex 17.5586 -14.6491 0
      vertex 33.3996 -12.3923 0
      vertex 17.6132 -15.3714 0
    endloop
  endfacet
  facet normal 0 0 -1
    outer loop
      vertex 17.6132 -17.0396 0
      vertex 32.0771 -29.4132 0
      vertex 31.4574 -30.6956 0
    endloop
  endfacet
  facet normal -0 0 -1
    outer loop
      vertex 33.3996 -12.3923 0
      vertex 17.5586 -14.6491 0
      vertex 33.0909 -11.2728 0
    endloop
  endfacet
  facet normal 0 0 -1
    outer loop
      vertex 17.6132 -17.0396 0
      vertex 31.4574 -30.6956 0
      vertex 30.7551 -31.9175 0
    endloop
  endfacet
  facet normal -0 0 -1
    outer loop
      vertex 33.0909 -11.2728 0
      vertex 17.5586 -14.6491 0
      vertex 32.7259 -10.1917 0
    endloop
  endfacet
  facet normal 0 0 -1
    outer loop
      vertex 17.4677 -13.9534 0
      vertex 32.7259 -10.1917 0
      vertex 17.5586 -14.6491 0
    endloop
  endfacet
  facet normal 0 0 -1
    outer loop
      vertex 17.6132 -17.0396 0
      vertex 30.7551 -31.9175 0
      vertex 29.9701 -33.0791 0
    endloop
  endfacet
  facet normal -0 0 -1
    outer loop
      vertex 32.7259 -10.1917 0
      vertex 17.4677 -13.9534 0
      vertex 32.3049 -9.14914 0
    endloop
  endfacet
  facet normal 0 0 -1
    outer loop
      vertex 17.6132 -17.0396 0
      vertex 29.9701 -33.0791 0
      vertex 29.1025 -34.1804 0
    endloop
  endfacet
  facet normal 0 0 -1
    outer loop
      vertex 17.3403 -13.2841 0
      vertex 32.3049 -9.14914 0
      vertex 17.4677 -13.9534 0
    endloop
  endfacet
  facet normal 0 0 -1
    outer loop
      vertex 17.6132 -17.0396 0
      vertex 29.1025 -34.1804 0
      vertex 28.1523 -35.2212 0
    endloop
  endfacet
  facet normal -0 0 -1
    outer loop
      vertex 32.3049 -9.14914 0
      vertex 17.3403 -13.2841 0
      vertex 31.8276 -8.14508 0
    endloop
  endfacet
  facet normal 0 0 -1
    outer loop
      vertex 17.6132 -17.0396 0
      vertex 28.1523 -35.2212 0
      vertex 27.1195 -36.2016 0
    endloop
  endfacet
  facet normal -0 0 -1
    outer loop
      vertex 31.8276 -8.14508 0
      vertex 17.3403 -13.2841 0
      vertex 31.2943 -7.1795 0
    endloop
  endfacet
  facet normal 0 0 -1
    outer loop
      vertex 17.1766 -12.6414 0
      vertex 31.2943 -7.1795 0
      vertex 17.3403 -13.2841 0
    endloop
  endfacet
  facet normal 0 0 -1
    outer loop
      vertex 17.6132 -17.0396 0
      vertex 27.1195 -36.2016 0
      vertex 26.0115 -37.1152 0
    endloop
  endfacet
  facet normal -0 0 -1
    outer loop
      vertex 31.2943 -7.1795 0
      vertex 17.1766 -12.6414 0
      vertex 30.7048 -6.25243 0
    endloop
  endfacet
  facet normal 0 0 -1
    outer loop
      vertex 17.6132 -17.0396 0
      vertex 26.0115 -37.1152 0
      vertex 24.8356 -37.9557 0
    endloop
  endfacet
  facet normal -0 0 -1
    outer loop
      vertex 30.7048 -6.25243 0
      vertex 17.1766 -12.6414 0
      vertex 30.0591 -5.36383 0
    endloop
  endfacet
  facet normal 0 0 -1
    outer loop
      vertex 17.6132 -17.0396 0
      vertex 24.8356 -37.9557 0
      vertex 23.592 -38.7231 0
    endloop
  endfacet
  facet normal 0 0 -1
    outer loop
      vertex 16.9766 -12.0251 0
      vertex 30.0591 -5.36383 0
      vertex 17.1766 -12.6414 0
    endloop
  endfacet
  facet normal 0 0 -1
    outer loop
      vertex 17.6132 -17.0396 0
      vertex 23.592 -38.7231 0
      vertex 22.2806 -39.4175 0
    endloop
  endfacet
  facet normal -0 0 -1
    outer loop
      vertex 30.0591 -5.36383 0
      vertex 16.9766 -12.0251 0
      vertex 29.3573 -4.51373 0
    endloop
  endfacet
  facet normal -0 0 -1
    outer loop
      vertex 29.3573 -4.51373 0
      vertex 16.9766 -12.0251 0
      vertex 28.6044 -3.70778 0
    endloop
  endfacet
  facet normal 0 0 -1
    outer loop
      vertex 17.6132 -17.0396 0
      vertex 22.2806 -39.4175 0
      vertex 20.9014 -40.0387 0
    endloop
  endfacet
  facet normal 0 0 -1
    outer loop
      vertex 16.7401 -11.4353 0
      vertex 28.6044 -3.70778 0
      vertex 16.9766 -12.0251 0
    endloop
  endfacet
  facet normal 0 0 -1
    outer loop
      vertex 17.6132 -17.0396 0
      vertex 20.9014 -40.0387 0
      vertex 19.4543 -40.5869 0
    endloop
  endfacet
  facet normal -0 0 -1
    outer loop
      vertex 28.6044 -3.70778 0
      vertex 16.7401 -11.4353 0
      vertex 27.8051 -2.9516 0
    endloop
  endfacet
  facet normal 0 0 -1
    outer loop
      vertex 12.4263 -25.3217 0
      vertex 19.4543 -40.5869 0
      vertex 17.9395 -41.0619 0
    endloop
  endfacet
  facet normal 0 0 -1
    outer loop
      vertex 16.4673 -10.872 0
      vertex 27.8051 -2.9516 0
      vertex 16.7401 -11.4353 0
    endloop
  endfacet
  facet normal -0 0 -1
    outer loop
      vertex 27.8051 -2.9516 0
      vertex 16.4673 -10.872 0
      vertex 26.9596 -2.24522 0
    endloop
  endfacet
  facet normal -0 0 -1
    outer loop
      vertex 26.9596 -2.24522 0
      vertex 16.4673 -10.872 0
      vertex 26.0678 -1.58864 0
    endloop
  endfacet
  facet normal 0 0 -1
    outer loop
      vertex 16.1581 -10.3351 0
      vertex 26.0678 -1.58864 0
      vertex 16.4673 -10.872 0
    endloop
  endfacet
  facet normal -0 0 -1
    outer loop
      vertex 26.0678 -1.58864 0
      vertex 16.1581 -10.3351 0
      vertex 25.1298 -0.981827 0
    endloop
  endfacet
  facet normal -0 0 -1
    outer loop
      vertex 25.1298 -0.981827 0
      vertex 16.1581 -10.3351 0
      vertex 24.1455 -0.42482 0
    endloop
  endfacet
  facet normal 0 0 -1
    outer loop
      vertex 15.8125 -9.82477 0
      vertex 24.1455 -0.42482 0
      vertex 16.1581 -10.3351 0
    endloop
  endfacet
  facet normal -0 0 -1
    outer loop
      vertex 24.1455 -0.42482 0
      vertex 15.8125 -9.82477 0
      vertex 23.115 0.0823822 0
    endloop
  endfacet
  facet normal 0 0 -1
    outer loop
      vertex 15.4306 -9.3409 0
      vertex 23.115 0.0823822 0
      vertex 15.8125 -9.82477 0
    endloop
  endfacet
  facet normal -0 0 -1
    outer loop
      vertex 23.115 0.0823822 0
      vertex 15.4306 -9.3409 0
      vertex 22.0382 0.53981 0
    endloop
  endfacet
  facet normal 0 0 -1
    outer loop
      vertex 15.0122 -8.88351 0
      vertex 22.0382 0.53981 0
      vertex 15.4306 -9.3409 0
    endloop
  endfacet
  facet normal -0 0 -1
    outer loop
      vertex 22.0382 0.53981 0
      vertex 15.0122 -8.88351 0
      vertex 20.9151 0.947449 0
    endloop
  endfacet
  facet normal 0 0 -1
    outer loop
      vertex 14.5575 -8.45261 0
      vertex 20.9151 0.947449 0
      vertex 15.0122 -8.88351 0
    endloop
  endfacet
  facet normal -0 0 -1
    outer loop
      vertex 20.9151 0.947449 0
      vertex 14.5575 -8.45261 0
      vertex 19.7458 1.3053 0
    endloop
  endfacet
  facet normal 0 0 -1
    outer loop
      vertex 14.0697 -8.05089 0
      vertex 19.7458 1.3053 0
      vertex 14.5575 -8.45261 0
    endloop
  endfacet
  facet normal 0 0 -1
    outer loop
      vertex 15.9602 2.08009 0
      vertex 15.6926 15.3966 0
      vertex 15.906 15.9521 0
    endloop
  endfacet
  facet normal 0 0 -1
    outer loop
      vertex 15.9602 2.08009 0
      vertex 15.4463 14.8658 0
      vertex 15.6926 15.3966 0
    endloop
  endfacet
  facet normal -0 0 -1
    outer loop
      vertex 19.7458 1.3053 0
      vertex 14.0697 -8.05089 0
      vertex 18.5302 1.61334 0
    endloop
  endfacet
  facet normal 0 0 -1
    outer loop
      vertex 15.9602 2.08009 0
      vertex 15.1672 14.3598 0
      vertex 15.4463 14.8658 0
    endloop
  endfacet
  facet normal 0 0 -1
    outer loop
      vertex 13.552 -7.68129 0
      vertex 18.5302 1.61334 0
      vertex 14.0697 -8.05089 0
    endloop
  endfacet
  facet normal 0 0 -1
    outer loop
      vertex 15.9602 2.08009 0
      vertex 14.8552 13.8785 0
      vertex 15.1672 14.3598 0
    endloop
  endfacet
  facet normal -0 0 -1
    outer loop
      vertex 18.5302 1.61334 0
      vertex 13.552 -7.68129 0
      vertex 17.2683 1.87161 0
    endloop
  endfacet
  facet normal 0 0 -1
    outer loop
      vertex 15.9602 2.08009 0
      vertex 14.5105 13.4219 0
      vertex 14.8552 13.8785 0
    endloop
  endfacet
  facet normal 0 0 -1
    outer loop
      vertex 15.9602 2.08009 0
      vertex 14.1328 12.99 0
      vertex 14.5105 13.4219 0
    endloop
  endfacet
  facet normal 0 0 -1
    outer loop
      vertex 13.0042 -7.34384 0
      vertex 17.2683 1.87161 0
      vertex 13.552 -7.68129 0
    endloop
  endfacet
  facet normal 0 0 -1
    outer loop
      vertex 15.9602 2.08009 0
      vertex 13.7224 12.5829 0
      vertex 14.1328 12.99 0
    endloop
  endfacet
  facet normal -0 0 -1
    outer loop
      vertex 17.2683 1.87161 0
      vertex 13.0042 -7.34384 0
      vertex 15.9602 2.08009 0
    endloop
  endfacet
  facet normal 0 0 -1
    outer loop
      vertex 15.9602 2.08009 0
      vertex 13.2819 12.2033 0
      vertex 13.7224 12.5829 0
    endloop
  endfacet
  facet normal 0 0 -1
    outer loop
      vertex 12.4263 -7.03853 0
      vertex 15.9602 2.08009 0
      vertex 13.0042 -7.34384 0
    endloop
  endfacet
  facet normal 0 0 -1
    outer loop
      vertex 15.9602 2.08009 0
      vertex 12.8143 11.8541 0
      vertex 13.2819 12.2033 0
    endloop
  endfacet
  facet normal 0 0 -1
    outer loop
      vertex 11.8185 -6.76535 0
      vertex 15.9602 2.08009 0
      vertex 12.4263 -7.03853 0
    endloop
  endfacet
  facet normal 0 0 -1
    outer loop
      vertex 15.9602 2.08009 0
      vertex 12.3194 11.5352 0
      vertex 12.8143 11.8541 0
    endloop
  endfacet
  facet normal 0 0 -1
    outer loop
      vertex 11.1807 -6.52432 0
      vertex 15.9602 2.08009 0
      vertex 11.8185 -6.76535 0
    endloop
  endfacet
  facet normal 0 0 -1
    outer loop
      vertex 15.9602 2.08009 0
      vertex 11.7974 11.2467 0
      vertex 12.3194 11.5352 0
    endloop
  endfacet
  facet normal 0 0 -1
    outer loop
      vertex 15.9602 2.08009 0
      vertex 11.2482 10.9886 0
      vertex 11.7974 11.2467 0
    endloop
  endfacet
  facet normal 0 0 -1
    outer loop
      vertex 10.5128 -6.31541 0
      vertex 15.9602 2.08009 0
      vertex 11.1807 -6.52432 0
    endloop
  endfacet
  facet normal 0 0 -1
    outer loop
      vertex 15.9602 2.08009 0
      vertex 10.6717 10.7608 0
      vertex 11.2482 10.9886 0
    endloop
  endfacet
  facet normal 0 0 -1
    outer loop
      vertex 9.81497 -6.13866 0
      vertex 15.9602 2.08009 0
      vertex 10.5128 -6.31541 0
    endloop
  endfacet
  facet normal 0 0 -1
    outer loop
      vertex 15.9602 2.08009 0
      vertex 10.0681 10.5634 0
      vertex 10.6717 10.7608 0
    endloop
  endfacet
  facet normal 0 0 -1
    outer loop
      vertex 9.08708 -5.99403 0
      vertex 15.9602 2.08009 0
      vertex 9.81497 -6.13866 0
    endloop
  endfacet
  facet normal 0 0 -1
    outer loop
      vertex 15.9602 2.08009 0
      vertex 9.43732 10.3964 0
      vertex 10.0681 10.5634 0
    endloop
  endfacet
  facet normal 0 0 -1
    outer loop
      vertex 3.09336 0.202749 0
      vertex 15.9602 2.08009 0
      vertex 9.08708 -5.99403 0
    endloop
  endfacet
  facet normal 0 0 -1
    outer loop
      vertex 2.99437 0.802339 0
      vertex 15.9602 2.08009 0
      vertex 3.04043 0.604779 0
    endloop
  endfacet
  facet normal 0 0 -1
    outer loop
      vertex 3.09336 0.202749 0
      vertex 9.08708 -5.99403 0
      vertex 8.32919 -5.88156 0
    endloop
  endfacet
  facet normal 0 0 -1
    outer loop
      vertex 15.9602 2.08009 0
      vertex 8.77933 10.2598 0
      vertex 9.43732 10.3964 0
    endloop
  endfacet
  facet normal 0 0 -1
    outer loop
      vertex 3.09336 -0.202749 0
      vertex 8.32919 -5.88156 0
      vertex 7.54129 -5.80121 0
    endloop
  endfacet
  facet normal 0 0 -1
    outer loop
      vertex 2.93548 0.996462 0
      vertex 15.9602 2.08009 0
      vertex 2.99437 0.802339 0
    endloop
  endfacet
  facet normal 0 0 -1
    outer loop
      vertex 3.04043 -0.604779 0
      vertex 7.54129 -5.80121 0
      vertex 6.72336 -5.75301 0
    endloop
  endfacet
  facet normal 0 0 -1
    outer loop
      vertex 15.9602 2.08009 0
      vertex 3.07348 0.404631 0
      vertex 3.04043 0.604779 0
    endloop
  endfacet
  facet normal 0 0 -1
    outer loop
      vertex 2.93548 -0.996462 0
      vertex 6.72336 -5.75301 0
      vertex 5.87543 -5.73694 0
    endloop
  endfacet
  facet normal 0 -0 -1
    outer loop
      vertex 8.09413 10.1535 0
      vertex 15.9602 2.08009 0
      vertex 2.93548 0.996462 0
    endloop
  endfacet
  facet normal 0 0 -1
    outer loop
      vertex 8.32919 -5.88156 0
      vertex 3.1 0 0
      vertex 3.09336 0.202749 0
    endloop
  endfacet
  facet normal 0 0 -1
    outer loop
      vertex 8.32919 -5.88156 0
      vertex 3.09336 -0.202749 0
      vertex 3.1 0 0
    endloop
  endfacet
  facet normal 0 0 -1
    outer loop
      vertex 7.54129 -5.80121 0
      vertex 3.07348 -0.404631 0
      vertex 3.09336 -0.202749 0
    endloop
  endfacet
  facet normal 0 0 -1
    outer loop
      vertex 7.54129 -5.80121 0
      vertex 3.04043 -0.604779 0
      vertex 3.07348 -0.404631 0
    endloop
  endfacet
  facet normal 0 0 -1
    outer loop
      vertex 6.72336 -5.75301 0
      vertex 2.99437 -0.802339 0
      vertex 3.04043 -0.604779 0
    endloop
  endfacet
  facet normal 0 0 -1
    outer loop
      vertex 6.72336 -5.75301 0
      vertex 2.93548 -0.996462 0
      vertex 2.99437 -0.802339 0
    endloop
  endfacet
  facet normal 0 0 -1
    outer loop
      vertex 5.87543 -5.73694 0
      vertex 2.86403 -1.18632 0
      vertex 2.93548 -0.996462 0
    endloop
  endfacet
  facet normal 0 0 -1
    outer loop
      vertex 5.87543 -5.73694 0
      vertex 2.7803 -1.37109 0
      vertex 2.86403 -1.18632 0
    endloop
  endfacet
  facet normal 0 0 -1
    outer loop
      vertex 5.87543 -5.73694 0
      vertex 2.68468 -1.55 0
      vertex 2.7803 -1.37109 0
    endloop
  endfacet
  facet normal 0 0 -1
    outer loop
      vertex 5.87543 -5.73694 0
      vertex 2.57756 -1.72227 0
      vertex 2.68468 -1.55 0
    endloop
  endfacet
  facet normal 0 0 -1
    outer loop
      vertex 5.87543 -5.73694 0
      vertex 2.45939 -1.88716 0
      vertex 2.57756 -1.72227 0
    endloop
  endfacet
  facet normal 0 0 -1
    outer loop
      vertex 5.87543 -5.73694 0
      vertex 2.3307 -2.04397 0
      vertex 2.45939 -1.88716 0
    endloop
  endfacet
  facet normal 0 0 -1
    outer loop
      vertex 5.87543 -5.73694 0
      vertex 2.19203 -2.19203 0
      vertex 2.3307 -2.04397 0
    endloop
  endfacet
  facet normal 0 0 -1
    outer loop
      vertex 5.87543 -5.73694 0
      vertex 2.04397 -2.3307 0
      vertex 2.19203 -2.19203 0
    endloop
  endfacet
  facet normal 0 0 -1
    outer loop
      vertex 5.87543 -5.73694 0
      vertex 1.88716 -2.45939 0
      vertex 2.04397 -2.3307 0
    endloop
  endfacet
  facet normal 0 0 -1
    outer loop
      vertex 5.87543 -5.73694 0
      vertex 1.72227 -2.57756 0
      vertex 1.88716 -2.45939 0
    endloop
  endfacet
  facet normal 0 0 -1
    outer loop
      vertex 5.87543 -5.73694 0
      vertex 1.55 -2.68468 0
      vertex 1.72227 -2.57756 0
    endloop
  endfacet
  facet normal 0 0 -1
    outer loop
      vertex 5.87543 -5.73694 0
      vertex 1.37109 -2.7803 0
      vertex 1.55 -2.68468 0
    endloop
  endfacet
  facet normal 0 0 -1
    outer loop
      vertex 5.87543 -5.73694 0
      vertex 1.18632 -2.86403 0
      vertex 1.37109 -2.7803 0
    endloop
  endfacet
  facet normal 0 0 -1
    outer loop
      vertex 5.87543 -5.73694 0
      vertex 0.996462 -2.93548 0
      vertex 1.18632 -2.86403 0
    endloop
  endfacet
  facet normal 0 0 -1
    outer loop
      vertex 5.87543 -5.73694 0
      vertex 0.802339 -2.99437 0
      vertex 0.996462 -2.93548 0
    endloop
  endfacet
  facet normal 0 0 -1
    outer loop
      vertex 5.87543 -5.73694 0
      vertex 0.604779 -3.04043 0
      vertex 0.802339 -2.99437 0
    endloop
  endfacet
  facet normal 0 0 -1
    outer loop
      vertex 5.87543 -5.73694 0
      vertex 0.404631 -3.07348 0
      vertex 0.604779 -3.04043 0
    endloop
  endfacet
  facet normal 0 0 -1
    outer loop
      vertex 5.87543 -5.73694 0
      vertex 0.202749 -3.09336 0
      vertex 0.404631 -3.07348 0
    endloop
  endfacet
  facet normal 0 0 -1
    outer loop
      vertex 5.87543 -5.73694 0
      vertex 0 -3.1 0
      vertex 0.202749 -3.09336 0
    endloop
  endfacet
  facet normal 0 0 -1
    outer loop
      vertex 5.87543 -5.73694 0
      vertex -0.202749 -3.09336 0
      vertex 0 -3.1 0
    endloop
  endfacet
  facet normal 0 0 -1
    outer loop
      vertex 5.87543 -5.73694 0
      vertex -0.404631 -3.07348 0
      vertex -0.202749 -3.09336 0
    endloop
  endfacet
  facet normal 0 0 -1
    outer loop
      vertex 5.87543 -5.73694 0
      vertex -0.604779 -3.04043 0
      vertex -0.404631 -3.07348 0
    endloop
  endfacet
  facet normal 0 0 -1
    outer loop
      vertex -12.6239 -5.73694 0
      vertex -0.604779 -3.04043 0
      vertex 5.87543 -5.73694 0
    endloop
  endfacet
  facet normal -0 0 -1
    outer loop
      vertex -0.604779 -3.04043 0
      vertex -12.6239 -5.73694 0
      vertex -0.802339 -2.99437 0
    endloop
  endfacet
  facet normal -0 0 -1
    outer loop
      vertex -0.802339 -2.99437 0
      vertex -12.6239 -5.73694 0
      vertex -0.996462 -2.93548 0
    endloop
  endfacet
  facet normal -0 0 -1
    outer loop
      vertex -3.09336 -0.202749 0
      vertex -12.6239 -5.73694 0
      vertex -3.1 0 0
    endloop
  endfacet
  facet normal -0 0 -1
    outer loop
      vertex -3.07348 -0.404631 0
      vertex -12.6239 -5.73694 0
      vertex -3.09336 -0.202749 0
    endloop
  endfacet
  facet normal -0 0 -1
    outer loop
      vertex -3.04043 -0.604779 0
      vertex -12.6239 -5.73694 0
      vertex -3.07348 -0.404631 0
    endloop
  endfacet
  facet normal -0 0 -1
    outer loop
      vertex -2.99437 -0.802339 0
      vertex -12.6239 -5.73694 0
      vertex -3.04043 -0.604779 0
    endloop
  endfacet
  facet normal -0 0 -1
    outer loop
      vertex -2.93548 -0.996462 0
      vertex -12.6239 -5.73694 0
      vertex -2.99437 -0.802339 0
    endloop
  endfacet
  facet normal -0 0 -1
    outer loop
      vertex -2.86403 -1.18632 0
      vertex -12.6239 -5.73694 0
      vertex -2.93548 -0.996462 0
    endloop
  endfacet
  facet normal -0 0 -1
    outer loop
      vertex -2.7803 -1.37109 0
      vertex -12.6239 -5.73694 0
      vertex -2.86403 -1.18632 0
    endloop
  endfacet
  facet normal -0 0 -1
    outer loop
      vertex -2.68468 -1.55 0
      vertex -12.6239 -5.73694 0
      vertex -2.7803 -1.37109 0
    endloop
  endfacet
  facet normal -0 0 -1
    outer loop
      vertex -2.57756 -1.72227 0
      vertex -12.6239 -5.73694 0
      vertex -2.68468 -1.55 0
    endloop
  endfacet
  facet normal -0 0 -1
    outer loop
      vertex -2.45939 -1.88716 0
      vertex -12.6239 -5.73694 0
      vertex -2.57756 -1.72227 0
    endloop
  endfacet
  facet normal -0 0 -1
    outer loop
      vertex -2.3307 -2.04397 0
      vertex -12.6239 -5.73694 0
      vertex -2.45939 -1.88716 0
    endloop
  endfacet
  facet normal -0 0 -1
    outer loop
      vertex -2.19203 -2.19203 0
      vertex -12.6239 -5.73694 0
      vertex -2.3307 -2.04397 0
    endloop
  endfacet
  facet normal -0 0 -1
    outer loop
      vertex -2.04397 -2.3307 0
      vertex -12.6239 -5.73694 0
      vertex -2.19203 -2.19203 0
    endloop
  endfacet
  facet normal -0 0 -1
    outer loop
      vertex -1.88716 -2.45939 0
      vertex -12.6239 -5.73694 0
      vertex -2.04397 -2.3307 0
    endloop
  endfacet
  facet normal -0 0 -1
    outer loop
      vertex -1.72227 -2.57756 0
      vertex -12.6239 -5.73694 0
      vertex -1.88716 -2.45939 0
    endloop
  endfacet
  facet normal -0 0 -1
    outer loop
      vertex -1.55 -2.68468 0
      vertex -12.6239 -5.73694 0
      vertex -1.72227 -2.57756 0
    endloop
  endfacet
  facet normal -0 0 -1
    outer loop
      vertex -1.37109 -2.7803 0
      vertex -12.6239 -5.73694 0
      vertex -1.55 -2.68468 0
    endloop
  endfacet
  facet normal -0 0 -1
    outer loop
      vertex -1.18632 -2.86403 0
      vertex -12.6239 -5.73694 0
      vertex -1.37109 -2.7803 0
    endloop
  endfacet
  facet normal -0 0 -1
    outer loop
      vertex -0.996462 -2.93548 0
      vertex -12.6239 -5.73694 0
      vertex -1.18632 -2.86403 0
    endloop
  endfacet
  facet normal 0 0 -1
    outer loop
      vertex 16.4806 20.4444 0
      vertex 32.9671 20.8778 0
      vertex 32.9408 19.7276 0
    endloop
  endfacet
  facet normal 0 0 -1
    outer loop
      vertex 16.497 19.8042 0
      vertex 32.9408 19.7276 0
      vertex 32.8619 18.6087 0
    endloop
  endfacet
  facet normal 0 0 -1
    outer loop
      vertex 16.4314 21.0618 0
      vertex 32.9671 20.8778 0
      vertex 16.4806 20.4444 0
    endloop
  endfacet
  facet normal 0 0 -1
    outer loop
      vertex 16.4806 19.1003 0
      vertex 32.8619 18.6087 0
      vertex 32.7303 17.5214 0
    endloop
  endfacet
  facet normal 0 0 -1
    outer loop
      vertex 32.9671 20.8778 0
      vertex 16.4314 21.0618 0
      vertex 32.926 22.5738 0
    endloop
  endfacet
  facet normal 0 0 -1
    outer loop
      vertex 16.4806 19.1003 0
      vertex 32.7303 17.5214 0
      vertex 32.5462 16.4654 0
    endloop
  endfacet
  facet normal 0 0 -1
    outer loop
      vertex 16.4314 18.4212 0
      vertex 32.5462 16.4654 0
      vertex 32.3094 15.4409 0
    endloop
  endfacet
  facet normal 0 0 -1
    outer loop
      vertex 16.3493 21.6562 0
      vertex 32.926 22.5738 0
      vertex 16.4314 21.0618 0
    endloop
  endfacet
  facet normal 0 0 -1
    outer loop
      vertex 16.4314 18.4212 0
      vertex 32.3094 15.4409 0
      vertex 32.0201 14.4477 0
    endloop
  endfacet
  facet normal -0 0 -1
    outer loop
      vertex 32.926 22.5738 0
      vertex 16.3493 21.6562 0
      vertex 32.8026 24.2097 0
    endloop
  endfacet
  facet normal 0 0 -1
    outer loop
      vertex 16.3493 17.7669 0
      vertex 32.0201 14.4477 0
      vertex 31.6781 13.486 0
    endloop
  endfacet
  facet normal 0 0 -1
    outer loop
      vertex 16.2343 22.2276 0
      vertex 32.8026 24.2097 0
      vertex 16.3493 21.6562 0
    endloop
  endfacet
  facet normal 0 0 -1
    outer loop
      vertex 16.3493 17.7669 0
      vertex 31.6781 13.486 0
      vertex 31.2835 12.5557 0
    endloop
  endfacet
  facet normal -0 0 -1
    outer loop
      vertex 32.8026 24.2097 0
      vertex 16.2343 22.2276 0
      vertex 32.5969 25.7857 0
    endloop
  endfacet
  facet normal 0 0 -1
    outer loop
      vertex 16.2343 17.1372 0
      vertex 31.2835 12.5557 0
      vertex 30.8363 11.6569 0
    endloop
  endfacet
  facet normal 0 0 -1
    outer loop
      vertex 16.2343 17.1372 0
      vertex 30.8363 11.6569 0
      vertex 30.3365 10.7894 0
    endloop
  endfacet
  facet normal 0 0 -1
    outer loop
      vertex 16.0866 22.7761 0
      vertex 32.5969 25.7857 0
      vertex 16.2343 22.2276 0
    endloop
  endfacet
  facet normal 0 0 -1
    outer loop
      vertex 16.0866 16.5323 0
      vertex 30.3365 10.7894 0
      vertex 29.7841 9.9534 0
    endloop
  endfacet
  facet normal -0 0 -1
    outer loop
      vertex 32.5969 25.7857 0
      vertex 16.0866 22.7761 0
      vertex 32.3089 27.3015 0
    endloop
  endfacet
  facet normal 0 0 -1
    outer loop
      vertex 16.0866 16.5323 0
      vertex 29.7841 9.9534 0
      vertex 29.179 9.1488 0
    endloop
  endfacet
  facet normal 0 0 -1
    outer loop
      vertex 15.906 23.3017 0
      vertex 32.3089 27.3015 0
      vertex 16.0866 22.7761 0
    endloop
  endfacet
  facet normal 0 0 -1
    outer loop
      vertex 15.906 15.9521 0
      vertex 29.179 9.1488 0
      vertex 28.5213 8.37561 0
    endloop
  endfacet
  facet normal -0 0 -1
    outer loop
      vertex 31.9387 28.7574 0
      vertex 15.906 23.3017 0
      vertex 31.4862 30.1532 0
    endloop
  endfacet
  facet normal 0 0 -1
    outer loop
      vertex 15.906 15.9521 0
      vertex 28.5213 8.37561 0
      vertex 27.8157 7.63928 0
    endloop
  endfacet
  facet normal 0 0 -1
    outer loop
      vertex 15.906 15.9521 0
      vertex 27.8157 7.63928 0
      vertex 27.0666 6.94495 0
    endloop
  endfacet
  facet normal -0 0 -1
    outer loop
      vertex 32.3089 27.3015 0
      vertex 15.906 23.3017 0
      vertex 31.9387 28.7574 0
    endloop
  endfacet
  facet normal 0 0 -1
    outer loop
      vertex 15.906 15.9521 0
      vertex 27.0666 6.94495 0
      vertex 26.274 6.29263 0
    endloop
  endfacet
  facet normal 0 0 -1
    outer loop
      vertex 15.6926 23.8043 0
      vertex 31.4862 30.1532 0
      vertex 15.906 23.3017 0
    endloop
  endfacet
  facet normal 0 0 -1
    outer loop
      vertex 15.906 15.9521 0
      vertex 26.274 6.29263 0
      vertex 25.4381 5.68233 0
    endloop
  endfacet
  facet normal -0 0 -1
    outer loop
      vertex 31.4862 30.1532 0
      vertex 15.6926 23.8043 0
      vertex 30.9514 31.489 0
    endloop
  endfacet
  facet normal 0 0 -1
    outer loop
      vertex 15.906 15.9521 0
      vertex 25.4381 5.68233 0
      vertex 24.5587 5.11404 0
    endloop
  endfacet
  facet normal 0 0 -1
    outer loop
      vertex 15.4463 24.284 0
      vertex 30.9514 31.489 0
      vertex 15.6926 23.8043 0
    endloop
  endfacet
  facet normal 0 0 -1
    outer loop
      vertex 15.906 15.9521 0
      vertex 24.5587 5.11404 0
      vertex 23.6359 4.58775 0
    endloop
  endfacet
  facet normal 0 0 -1
    outer loop
      vertex 15.906 15.9521 0
      vertex 23.6359 4.58775 0
      vertex 22.6696 4.10349 0
    endloop
  endfacet
  facet normal -0 0 -1
    outer loop
      vertex 30.9514 31.489 0
      vertex 15.4463 24.284 0
      vertex 30.3344 32.7647 0
    endloop
  endfacet
  facet normal 0 0 -1
    outer loop
      vertex 15.906 15.9521 0
      vertex 22.6696 4.10349 0
      vertex 21.66 3.66122 0
    endloop
  endfacet
  facet normal 0 0 -1
    outer loop
      vertex 15.1672 24.7407 0
      vertex 30.3344 32.7647 0
      vertex 15.4463 24.284 0
    endloop
  endfacet
  facet normal 0 0 -1
    outer loop
      vertex 15.906 15.9521 0
      vertex 21.66 3.66122 0
      vertex 20.6069 3.26099 0
    endloop
  endfacet
  facet normal -0 0 -1
    outer loop
      vertex 30.3344 32.7647 0
      vertex 15.1672 24.7407 0
      vertex 29.6351 33.9804 0
    endloop
  endfacet
  facet normal 0 0 -1
    outer loop
      vertex 15.906 15.9521 0
      vertex 20.6069 3.26099 0
      vertex 19.5104 2.90274 0
    endloop
  endfacet
  facet normal -0 0 -1
    outer loop
      vertex 29.6351 33.9804 0
      vertex 15.1672 24.7407 0
      vertex 28.8535 35.1361 0
    endloop
  endfacet
  facet normal 0 0 -1
    outer loop
      vertex 15.906 15.9521 0
      vertex 19.5104 2.90274 0
      vertex 18.3704 2.58652 0
    endloop
  endfacet
  facet normal 0 0 -1
    outer loop
      vertex 15.906 15.9521 0
      vertex 18.3704 2.58652 0
      vertex 17.187 2.3123 0
    endloop
  endfacet
  facet normal 0 0 -1
    outer loop
      vertex 32.9408 19.7276 0
      vertex 16.497 19.8042 0
      vertex 16.4806 20.4444 0
    endloop
  endfacet
  facet normal 0 0 -1
    outer loop
      vertex 14.8552 25.1745 0
      vertex 28.8535 35.1361 0
      vertex 15.1672 24.7407 0
    endloop
  endfacet
  facet normal 0 0 -1
    outer loop
      vertex 32.8619 18.6087 0
      vertex 16.4806 19.1003 0
      vertex 16.497 19.8042 0
    endloop
  endfacet
  facet normal 0 0 -1
    outer loop
      vertex 32.5462 16.4654 0
      vertex 16.4314 18.4212 0
      vertex 16.4806 19.1003 0
    endloop
  endfacet
  facet normal 0 0 -1
    outer loop
      vertex 32.0201 14.4477 0
      vertex 16.3493 17.7669 0
      vertex 16.4314 18.4212 0
    endloop
  endfacet
  facet normal 0 0 -1
    outer loop
      vertex 31.2835 12.5557 0
      vertex 16.2343 17.1372 0
      vertex 16.3493 17.7669 0
    endloop
  endfacet
  facet normal 0 0 -1
    outer loop
      vertex 30.3365 10.7894 0
      vertex 16.0866 16.5323 0
      vertex 16.2343 17.1372 0
    endloop
  endfacet
  facet normal 0 0 -1
    outer loop
      vertex 15.906 15.9521 0
      vertex 17.187 2.3123 0
      vertex 15.9602 2.08009 0
    endloop
  endfacet
  facet normal 0 0 -1
    outer loop
      vertex 29.179 9.1488 0
      vertex 15.906 15.9521 0
      vertex 16.0866 16.5323 0
    endloop
  endfacet
  facet normal -0 0 -1
    outer loop
      vertex 28.8535 35.1361 0
      vertex 14.8552 25.1745 0
      vertex 27.9896 36.2317 0
    endloop
  endfacet
  facet normal 0 0 -1
    outer loop
      vertex 14.5105 25.5853 0
      vertex 27.9896 36.2317 0
      vertex 14.8552 25.1745 0
    endloop
  endfacet
  facet normal -0 0 -1
    outer loop
      vertex 27.9896 36.2317 0
      vertex 14.5105 25.5853 0
      vertex 27.0435 37.2673 0
    endloop
  endfacet
  facet normal -0 0 -1
    outer loop
      vertex 27.0435 37.2673 0
      vertex 14.5105 25.5853 0
      vertex 26.0151 38.2428 0
    endloop
  endfacet
  facet normal 0 0 -1
    outer loop
      vertex 14.1328 25.9732 0
      vertex 26.0151 38.2428 0
      vertex 14.5105 25.5853 0
    endloop
  endfacet
  facet normal -0 0 -1
    outer loop
      vertex 26.0151 38.2428 0
      vertex 14.1328 25.9732 0
      vertex 24.9118 39.1521 0
    endloop
  endfacet
  facet normal 0 0 -1
    outer loop
      vertex 13.7224 26.3382 0
      vertex 24.9118 39.1521 0
      vertex 14.1328 25.9732 0
    endloop
  endfacet
  facet normal -0 0 -1
    outer loop
      vertex 24.9118 39.1521 0
      vertex 13.7224 26.3382 0
      vertex 23.7411 39.9886 0
    endloop
  endfacet
  facet normal -0 0 -1
    outer loop
      vertex 23.7411 39.9886 0
      vertex 13.7224 26.3382 0
      vertex 22.503 40.7525 0
    endloop
  endfacet
  facet normal 0 0 -1
    outer loop
      vertex 13.2819 26.6781 0
      vertex 22.503 40.7525 0
      vertex 13.7224 26.3382 0
    endloop
  endfacet
  facet normal -0 0 -1
    outer loop
      vertex 22.503 40.7525 0
      vertex 13.2819 26.6781 0
      vertex 21.1974 41.4435 0
    endloop
  endfacet
  facet normal 0 0 -1
    outer loop
      vertex 12.8143 26.9908 0
      vertex 21.1974 41.4435 0
      vertex 13.2819 26.6781 0
    endloop
  endfacet
  facet normal -0 0 -1
    outer loop
      vertex 21.1974 41.4435 0
      vertex 12.8143 26.9908 0
      vertex 19.8244 42.0618 0
    endloop
  endfacet
  facet normal 0 0 -1
    outer loop
      vertex 12.3194 27.2763 0
      vertex 19.8244 42.0618 0
      vertex 12.8143 26.9908 0
    endloop
  endfacet
  facet normal -0 0 -1
    outer loop
      vertex 19.8244 42.0618 0
      vertex 12.3194 27.2763 0
      vertex 18.3839 42.6074 0
    endloop
  endfacet
  facet normal 0 0 -1
    outer loop
      vertex 11.7974 27.5346 0
      vertex 18.3839 42.6074 0
      vertex 12.3194 27.2763 0
    endloop
  endfacet
  facet normal -0 0 -1
    outer loop
      vertex 18.3839 42.6074 0
      vertex 11.7974 27.5346 0
      vertex 16.876 43.0802 0
    endloop
  endfacet
  facet normal 0 0 -1
    outer loop
      vertex 11.2482 27.7657 0
      vertex 16.876 43.0802 0
      vertex 11.7974 27.5346 0
    endloop
  endfacet
  facet normal -0 0 -1
    outer loop
      vertex 16.876 43.0802 0
      vertex 11.2482 27.7657 0
      vertex 15.3006 43.4803 0
    endloop
  endfacet
  facet normal 0 0 -1
    outer loop
      vertex 10.6717 27.9697 0
      vertex 15.3006 43.4803 0
      vertex 11.2482 27.7657 0
    endloop
  endfacet
  facet normal -0 0 -1
    outer loop
      vertex 15.3006 43.4803 0
      vertex 10.6717 27.9697 0
      vertex 13.6579 43.8077 0
    endloop
  endfacet
  facet normal 0 0 -1
    outer loop
      vertex 10.0681 28.1464 0
      vertex 13.6579 43.8077 0
      vertex 10.6717 27.9697 0
    endloop
  endfacet
  facet normal -0 0 -1
    outer loop
      vertex 13.6579 43.8077 0
      vertex 10.0681 28.1464 0
      vertex 11.9476 44.0623 0
    endloop
  endfacet
  facet normal 0 0 -1
    outer loop
      vertex 9.43732 28.296 0
      vertex 11.9476 44.0623 0
      vertex 10.0681 28.1464 0
    endloop
  endfacet
  facet normal 0 0 -1
    outer loop
      vertex 8.77933 28.4183 0
      vertex 11.9476 44.0623 0
      vertex 9.43732 28.296 0
    endloop
  endfacet
  facet normal -0 0 -1
    outer loop
      vertex 11.9476 44.0623 0
      vertex 8.77933 28.4183 0
      vertex 10.1699 44.2441 0
    endloop
  endfacet
  facet normal 0 0 -1
    outer loop
      vertex 8.09413 28.5135 0
      vertex 10.1699 44.2441 0
      vertex 8.77933 28.4183 0
    endloop
  endfacet
  facet normal -0 0 -1
    outer loop
      vertex 10.1699 44.2441 0
      vertex 8.09413 28.5135 0
      vertex 8.3248 44.3532 0
    endloop
  endfacet
  facet normal 0 0 -1
    outer loop
      vertex 7.38176 28.5815 0
      vertex 8.3248 44.3532 0
      vertex 8.09413 28.5135 0
    endloop
  endfacet
  facet normal 0 0 -1
    outer loop
      vertex 6.6422 28.6223 0
      vertex 8.3248 44.3532 0
      vertex 7.38176 28.5815 0
    endloop
  endfacet
  facet normal 0 0 -1
    outer loop
      vertex 6.6422 28.6223 0
      vertex 6.41223 44.3896 0
      vertex 8.3248 44.3532 0
    endloop
  endfacet
  facet normal 0 0 -1
    outer loop
      vertex 5.87543 28.6358 0
      vertex 6.41223 44.3896 0
      vertex 6.6422 28.6223 0
    endloop
  endfacet
  facet normal 0 0 -1
    outer loop
      vertex -12.6239 28.6358 0
      vertex 6.41223 44.3896 0
      vertex 5.87543 28.6358 0
    endloop
  endfacet
  facet normal 0 0 -1
    outer loop
      vertex -20.8966 18.2027 0
      vertex -12.6239 10.0168 0
      vertex -20.89 18 0
    endloop
  endfacet
  facet normal 0 0 -1
    outer loop
      vertex -20.9165 18.4046 0
      vertex -12.6239 10.0168 0
      vertex -20.8966 18.2027 0
    endloop
  endfacet
  facet normal 0 0 -1
    outer loop
      vertex -12.6239 10.0168 0
      vertex -20.9165 18.4046 0
      vertex -12.6239 28.6358 0
    endloop
  endfacet
  facet normal 0 0 -1
    outer loop
      vertex -20.9496 18.6048 0
      vertex -12.6239 28.6358 0
      vertex -20.9165 18.4046 0
    endloop
  endfacet
  facet normal 0 0 -1
    outer loop
      vertex -20.9956 18.8023 0
      vertex -12.6239 28.6358 0
      vertex -20.9496 18.6048 0
    endloop
  endfacet
  facet normal 0 0 -1
    outer loop
      vertex -21.0545 18.9965 0
      vertex -12.6239 28.6358 0
      vertex -20.9956 18.8023 0
    endloop
  endfacet
  facet normal 0 0 -1
    outer loop
      vertex -21.126 19.1863 0
      vertex -12.6239 28.6358 0
      vertex -21.0545 18.9965 0
    endloop
  endfacet
  facet normal 0 0 -1
    outer loop
      vertex -21.1289 19.1934 0
      vertex -12.6239 28.6358 0
      vertex -21.126 19.1863 0
    endloop
  endfacet
  facet normal 0 0 -1
    outer loop
      vertex -21.2126 19.3782 0
      vertex -12.6239 28.6358 0
      vertex -21.1289 19.1934 0
    endloop
  endfacet
  facet normal 0 0 -1
    outer loop
      vertex -21.3083 19.5571 0
      vertex -12.6239 28.6358 0
      vertex -21.2126 19.3782 0
    endloop
  endfacet
  facet normal 0 0 -1
    outer loop
      vertex -21.4154 19.7293 0
      vertex -12.6239 28.6358 0
      vertex -21.3083 19.5571 0
    endloop
  endfacet
  facet normal 0 0 -1
    outer loop
      vertex -21.5335 19.8942 0
      vertex -12.6239 28.6358 0
      vertex -21.4154 19.7293 0
    endloop
  endfacet
  facet normal 0 0 -1
    outer loop
      vertex -21.6622 20.051 0
      vertex -12.6239 28.6358 0
      vertex -21.5335 19.8942 0
    endloop
  endfacet
  facet normal 0 0 -1
    outer loop
      vertex -21.8009 20.1991 0
      vertex -12.6239 28.6358 0
      vertex -21.6622 20.051 0
    endloop
  endfacet
  facet normal 0 0 -1
    outer loop
      vertex -21.949 20.3378 0
      vertex -12.6239 28.6358 0
      vertex -21.8009 20.1991 0
    endloop
  endfacet
  facet normal 0 0 -1
    outer loop
      vertex -22.1058 20.4665 0
      vertex -12.6239 28.6358 0
      vertex -21.949 20.3378 0
    endloop
  endfacet
  facet normal 0 0 -1
    outer loop
      vertex -22.2707 20.5846 0
      vertex -12.6239 28.6358 0
      vertex -22.1058 20.4665 0
    endloop
  endfacet
  facet normal 0 0 -1
    outer loop
      vertex -22.4429 20.6917 0
      vertex -12.6239 28.6358 0
      vertex -22.2707 20.5846 0
    endloop
  endfacet
  facet normal 0 0 -1
    outer loop
      vertex -22.6218 20.7874 0
      vertex -12.6239 28.6358 0
      vertex -22.4429 20.6917 0
    endloop
  endfacet
  facet normal 0 0 -1
    outer loop
      vertex -22.8066 20.8711 0
      vertex -12.6239 28.6358 0
      vertex -22.6218 20.7874 0
    endloop
  endfacet
  facet normal 0 0 -1
    outer loop
      vertex -22.8137 20.874 0
      vertex -12.6239 28.6358 0
      vertex -22.8066 20.8711 0
    endloop
  endfacet
  facet normal 0 0 -1
    outer loop
      vertex -23.0035 20.9455 0
      vertex -12.6239 28.6358 0
      vertex -22.8137 20.874 0
    endloop
  endfacet
  facet normal 0 0 -1
    outer loop
      vertex -23.1977 21.0044 0
      vertex -12.6239 28.6358 0
      vertex -23.0035 20.9455 0
    endloop
  endfacet
  facet normal 0 0 -1
    outer loop
      vertex -23.3952 21.0504 0
      vertex -12.6239 28.6358 0
      vertex -23.1977 21.0044 0
    endloop
  endfacet
  facet normal 0 0 -1
    outer loop
      vertex -23.5954 21.0835 0
      vertex -12.6239 28.6358 0
      vertex -23.3952 21.0504 0
    endloop
  endfacet
  facet normal 0 0 -1
    outer loop
      vertex -23.7973 21.1034 0
      vertex -12.6239 28.6358 0
      vertex -23.5954 21.0835 0
    endloop
  endfacet
  facet normal 0 0 -1
    outer loop
      vertex -24 21.11 0
      vertex -12.6239 28.6358 0
      vertex -23.7973 21.1034 0
    endloop
  endfacet
  facet normal -0 0 -1
    outer loop
      vertex -12.6239 28.6358 0
      vertex -24 21.11 0
      vertex -28.9752 44.3896 0
    endloop
  endfacet
  facet normal 0 0 -1
    outer loop
      vertex -28.9752 44.3896 0
      vertex -24 21.11 0
      vertex -24.2027 21.1034 0
    endloop
  endfacet
  facet normal 0 0 -1
    outer loop
      vertex -28.9752 44.3896 0
      vertex -24.2027 21.1034 0
      vertex -24.4046 21.0835 0
    endloop
  endfacet
  facet normal 0 0 -1
    outer loop
      vertex -28.9752 44.3896 0
      vertex -24.4046 21.0835 0
      vertex -24.6048 21.0504 0
    endloop
  endfacet
  facet normal 0 0 -1
    outer loop
      vertex -28.9752 44.3896 0
      vertex -24.6048 21.0504 0
      vertex -24.8023 21.0044 0
    endloop
  endfacet
  facet normal 0 0 -1
    outer loop
      vertex -28.9752 44.3896 0
      vertex -24.8023 21.0044 0
      vertex -24.9965 20.9455 0
    endloop
  endfacet
  facet normal 0 0 -1
    outer loop
      vertex -28.9752 44.3896 0
      vertex -24.9965 20.9455 0
      vertex -25.1863 20.874 0
    endloop
  endfacet
  facet normal 0 0 -1
    outer loop
      vertex -28.9752 44.3896 0
      vertex -25.1863 20.874 0
      vertex -25.1934 20.8711 0
    endloop
  endfacet
  facet normal 0 0 -1
    outer loop
      vertex -28.9752 44.3896 0
      vertex -25.1934 20.8711 0
      vertex -25.3782 20.7874 0
    endloop
  endfacet
  facet normal 0 0 -1
    outer loop
      vertex -28.9752 44.3896 0
      vertex -25.3782 20.7874 0
      vertex -25.5571 20.6917 0
    endloop
  endfacet
  facet normal 0 0 -1
    outer loop
      vertex -28.9752 44.3896 0
      vertex -25.5571 20.6917 0
      vertex -25.7293 20.5846 0
    endloop
  endfacet
  facet normal 0 0 -1
    outer loop
      vertex -28.9752 44.3896 0
      vertex -25.7293 20.5846 0
      vertex -25.8942 20.4665 0
    endloop
  endfacet
  facet normal 0 0 -1
    outer loop
      vertex -12.6239 28.6358 0
      vertex -28.9752 44.3896 0
      vertex 6.41223 44.3896 0
    endloop
  endfacet
  facet normal 0 0 -1
    outer loop
      vertex -26.051 20.3378 0
      vertex -28.9752 44.3896 0
      vertex -25.8942 20.4665 0
    endloop
  endfacet
  facet normal 0 0 -1
    outer loop
      vertex -26.1991 20.1991 0
      vertex -28.9752 44.3896 0
      vertex -26.051 20.3378 0
    endloop
  endfacet
  facet normal 0 0 -1
    outer loop
      vertex -26.3378 20.051 0
      vertex -28.9752 44.3896 0
      vertex -26.1991 20.1991 0
    endloop
  endfacet
  facet normal 0 0 -1
    outer loop
      vertex -26.4665 19.8942 0
      vertex -28.9752 44.3896 0
      vertex -26.3378 20.051 0
    endloop
  endfacet
  facet normal 0 0 -1
    outer loop
      vertex -26.5846 19.7293 0
      vertex -28.9752 44.3896 0
      vertex -26.4665 19.8942 0
    endloop
  endfacet
  facet normal 0 0 -1
    outer loop
      vertex -26.6917 19.5571 0
      vertex -28.9752 44.3896 0
      vertex -26.5846 19.7293 0
    endloop
  endfacet
  facet normal 0 0 -1
    outer loop
      vertex -26.7874 19.3782 0
      vertex -28.9752 44.3896 0
      vertex -26.6917 19.5571 0
    endloop
  endfacet
  facet normal 0 0 -1
    outer loop
      vertex -26.8711 19.1934 0
      vertex -28.9752 44.3896 0
      vertex -26.7874 19.3782 0
    endloop
  endfacet
  facet normal 0 0 -1
    outer loop
      vertex -26.874 19.1863 0
      vertex -28.9752 44.3896 0
      vertex -26.8711 19.1934 0
    endloop
  endfacet
  facet normal 0 0 -1
    outer loop
      vertex -26.9455 18.9965 0
      vertex -28.9752 44.3896 0
      vertex -26.874 19.1863 0
    endloop
  endfacet
  facet normal 0 0 -1
    outer loop
      vertex -27.0044 18.8023 0
      vertex -28.9752 44.3896 0
      vertex -26.9455 18.9965 0
    endloop
  endfacet
  facet normal 0 0 -1
    outer loop
      vertex -27.0504 18.6048 0
      vertex -28.9752 44.3896 0
      vertex -27.0044 18.8023 0
    endloop
  endfacet
  facet normal 0 0 -1
    outer loop
      vertex -27.0835 18.4046 0
      vertex -28.9752 44.3896 0
      vertex -27.0504 18.6048 0
    endloop
  endfacet
  facet normal 0 0 -1
    outer loop
      vertex -27.1034 18.2027 0
      vertex -28.9752 44.3896 0
      vertex -27.0835 18.4046 0
    endloop
  endfacet
  facet normal 0 0 -1
    outer loop
      vertex -27.11 18 0
      vertex -28.9752 44.3896 0
      vertex -27.1034 18.2027 0
    endloop
  endfacet
  facet normal 0 0 -1
    outer loop
      vertex -28.9752 44.3896 0
      vertex -27.11 18 0
      vertex -28.9752 -42.3775 0
    endloop
  endfacet
  facet normal 0 0 -1
    outer loop
      vertex 15.9602 2.08009 0
      vertex 3.09336 0.202749 0
      vertex 3.07348 0.404631 0
    endloop
  endfacet
  facet normal 0 0 -1
    outer loop
      vertex 15.9602 2.08009 0
      vertex 8.09413 10.1535 0
      vertex 8.77933 10.2598 0
    endloop
  endfacet
  facet normal 0 0 -1
    outer loop
      vertex 2.86403 1.18632 0
      vertex 8.09413 10.1535 0
      vertex 2.93548 0.996462 0
    endloop
  endfacet
  facet normal 0 0 -1
    outer loop
      vertex 2.7803 1.37109 0
      vertex 8.09413 10.1535 0
      vertex 2.86403 1.18632 0
    endloop
  endfacet
  facet normal 0 0 -1
    outer loop
      vertex 8.09413 10.1535 0
      vertex 2.7803 1.37109 0
      vertex 7.38176 10.0775 0
    endloop
  endfacet
  facet normal 0 0 -1
    outer loop
      vertex 2.68468 1.55 0
      vertex 7.38176 10.0775 0
      vertex 2.7803 1.37109 0
    endloop
  endfacet
  facet normal 0 0 -1
    outer loop
      vertex 7.38176 10.0775 0
      vertex 2.68468 1.55 0
      vertex 6.6422 10.032 0
    endloop
  endfacet
  facet normal 0 0 -1
    outer loop
      vertex 2.57756 1.72227 0
      vertex 6.6422 10.032 0
      vertex 2.68468 1.55 0
    endloop
  endfacet
  facet normal 0 0 -1
    outer loop
      vertex 2.45939 1.88716 0
      vertex 6.6422 10.032 0
      vertex 2.57756 1.72227 0
    endloop
  endfacet
  facet normal 0 0 -1
    outer loop
      vertex 6.6422 10.032 0
      vertex 2.45939 1.88716 0
      vertex 5.87543 10.0168 0
    endloop
  endfacet
  facet normal 0 0 -1
    outer loop
      vertex 2.3307 2.04397 0
      vertex 5.87543 10.0168 0
      vertex 2.45939 1.88716 0
    endloop
  endfacet
  facet normal 0 0 -1
    outer loop
      vertex 2.19203 2.19203 0
      vertex 5.87543 10.0168 0
      vertex 2.3307 2.04397 0
    endloop
  endfacet
  facet normal 0 0 -1
    outer loop
      vertex 2.04397 2.3307 0
      vertex 5.87543 10.0168 0
      vertex 2.19203 2.19203 0
    endloop
  endfacet
  facet normal 0 0 -1
    outer loop
      vertex 1.88716 2.45939 0
      vertex 5.87543 10.0168 0
      vertex 2.04397 2.3307 0
    endloop
  endfacet
  facet normal 0 0 -1
    outer loop
      vertex 1.72227 2.57756 0
      vertex 5.87543 10.0168 0
      vertex 1.88716 2.45939 0
    endloop
  endfacet
  facet normal 0 0 -1
    outer loop
      vertex 1.55 2.68468 0
      vertex 5.87543 10.0168 0
      vertex 1.72227 2.57756 0
    endloop
  endfacet
  facet normal 0 0 -1
    outer loop
      vertex 1.37109 2.7803 0
      vertex 5.87543 10.0168 0
      vertex 1.55 2.68468 0
    endloop
  endfacet
  facet normal 0 0 -1
    outer loop
      vertex 1.18632 2.86403 0
      vertex 5.87543 10.0168 0
      vertex 1.37109 2.7803 0
    endloop
  endfacet
  facet normal 0 0 -1
    outer loop
      vertex 0.996462 2.93548 0
      vertex 5.87543 10.0168 0
      vertex 1.18632 2.86403 0
    endloop
  endfacet
  facet normal 0 0 -1
    outer loop
      vertex 0.802339 2.99437 0
      vertex 5.87543 10.0168 0
      vertex 0.996462 2.93548 0
    endloop
  endfacet
  facet normal 0 0 -1
    outer loop
      vertex 0.604779 3.04043 0
      vertex 5.87543 10.0168 0
      vertex 0.802339 2.99437 0
    endloop
  endfacet
  facet normal 0 0 -1
    outer loop
      vertex 0.404631 3.07348 0
      vertex 5.87543 10.0168 0
      vertex 0.604779 3.04043 0
    endloop
  endfacet
  facet normal 0 0 -1
    outer loop
      vertex 0.202749 3.09336 0
      vertex 5.87543 10.0168 0
      vertex 0.404631 3.07348 0
    endloop
  endfacet
  facet normal 0 0 -1
    outer loop
      vertex 0 3.1 0
      vertex 5.87543 10.0168 0
      vertex 0.202749 3.09336 0
    endloop
  endfacet
  facet normal 0 0 -1
    outer loop
      vertex -0.202749 3.09336 0
      vertex 5.87543 10.0168 0
      vertex 0 3.1 0
    endloop
  endfacet
  facet normal 0 0 -1
    outer loop
      vertex -0.404631 3.07348 0
      vertex 5.87543 10.0168 0
      vertex -0.202749 3.09336 0
    endloop
  endfacet
  facet normal 0 0 -1
    outer loop
      vertex -0.604779 3.04043 0
      vertex 5.87543 10.0168 0
      vertex -0.404631 3.07348 0
    endloop
  endfacet
  facet normal 0 0 -1
    outer loop
      vertex -0.802339 2.99437 0
      vertex 5.87543 10.0168 0
      vertex -0.604779 3.04043 0
    endloop
  endfacet
  facet normal 0 0 -1
    outer loop
      vertex -12.6239 10.0168 0
      vertex -0.802339 2.99437 0
      vertex -0.996462 2.93548 0
    endloop
  endfacet
  facet normal 0 0 -1
    outer loop
      vertex -12.6239 10.0168 0
      vertex -0.996462 2.93548 0
      vertex -1.18632 2.86403 0
    endloop
  endfacet
  facet normal 0 0 -1
    outer loop
      vertex -12.6239 10.0168 0
      vertex -1.18632 2.86403 0
      vertex -1.37109 2.7803 0
    endloop
  endfacet
  facet normal 0 0 -1
    outer loop
      vertex -12.6239 10.0168 0
      vertex -1.37109 2.7803 0
      vertex -1.55 2.68468 0
    endloop
  endfacet
  facet normal 0 0 -1
    outer loop
      vertex -12.6239 10.0168 0
      vertex -1.55 2.68468 0
      vertex -1.72227 2.57756 0
    endloop
  endfacet
  facet normal 0 0 -1
    outer loop
      vertex -12.6239 10.0168 0
      vertex -1.72227 2.57756 0
      vertex -1.88716 2.45939 0
    endloop
  endfacet
  facet normal 0 0 -1
    outer loop
      vertex -12.6239 10.0168 0
      vertex -1.88716 2.45939 0
      vertex -2.04397 2.3307 0
    endloop
  endfacet
  facet normal 0 0 -1
    outer loop
      vertex -12.6239 10.0168 0
      vertex -2.04397 2.3307 0
      vertex -2.19203 2.19203 0
    endloop
  endfacet
  facet normal 0 0 -1
    outer loop
      vertex -12.6239 -5.73694 0
      vertex -3.09336 0.202749 0
      vertex -3.1 0 0
    endloop
  endfacet
  facet normal 0 0 -1
    outer loop
      vertex -12.6239 -5.73694 0
      vertex -3.07348 0.404631 0
      vertex -3.09336 0.202749 0
    endloop
  endfacet
  facet normal 0 0 -1
    outer loop
      vertex -12.6239 -5.73694 0
      vertex -3.04043 0.604779 0
      vertex -3.07348 0.404631 0
    endloop
  endfacet
  facet normal 0 0 -1
    outer loop
      vertex -12.6239 10.0168 0
      vertex -3.04043 0.604779 0
      vertex -12.6239 -5.73694 0
    endloop
  endfacet
  facet normal 0 0 -1
    outer loop
      vertex -3.04043 0.604779 0
      vertex -12.6239 10.0168 0
      vertex -2.99437 0.802339 0
    endloop
  endfacet
  facet normal 0 0 -1
    outer loop
      vertex -2.99437 0.802339 0
      vertex -12.6239 10.0168 0
      vertex -2.93548 0.996462 0
    endloop
  endfacet
  facet normal 0 0 -1
    outer loop
      vertex -2.93548 0.996462 0
      vertex -12.6239 10.0168 0
      vertex -2.86403 1.18632 0
    endloop
  endfacet
  facet normal 0 0 -1
    outer loop
      vertex -2.86403 1.18632 0
      vertex -12.6239 10.0168 0
      vertex -2.7803 1.37109 0
    endloop
  endfacet
  facet normal 0 0 -1
    outer loop
      vertex -2.7803 1.37109 0
      vertex -12.6239 10.0168 0
      vertex -2.68468 1.55 0
    endloop
  endfacet
  facet normal 0 0 -1
    outer loop
      vertex -2.68468 1.55 0
      vertex -12.6239 10.0168 0
      vertex -2.57756 1.72227 0
    endloop
  endfacet
  facet normal 0 0 -1
    outer loop
      vertex -2.57756 1.72227 0
      vertex -12.6239 10.0168 0
      vertex -2.45939 1.88716 0
    endloop
  endfacet
  facet normal 0 0 -1
    outer loop
      vertex -2.45939 1.88716 0
      vertex -12.6239 10.0168 0
      vertex -2.3307 2.04397 0
    endloop
  endfacet
  facet normal 0 0 -1
    outer loop
      vertex -2.3307 2.04397 0
      vertex -12.6239 10.0168 0
      vertex -2.19203 2.19203 0
    endloop
  endfacet
  facet normal 0 0 -1
    outer loop
      vertex -0.802339 2.99437 0
      vertex -12.6239 10.0168 0
      vertex 5.87543 10.0168 0
    endloop
  endfacet
  facet normal 0.471688 0.881766 -0
    outer loop
      vertex -25.3782 15.2126 0
      vertex -25.5571 15.3083 2.32
      vertex -25.3782 15.2126 2.32
    endloop
  endfacet
  facet normal 0.471688 0.881766 0
    outer loop
      vertex -25.5571 15.3083 2.32
      vertex -25.3782 15.2126 0
      vertex -25.5571 15.3083 0
    endloop
  endfacet
  facet normal 0.729891 -0.683564 0
    outer loop
      vertex -26.3378 20.051 2.32
      vertex -26.1991 20.1991 0
      vertex -26.1991 20.1991 2.32
    endloop
  endfacet
  facet normal 0.729891 -0.683564 0
    outer loop
      vertex -26.1991 20.1991 0
      vertex -26.3378 20.051 2.32
      vertex -26.3378 20.051 0
    endloop
  endfacet
  facet normal 0.986606 -0.16312 0
    outer loop
      vertex -27.0835 18.4046 2.32
      vertex -27.0504 18.6048 0
      vertex -27.0504 18.6048 2.32
    endloop
  endfacet
  facet normal 0.986606 -0.16312 0
    outer loop
      vertex -27.0504 18.6048 0
      vertex -27.0835 18.4046 2.32
      vertex -27.0835 18.4046 0
    endloop
  endfacet
  facet normal -0.0980883 0.995178 0
    outer loop
      vertex -23.5954 14.9165 0
      vertex -23.7973 14.8966 2.32
      vertex -23.5954 14.9165 2.32
    endloop
  endfacet
  facet normal -0.0980883 0.995178 0
    outer loop
      vertex -23.7973 14.8966 2.32
      vertex -23.5954 14.9165 0
      vertex -23.7973 14.8966 0
    endloop
  endfacet
  facet normal 0.910923 0.412577 0
    outer loop
      vertex -26.7874 16.6218 2.32
      vertex -26.8711 16.8066 0
      vertex -26.8711 16.8066 2.32
    endloop
  endfacet
  facet normal 0.910923 0.412577 0
    outer loop
      vertex -26.8711 16.8066 0
      vertex -26.7874 16.6218 2.32
      vertex -26.7874 16.6218 0
    endloop
  endfacet
  facet normal -0.412577 0.910923 0
    outer loop
      vertex -22.6218 15.2126 0
      vertex -22.8066 15.1289 2.32
      vertex -22.6218 15.2126 2.32
    endloop
  endfacet
  facet normal -0.412577 0.910923 0
    outer loop
      vertex -22.8066 15.1289 2.32
      vertex -22.6218 15.2126 0
      vertex -22.8066 15.1289 0
    endloop
  endfacet
  facet normal -0.973932 -0.22684 0
    outer loop
      vertex -20.9496 18.6048 0
      vertex -20.9956 18.8023 2.32
      vertex -20.9956 18.8023 0
    endloop
  endfacet
  facet normal -0.973932 -0.22684 0
    outer loop
      vertex -20.9956 18.8023 2.32
      vertex -20.9496 18.6048 0
      vertex -20.9496 18.6048 2.32
    endloop
  endfacet
  facet normal 0.995178 0.0980883 0
    outer loop
      vertex -27.0835 17.5954 2.32
      vertex -27.1034 17.7973 0
      vertex -27.1034 17.7973 2.32
    endloop
  endfacet
  facet normal 0.995178 0.0980883 0
    outer loop
      vertex -27.1034 17.7973 0
      vertex -27.0835 17.5954 2.32
      vertex -27.0835 17.5954 0
    endloop
  endfacet
  facet normal -0.683564 -0.729891 0
    outer loop
      vertex -21.949 20.3378 0
      vertex -21.8009 20.1991 2.32
      vertex -21.949 20.3378 2.32
    endloop
  endfacet
  facet normal -0.683564 -0.729891 -0
    outer loop
      vertex -21.8009 20.1991 2.32
      vertex -21.949 20.3378 0
      vertex -21.8009 20.1991 0
    endloop
  endfacet
  facet normal -0.813 -0.582264 0
    outer loop
      vertex -21.4154 19.7293 0
      vertex -21.5335 19.8942 2.32
      vertex -21.5335 19.8942 0
    endloop
  endfacet
  facet normal -0.813 -0.582264 0
    outer loop
      vertex -21.5335 19.8942 2.32
      vertex -21.4154 19.7293 0
      vertex -21.4154 19.7293 2.32
    endloop
  endfacet
  facet normal -0.16312 -0.986606 0
    outer loop
      vertex -23.5954 21.0835 0
      vertex -23.3952 21.0504 2.32
      vertex -23.5954 21.0835 2.32
    endloop
  endfacet
  facet normal -0.16312 -0.986606 -0
    outer loop
      vertex -23.3952 21.0504 2.32
      vertex -23.5954 21.0835 0
      vertex -23.3952 21.0504 0
    endloop
  endfacet
  facet normal 0.0980883 -0.995178 0
    outer loop
      vertex -24.4046 21.0835 0
      vertex -24.2027 21.1034 2.32
      vertex -24.4046 21.0835 2.32
    endloop
  endfacet
  facet normal 0.0980883 -0.995178 0
    outer loop
      vertex -24.2027 21.1034 2.32
      vertex -24.4046 21.0835 0
      vertex -24.2027 21.1034 0
    endloop
  endfacet
  facet normal 0.582264 -0.813 0
    outer loop
      vertex -25.8942 20.4665 0
      vertex -25.7293 20.5846 2.32
      vertex -25.8942 20.4665 2.32
    endloop
  endfacet
  facet normal 0.582264 -0.813 0
    outer loop
      vertex -25.7293 20.5846 2.32
      vertex -25.8942 20.4665 0
      vertex -25.7293 20.5846 0
    endloop
  endfacet
  facet normal 0.881766 -0.471688 0
    outer loop
      vertex -26.7874 19.3782 2.32
      vertex -26.6917 19.5571 0
      vertex -26.6917 19.5571 2.32
    endloop
  endfacet
  facet normal 0.881766 -0.471688 0
    outer loop
      vertex -26.6917 19.5571 0
      vertex -26.7874 19.3782 2.32
      vertex -26.7874 19.3782 0
    endloop
  endfacet
  facet normal 0.352528 0.935801 -0
    outer loop
      vertex -24.9965 15.0545 0
      vertex -25.1863 15.126 2.32
      vertex -24.9965 15.0545 2.32
    endloop
  endfacet
  facet normal 0.352528 0.935801 0
    outer loop
      vertex -25.1863 15.126 2.32
      vertex -24.9965 15.0545 0
      vertex -25.1863 15.126 0
    endloop
  endfacet
  facet normal 0.29024 0.956954 -0
    outer loop
      vertex -24.8023 14.9956 0
      vertex -24.9965 15.0545 2.32
      vertex -24.8023 14.9956 2.32
    endloop
  endfacet
  facet normal 0.29024 0.956954 0
    outer loop
      vertex -24.9965 15.0545 2.32
      vertex -24.8023 14.9956 0
      vertex -24.9965 15.0545 0
    endloop
  endfacet
  facet normal 0.0980883 0.995178 -0
    outer loop
      vertex -24.2027 14.8966 0
      vertex -24.4046 14.9165 2.32
      vertex -24.2027 14.8966 2.32
    endloop
  endfacet
  facet normal 0.0980883 0.995178 0
    outer loop
      vertex -24.4046 14.9165 2.32
      vertex -24.2027 14.8966 0
      vertex -24.4046 14.9165 0
    endloop
  endfacet
  facet normal -0.956954 -0.29024 0
    outer loop
      vertex -20.9956 18.8023 0
      vertex -21.0545 18.9965 2.32
      vertex -21.0545 18.9965 0
    endloop
  endfacet
  facet normal -0.956954 -0.29024 0
    outer loop
      vertex -21.0545 18.9965 2.32
      vertex -20.9956 18.8023 0
      vertex -20.9956 18.8023 2.32
    endloop
  endfacet
  facet normal -0.956954 0.29024 0
    outer loop
      vertex -21.0545 17.0035 0
      vertex -20.9956 17.1977 2.32
      vertex -20.9956 17.1977 0
    endloop
  endfacet
  facet normal -0.956954 0.29024 0
    outer loop
      vertex -20.9956 17.1977 2.32
      vertex -21.0545 17.0035 0
      vertex -21.0545 17.0035 2.32
    endloop
  endfacet
  facet normal -0.995178 -0.0980883 0
    outer loop
      vertex -20.8966 18.2027 0
      vertex -20.9165 18.4046 2.32
      vertex -20.9165 18.4046 0
    endloop
  endfacet
  facet normal -0.995178 -0.0980883 0
    outer loop
      vertex -20.9165 18.4046 2.32
      vertex -20.8966 18.2027 0
      vertex -20.8966 18.2027 2.32
    endloop
  endfacet
  facet normal -0.935801 -0.352528 0
    outer loop
      vertex -21.0545 18.9965 0
      vertex -21.126 19.1863 2.32
      vertex -21.126 19.1863 0
    endloop
  endfacet
  facet normal -0.935801 -0.352528 0
    outer loop
      vertex -21.126 19.1863 2.32
      vertex -21.0545 18.9965 0
      vertex -21.0545 18.9965 2.32
    endloop
  endfacet
  facet normal -0.528136 -0.84916 0
    outer loop
      vertex -22.4429 20.6917 0
      vertex -22.2707 20.5846 2.32
      vertex -22.4429 20.6917 2.32
    endloop
  endfacet
  facet normal -0.528136 -0.84916 -0
    outer loop
      vertex -22.2707 20.5846 2.32
      vertex -22.4429 20.6917 0
      vertex -22.2707 20.5846 0
    endloop
  endfacet
  facet normal -0.910923 -0.412577 0
    outer loop
      vertex -21.1289 19.1934 0
      vertex -21.2126 19.3782 2.32
      vertex -21.2126 19.3782 0
    endloop
  endfacet
  facet normal -0.910923 -0.412577 0
    outer loop
      vertex -21.2126 19.3782 2.32
      vertex -21.1289 19.1934 0
      vertex -21.1289 19.1934 2.32
    endloop
  endfacet
  facet normal -0.352528 -0.935801 0
    outer loop
      vertex -23.0035 20.9455 0
      vertex -22.8137 20.874 2.32
      vertex -23.0035 20.9455 2.32
    endloop
  endfacet
  facet normal -0.352528 -0.935801 -0
    outer loop
      vertex -22.8137 20.874 2.32
      vertex -23.0035 20.9455 0
      vertex -22.8137 20.874 0
    endloop
  endfacet
  facet normal 0.22684 -0.973932 0
    outer loop
      vertex -24.8023 21.0044 0
      vertex -24.6048 21.0504 2.32
      vertex -24.8023 21.0044 2.32
    endloop
  endfacet
  facet normal 0.22684 -0.973932 0
    outer loop
      vertex -24.6048 21.0504 2.32
      vertex -24.8023 21.0044 0
      vertex -24.6048 21.0504 0
    endloop
  endfacet
  facet normal -0.29024 -0.956954 0
    outer loop
      vertex -23.1977 21.0044 0
      vertex -23.0035 20.9455 2.32
      vertex -23.1977 21.0044 2.32
    endloop
  endfacet
  facet normal -0.29024 -0.956954 -0
    outer loop
      vertex -23.0035 20.9455 2.32
      vertex -23.1977 21.0044 0
      vertex -23.0035 20.9455 0
    endloop
  endfacet
  facet normal 0.0325432 -0.99947 0
    outer loop
      vertex -24.2027 21.1034 0
      vertex -24 21.11 2.32
      vertex -24.2027 21.1034 2.32
    endloop
  endfacet
  facet normal 0.0325432 -0.99947 0
    outer loop
      vertex -24 21.11 2.32
      vertex -24.2027 21.1034 0
      vertex -24 21.11 0
    endloop
  endfacet
  facet normal 0.412577 -0.910923 0
    outer loop
      vertex -25.3782 20.7874 0
      vertex -25.1934 20.8711 2.32
      vertex -25.3782 20.7874 2.32
    endloop
  endfacet
  facet normal 0.412577 -0.910923 0
    outer loop
      vertex -25.1934 20.8711 2.32
      vertex -25.3782 20.7874 0
      vertex -25.1934 20.8711 0
    endloop
  endfacet
  facet normal 0.84916 -0.528136 0
    outer loop
      vertex -26.6917 19.5571 2.32
      vertex -26.5846 19.7293 0
      vertex -26.5846 19.7293 2.32
    endloop
  endfacet
  facet normal 0.84916 -0.528136 0
    outer loop
      vertex -26.5846 19.7293 0
      vertex -26.6917 19.5571 2.32
      vertex -26.6917 19.5571 0
    endloop
  endfacet
  facet normal 0.683564 -0.729891 0
    outer loop
      vertex -26.1991 20.1991 0
      vertex -26.051 20.3378 2.32
      vertex -26.1991 20.1991 2.32
    endloop
  endfacet
  facet normal 0.683564 -0.729891 0
    outer loop
      vertex -26.051 20.3378 2.32
      vertex -26.1991 20.1991 0
      vertex -26.051 20.3378 0
    endloop
  endfacet
  facet normal 0.956954 -0.29024 0
    outer loop
      vertex -27.0044 18.8023 2.32
      vertex -26.9455 18.9965 0
      vertex -26.9455 18.9965 2.32
    endloop
  endfacet
  facet normal 0.956954 -0.29024 0
    outer loop
      vertex -26.9455 18.9965 0
      vertex -27.0044 18.8023 2.32
      vertex -27.0044 18.8023 0
    endloop
  endfacet
  facet normal 0.935801 -0.352528 0
    outer loop
      vertex -26.9455 18.9965 2.32
      vertex -26.874 19.1863 0
      vertex -26.874 19.1863 2.32
    endloop
  endfacet
  facet normal 0.935801 -0.352528 0
    outer loop
      vertex -26.874 19.1863 0
      vertex -26.9455 18.9965 2.32
      vertex -26.9455 18.9965 0
    endloop
  endfacet
  facet normal 0.378125 0.925755 -0
    outer loop
      vertex -25.1863 15.126 0
      vertex -25.1934 15.1289 2.32
      vertex -25.1863 15.126 2.32
    endloop
  endfacet
  facet normal 0.378125 0.925755 0
    outer loop
      vertex -25.1934 15.1289 2.32
      vertex -25.1863 15.126 0
      vertex -25.1934 15.1289 0
    endloop
  endfacet
  facet normal 0.22684 0.973932 -0
    outer loop
      vertex -24.6048 14.9496 0
      vertex -24.8023 14.9956 2.32
      vertex -24.6048 14.9496 2.32
    endloop
  endfacet
  facet normal 0.22684 0.973932 0
    outer loop
      vertex -24.8023 14.9956 2.32
      vertex -24.6048 14.9496 0
      vertex -24.8023 14.9956 0
    endloop
  endfacet
  facet normal -0.16312 0.986606 0
    outer loop
      vertex -23.3952 14.9496 0
      vertex -23.5954 14.9165 2.32
      vertex -23.3952 14.9496 2.32
    endloop
  endfacet
  facet normal -0.16312 0.986606 0
    outer loop
      vertex -23.5954 14.9165 2.32
      vertex -23.3952 14.9496 0
      vertex -23.5954 14.9165 0
    endloop
  endfacet
  facet normal -0.0325432 0.99947 0
    outer loop
      vertex -23.7973 14.8966 0
      vertex -24 14.89 2.32
      vertex -23.7973 14.8966 2.32
    endloop
  endfacet
  facet normal -0.0325432 0.99947 0
    outer loop
      vertex -24 14.89 2.32
      vertex -23.7973 14.8966 0
      vertex -24 14.89 0
    endloop
  endfacet
  facet normal 0.881766 0.471688 0
    outer loop
      vertex -26.6917 16.4429 2.32
      vertex -26.7874 16.6218 0
      vertex -26.7874 16.6218 2.32
    endloop
  endfacet
  facet normal 0.881766 0.471688 0
    outer loop
      vertex -26.7874 16.6218 0
      vertex -26.6917 16.4429 2.32
      vertex -26.6917 16.4429 0
    endloop
  endfacet
  facet normal 0.813 0.582264 0
    outer loop
      vertex -26.4665 16.1058 2.32
      vertex -26.5846 16.2707 0
      vertex -26.5846 16.2707 2.32
    endloop
  endfacet
  facet normal 0.813 0.582264 0
    outer loop
      vertex -26.5846 16.2707 0
      vertex -26.4665 16.1058 2.32
      vertex -26.4665 16.1058 0
    endloop
  endfacet
  facet normal 0.925755 0.378125 0
    outer loop
      vertex -26.8711 16.8066 2.32
      vertex -26.874 16.8137 0
      vertex -26.874 16.8137 2.32
    endloop
  endfacet
  facet normal 0.925755 0.378125 0
    outer loop
      vertex -26.874 16.8137 0
      vertex -26.8711 16.8066 2.32
      vertex -26.8711 16.8066 0
    endloop
  endfacet
  facet normal 0.956954 0.29024 0
    outer loop
      vertex -26.9455 17.0035 2.32
      vertex -27.0044 17.1977 0
      vertex -27.0044 17.1977 2.32
    endloop
  endfacet
  facet normal 0.956954 0.29024 0
    outer loop
      vertex -27.0044 17.1977 0
      vertex -26.9455 17.0035 2.32
      vertex -26.9455 17.0035 0
    endloop
  endfacet
  facet normal 0.683564 0.729891 -0
    outer loop
      vertex -26.051 15.6622 0
      vertex -26.1991 15.8009 2.32
      vertex -26.051 15.6622 2.32
    endloop
  endfacet
  facet normal 0.683564 0.729891 0
    outer loop
      vertex -26.1991 15.8009 2.32
      vertex -26.051 15.6622 0
      vertex -26.1991 15.8009 0
    endloop
  endfacet
  facet normal 0.772968 0.634445 0
    outer loop
      vertex -26.3378 15.949 2.32
      vertex -26.4665 16.1058 0
      vertex -26.4665 16.1058 2.32
    endloop
  endfacet
  facet normal 0.772968 0.634445 0
    outer loop
      vertex -26.4665 16.1058 0
      vertex -26.3378 15.949 2.32
      vertex -26.3378 15.949 0
    endloop
  endfacet
  facet normal 0.528136 0.84916 -0
    outer loop
      vertex -25.5571 15.3083 0
      vertex -25.7293 15.4154 2.32
      vertex -25.5571 15.3083 2.32
    endloop
  endfacet
  facet normal 0.528136 0.84916 0
    outer loop
      vertex -25.7293 15.4154 2.32
      vertex -25.5571 15.3083 0
      vertex -25.7293 15.4154 0
    endloop
  endfacet
  facet normal 0.634445 0.772968 -0
    outer loop
      vertex -25.8942 15.5335 0
      vertex -26.051 15.6622 2.32
      vertex -25.8942 15.5335 2.32
    endloop
  endfacet
  facet normal 0.634445 0.772968 0
    outer loop
      vertex -26.051 15.6622 2.32
      vertex -25.8942 15.5335 0
      vertex -26.051 15.6622 0
    endloop
  endfacet
  facet normal -0.471688 0.881766 0
    outer loop
      vertex -22.4429 15.3083 0
      vertex -22.6218 15.2126 2.32
      vertex -22.4429 15.3083 2.32
    endloop
  endfacet
  facet normal -0.471688 0.881766 0
    outer loop
      vertex -22.6218 15.2126 2.32
      vertex -22.4429 15.3083 0
      vertex -22.6218 15.2126 0
    endloop
  endfacet
  facet normal -0.582264 0.813 0
    outer loop
      vertex -22.1058 15.5335 0
      vertex -22.2707 15.4154 2.32
      vertex -22.1058 15.5335 2.32
    endloop
  endfacet
  facet normal -0.582264 0.813 0
    outer loop
      vertex -22.2707 15.4154 2.32
      vertex -22.1058 15.5335 0
      vertex -22.2707 15.4154 0
    endloop
  endfacet
  facet normal -0.378125 0.925755 0
    outer loop
      vertex -22.8066 15.1289 0
      vertex -22.8137 15.126 2.32
      vertex -22.8066 15.1289 2.32
    endloop
  endfacet
  facet normal -0.378125 0.925755 0
    outer loop
      vertex -22.8137 15.126 2.32
      vertex -22.8066 15.1289 0
      vertex -22.8137 15.126 0
    endloop
  endfacet
  facet normal -0.29024 0.956954 0
    outer loop
      vertex -23.0035 15.0545 0
      vertex -23.1977 14.9956 2.32
      vertex -23.0035 15.0545 2.32
    endloop
  endfacet
  facet normal -0.29024 0.956954 0
    outer loop
      vertex -23.1977 14.9956 2.32
      vertex -23.0035 15.0545 0
      vertex -23.1977 14.9956 0
    endloop
  endfacet
  facet normal -0.729891 0.683564 0
    outer loop
      vertex -21.8009 15.8009 0
      vertex -21.6622 15.949 2.32
      vertex -21.6622 15.949 0
    endloop
  endfacet
  facet normal -0.729891 0.683564 0
    outer loop
      vertex -21.6622 15.949 2.32
      vertex -21.8009 15.8009 0
      vertex -21.8009 15.8009 2.32
    endloop
  endfacet
  facet normal -0.634445 0.772968 0
    outer loop
      vertex -21.949 15.6622 0
      vertex -22.1058 15.5335 2.32
      vertex -21.949 15.6622 2.32
    endloop
  endfacet
  facet normal -0.634445 0.772968 0
    outer loop
      vertex -22.1058 15.5335 2.32
      vertex -21.949 15.6622 0
      vertex -22.1058 15.5335 0
    endloop
  endfacet
  facet normal -0.84916 0.528136 0
    outer loop
      vertex -21.4154 16.2707 0
      vertex -21.3083 16.4429 2.32
      vertex -21.3083 16.4429 0
    endloop
  endfacet
  facet normal -0.84916 0.528136 0
    outer loop
      vertex -21.3083 16.4429 2.32
      vertex -21.4154 16.2707 0
      vertex -21.4154 16.2707 2.32
    endloop
  endfacet
  facet normal -0.772968 0.634445 0
    outer loop
      vertex -21.6622 15.949 0
      vertex -21.5335 16.1058 2.32
      vertex -21.5335 16.1058 0
    endloop
  endfacet
  facet normal -0.772968 0.634445 0
    outer loop
      vertex -21.5335 16.1058 2.32
      vertex -21.6622 15.949 0
      vertex -21.6622 15.949 2.32
    endloop
  endfacet
  facet normal -0.986606 -0.16312 0
    outer loop
      vertex -20.9165 18.4046 0
      vertex -20.9496 18.6048 2.32
      vertex -20.9496 18.6048 0
    endloop
  endfacet
  facet normal -0.986606 -0.16312 0
    outer loop
      vertex -20.9496 18.6048 2.32
      vertex -20.9165 18.4046 0
      vertex -20.9165 18.4046 2.32
    endloop
  endfacet
  facet normal -0.925755 0.378125 0
    outer loop
      vertex -21.1289 16.8066 0
      vertex -21.126 16.8137 2.32
      vertex -21.126 16.8137 0
    endloop
  endfacet
  facet normal -0.925755 0.378125 0
    outer loop
      vertex -21.126 16.8137 2.32
      vertex -21.1289 16.8066 0
      vertex -21.1289 16.8066 2.32
    endloop
  endfacet
  facet normal -0.973932 0.22684 0
    outer loop
      vertex -20.9956 17.1977 0
      vertex -20.9496 17.3952 2.32
      vertex -20.9496 17.3952 0
    endloop
  endfacet
  facet normal -0.973932 0.22684 0
    outer loop
      vertex -20.9496 17.3952 2.32
      vertex -20.9956 17.1977 0
      vertex -20.9956 17.1977 2.32
    endloop
  endfacet
  facet normal -0.995178 0.0980883 0
    outer loop
      vertex -20.9165 17.5954 0
      vertex -20.8966 17.7973 2.32
      vertex -20.8966 17.7973 0
    endloop
  endfacet
  facet normal -0.995178 0.0980883 0
    outer loop
      vertex -20.8966 17.7973 2.32
      vertex -20.9165 17.5954 0
      vertex -20.9165 17.5954 2.32
    endloop
  endfacet
  facet normal -0.99947 -0.0325432 0
    outer loop
      vertex -20.89 18 0
      vertex -20.8966 18.2027 2.32
      vertex -20.8966 18.2027 0
    endloop
  endfacet
  facet normal -0.99947 -0.0325432 0
    outer loop
      vertex -20.8966 18.2027 2.32
      vertex -20.89 18 0
      vertex -20.89 18 2.32
    endloop
  endfacet
  facet normal -0.729891 -0.683564 0
    outer loop
      vertex -21.6622 20.051 0
      vertex -21.8009 20.1991 2.32
      vertex -21.8009 20.1991 0
    endloop
  endfacet
  facet normal -0.729891 -0.683564 0
    outer loop
      vertex -21.8009 20.1991 2.32
      vertex -21.6622 20.051 0
      vertex -21.6622 20.051 2.32
    endloop
  endfacet
  facet normal -0.772968 -0.634445 0
    outer loop
      vertex -21.5335 19.8942 0
      vertex -21.6622 20.051 2.32
      vertex -21.6622 20.051 0
    endloop
  endfacet
  facet normal -0.772968 -0.634445 0
    outer loop
      vertex -21.6622 20.051 2.32
      vertex -21.5335 19.8942 0
      vertex -21.5335 19.8942 2.32
    endloop
  endfacet
  facet normal -0.634445 -0.772968 0
    outer loop
      vertex -22.1058 20.4665 0
      vertex -21.949 20.3378 2.32
      vertex -22.1058 20.4665 2.32
    endloop
  endfacet
  facet normal -0.634445 -0.772968 -0
    outer loop
      vertex -21.949 20.3378 2.32
      vertex -22.1058 20.4665 0
      vertex -21.949 20.3378 0
    endloop
  endfacet
  facet normal -0.582264 -0.813 0
    outer loop
      vertex -22.2707 20.5846 0
      vertex -22.1058 20.4665 2.32
      vertex -22.2707 20.5846 2.32
    endloop
  endfacet
  facet normal -0.582264 -0.813 -0
    outer loop
      vertex -22.1058 20.4665 2.32
      vertex -22.2707 20.5846 0
      vertex -22.1058 20.4665 0
    endloop
  endfacet
  facet normal -0.925755 -0.378125 0
    outer loop
      vertex -21.126 19.1863 0
      vertex -21.1289 19.1934 2.32
      vertex -21.1289 19.1934 0
    endloop
  endfacet
  facet normal -0.925755 -0.378125 0
    outer loop
      vertex -21.1289 19.1934 2.32
      vertex -21.126 19.1863 0
      vertex -21.126 19.1863 2.32
    endloop
  endfacet
  facet normal -0.84916 -0.528136 0
    outer loop
      vertex -21.3083 19.5571 0
      vertex -21.4154 19.7293 2.32
      vertex -21.4154 19.7293 0
    endloop
  endfacet
  facet normal -0.84916 -0.528136 0
    outer loop
      vertex -21.4154 19.7293 2.32
      vertex -21.3083 19.5571 0
      vertex -21.3083 19.5571 2.32
    endloop
  endfacet
  facet normal -0.881766 -0.471688 0
    outer loop
      vertex -21.2126 19.3782 0
      vertex -21.3083 19.5571 2.32
      vertex -21.3083 19.5571 0
    endloop
  endfacet
  facet normal -0.881766 -0.471688 0
    outer loop
      vertex -21.3083 19.5571 2.32
      vertex -21.2126 19.3782 0
      vertex -21.2126 19.3782 2.32
    endloop
  endfacet
  facet normal -0.412577 -0.910923 0
    outer loop
      vertex -22.8066 20.8711 0
      vertex -22.6218 20.7874 2.32
      vertex -22.8066 20.8711 2.32
    endloop
  endfacet
  facet normal -0.412577 -0.910923 -0
    outer loop
      vertex -22.6218 20.7874 2.32
      vertex -22.8066 20.8711 0
      vertex -22.6218 20.7874 0
    endloop
  endfacet
  facet normal -0.378125 -0.925755 0
    outer loop
      vertex -22.8137 20.874 0
      vertex -22.8066 20.8711 2.32
      vertex -22.8137 20.874 2.32
    endloop
  endfacet
  facet normal -0.378125 -0.925755 -0
    outer loop
      vertex -22.8066 20.8711 2.32
      vertex -22.8137 20.874 0
      vertex -22.8066 20.8711 0
    endloop
  endfacet
  facet normal -0.22684 -0.973932 0
    outer loop
      vertex -23.3952 21.0504 0
      vertex -23.1977 21.0044 2.32
      vertex -23.3952 21.0504 2.32
    endloop
  endfacet
  facet normal -0.22684 -0.973932 -0
    outer loop
      vertex -23.1977 21.0044 2.32
      vertex -23.3952 21.0504 0
      vertex -23.1977 21.0044 0
    endloop
  endfacet
  facet normal -0.0325432 -0.99947 0
    outer loop
      vertex -24 21.11 0
      vertex -23.7973 21.1034 2.32
      vertex -24 21.11 2.32
    endloop
  endfacet
  facet normal -0.0325432 -0.99947 -0
    outer loop
      vertex -23.7973 21.1034 2.32
      vertex -24 21.11 0
      vertex -23.7973 21.1034 0
    endloop
  endfacet
  facet normal -0.0980883 -0.995178 0
    outer loop
      vertex -23.7973 21.1034 0
      vertex -23.5954 21.0835 2.32
      vertex -23.7973 21.1034 2.32
    endloop
  endfacet
  facet normal -0.0980883 -0.995178 -0
    outer loop
      vertex -23.5954 21.0835 2.32
      vertex -23.7973 21.1034 0
      vertex -23.5954 21.0835 0
    endloop
  endfacet
  facet normal 0.16312 -0.986606 0
    outer loop
      vertex -24.6048 21.0504 0
      vertex -24.4046 21.0835 2.32
      vertex -24.6048 21.0504 2.32
    endloop
  endfacet
  facet normal 0.16312 -0.986606 0
    outer loop
      vertex -24.4046 21.0835 2.32
      vertex -24.6048 21.0504 0
      vertex -24.4046 21.0835 0
    endloop
  endfacet
  facet normal 0.352528 -0.935801 0
    outer loop
      vertex -25.1863 20.874 0
      vertex -24.9965 20.9455 2.32
      vertex -25.1863 20.874 2.32
    endloop
  endfacet
  facet normal 0.352528 -0.935801 0
    outer loop
      vertex -24.9965 20.9455 2.32
      vertex -25.1863 20.874 0
      vertex -24.9965 20.9455 0
    endloop
  endfacet
  facet normal 0.29024 -0.956954 0
    outer loop
      vertex -24.9965 20.9455 0
      vertex -24.8023 21.0044 2.32
      vertex -24.9965 20.9455 2.32
    endloop
  endfacet
  facet normal 0.29024 -0.956954 0
    outer loop
      vertex -24.8023 21.0044 2.32
      vertex -24.9965 20.9455 0
      vertex -24.8023 21.0044 0
    endloop
  endfacet
  facet normal 0.99947 -0.0325432 0
    outer loop
      vertex -27.11 18 2.32
      vertex -27.1034 18.2027 0
      vertex -27.1034 18.2027 2.32
    endloop
  endfacet
  facet normal 0.99947 -0.0325432 0
    outer loop
      vertex -27.1034 18.2027 0
      vertex -27.11 18 2.32
      vertex -27.11 18 0
    endloop
  endfacet
  facet normal 0.995178 -0.0980883 0
    outer loop
      vertex -27.1034 18.2027 2.32
      vertex -27.0835 18.4046 0
      vertex -27.0835 18.4046 2.32
    endloop
  endfacet
  facet normal 0.995178 -0.0980883 0
    outer loop
      vertex -27.0835 18.4046 0
      vertex -27.1034 18.2027 2.32
      vertex -27.1034 18.2027 0
    endloop
  endfacet
  facet normal 0.986606 0.16312 0
    outer loop
      vertex -27.0504 17.3952 2.32
      vertex -27.0835 17.5954 0
      vertex -27.0835 17.5954 2.32
    endloop
  endfacet
  facet normal 0.986606 0.16312 0
    outer loop
      vertex -27.0835 17.5954 0
      vertex -27.0504 17.3952 2.32
      vertex -27.0504 17.3952 0
    endloop
  endfacet
  facet normal 0.99947 0.0325432 0
    outer loop
      vertex -27.1034 17.7973 2.32
      vertex -27.11 18 0
      vertex -27.11 18 2.32
    endloop
  endfacet
  facet normal 0.99947 0.0325432 0
    outer loop
      vertex -27.11 18 0
      vertex -27.1034 17.7973 2.32
      vertex -27.1034 17.7973 0
    endloop
  endfacet
  facet normal 0.378125 -0.925755 0
    outer loop
      vertex -25.1934 20.8711 0
      vertex -25.1863 20.874 2.32
      vertex -25.1934 20.8711 2.32
    endloop
  endfacet
  facet normal 0.378125 -0.925755 0
    outer loop
      vertex -25.1863 20.874 2.32
      vertex -25.1934 20.8711 0
      vertex -25.1863 20.874 0
    endloop
  endfacet
  facet normal 0.528136 -0.84916 0
    outer loop
      vertex -25.7293 20.5846 0
      vertex -25.5571 20.6917 2.32
      vertex -25.7293 20.5846 2.32
    endloop
  endfacet
  facet normal 0.528136 -0.84916 0
    outer loop
      vertex -25.5571 20.6917 2.32
      vertex -25.7293 20.5846 0
      vertex -25.5571 20.6917 0
    endloop
  endfacet
  facet normal 0.471688 -0.881766 0
    outer loop
      vertex -25.5571 20.6917 0
      vertex -25.3782 20.7874 2.32
      vertex -25.5571 20.6917 2.32
    endloop
  endfacet
  facet normal 0.471688 -0.881766 0
    outer loop
      vertex -25.3782 20.7874 2.32
      vertex -25.5571 20.6917 0
      vertex -25.3782 20.7874 0
    endloop
  endfacet
  facet normal 0.772968 -0.634445 0
    outer loop
      vertex -26.4665 19.8942 2.32
      vertex -26.3378 20.051 0
      vertex -26.3378 20.051 2.32
    endloop
  endfacet
  facet normal 0.772968 -0.634445 0
    outer loop
      vertex -26.3378 20.051 0
      vertex -26.4665 19.8942 2.32
      vertex -26.4665 19.8942 0
    endloop
  endfacet
  facet normal 0.813 -0.582264 0
    outer loop
      vertex -26.5846 19.7293 2.32
      vertex -26.4665 19.8942 0
      vertex -26.4665 19.8942 2.32
    endloop
  endfacet
  facet normal 0.813 -0.582264 0
    outer loop
      vertex -26.4665 19.8942 0
      vertex -26.5846 19.7293 2.32
      vertex -26.5846 19.7293 0
    endloop
  endfacet
  facet normal 0.634445 -0.772968 0
    outer loop
      vertex -26.051 20.3378 0
      vertex -25.8942 20.4665 2.32
      vertex -26.051 20.3378 2.32
    endloop
  endfacet
  facet normal 0.634445 -0.772968 0
    outer loop
      vertex -25.8942 20.4665 2.32
      vertex -26.051 20.3378 0
      vertex -25.8942 20.4665 0
    endloop
  endfacet
  facet normal 0.973932 -0.22684 0
    outer loop
      vertex -27.0504 18.6048 2.32
      vertex -27.0044 18.8023 0
      vertex -27.0044 18.8023 2.32
    endloop
  endfacet
  facet normal 0.973932 -0.22684 0
    outer loop
      vertex -27.0044 18.8023 0
      vertex -27.0504 18.6048 2.32
      vertex -27.0504 18.6048 0
    endloop
  endfacet
  facet normal 0.910923 -0.412577 0
    outer loop
      vertex -26.8711 19.1934 2.32
      vertex -26.7874 19.3782 0
      vertex -26.7874 19.3782 2.32
    endloop
  endfacet
  facet normal 0.910923 -0.412577 0
    outer loop
      vertex -26.7874 19.3782 0
      vertex -26.8711 19.1934 2.32
      vertex -26.8711 19.1934 0
    endloop
  endfacet
  facet normal 0.925755 -0.378125 0
    outer loop
      vertex -26.874 19.1863 2.32
      vertex -26.8711 19.1934 0
      vertex -26.8711 19.1934 2.32
    endloop
  endfacet
  facet normal 0.925755 -0.378125 0
    outer loop
      vertex -26.8711 19.1934 0
      vertex -26.874 19.1863 2.32
      vertex -26.874 19.1863 0
    endloop
  endfacet
  facet normal 0.412577 0.910923 -0
    outer loop
      vertex -25.1934 15.1289 0
      vertex -25.3782 15.2126 2.32
      vertex -25.1934 15.1289 2.32
    endloop
  endfacet
  facet normal 0.412577 0.910923 0
    outer loop
      vertex -25.3782 15.2126 2.32
      vertex -25.1934 15.1289 0
      vertex -25.3782 15.2126 0
    endloop
  endfacet
  facet normal 0.16312 0.986606 -0
    outer loop
      vertex -24.4046 14.9165 0
      vertex -24.6048 14.9496 2.32
      vertex -24.4046 14.9165 2.32
    endloop
  endfacet
  facet normal 0.16312 0.986606 0
    outer loop
      vertex -24.6048 14.9496 2.32
      vertex -24.4046 14.9165 0
      vertex -24.6048 14.9496 0
    endloop
  endfacet
  facet normal -0.22684 0.973932 0
    outer loop
      vertex -23.1977 14.9956 0
      vertex -23.3952 14.9496 2.32
      vertex -23.1977 14.9956 2.32
    endloop
  endfacet
  facet normal -0.22684 0.973932 0
    outer loop
      vertex -23.3952 14.9496 2.32
      vertex -23.1977 14.9956 0
      vertex -23.3952 14.9496 0
    endloop
  endfacet
  facet normal 0.0325432 0.99947 -0
    outer loop
      vertex -24 14.89 0
      vertex -24.2027 14.8966 2.32
      vertex -24 14.89 2.32
    endloop
  endfacet
  facet normal 0.0325432 0.99947 0
    outer loop
      vertex -24.2027 14.8966 2.32
      vertex -24 14.89 0
      vertex -24.2027 14.8966 0
    endloop
  endfacet
  facet normal 0.84916 0.528136 0
    outer loop
      vertex -26.5846 16.2707 2.32
      vertex -26.6917 16.4429 0
      vertex -26.6917 16.4429 2.32
    endloop
  endfacet
  facet normal 0.84916 0.528136 0
    outer loop
      vertex -26.6917 16.4429 0
      vertex -26.5846 16.2707 2.32
      vertex -26.5846 16.2707 0
    endloop
  endfacet
  facet normal 0.935801 0.352528 0
    outer loop
      vertex -26.874 16.8137 2.32
      vertex -26.9455 17.0035 0
      vertex -26.9455 17.0035 2.32
    endloop
  endfacet
  facet normal 0.935801 0.352528 0
    outer loop
      vertex -26.9455 17.0035 0
      vertex -26.874 16.8137 2.32
      vertex -26.874 16.8137 0
    endloop
  endfacet
  facet normal 0.729891 0.683564 0
    outer loop
      vertex -26.1991 15.8009 2.32
      vertex -26.3378 15.949 0
      vertex -26.3378 15.949 2.32
    endloop
  endfacet
  facet normal 0.729891 0.683564 0
    outer loop
      vertex -26.3378 15.949 0
      vertex -26.1991 15.8009 2.32
      vertex -26.1991 15.8009 0
    endloop
  endfacet
  facet normal 0.582264 0.813 -0
    outer loop
      vertex -25.7293 15.4154 0
      vertex -25.8942 15.5335 2.32
      vertex -25.7293 15.4154 2.32
    endloop
  endfacet
  facet normal 0.582264 0.813 0
    outer loop
      vertex -25.8942 15.5335 2.32
      vertex -25.7293 15.4154 0
      vertex -25.8942 15.5335 0
    endloop
  endfacet
  facet normal -0.528136 0.84916 0
    outer loop
      vertex -22.2707 15.4154 0
      vertex -22.4429 15.3083 2.32
      vertex -22.2707 15.4154 2.32
    endloop
  endfacet
  facet normal -0.528136 0.84916 0
    outer loop
      vertex -22.4429 15.3083 2.32
      vertex -22.2707 15.4154 0
      vertex -22.4429 15.3083 0
    endloop
  endfacet
  facet normal -0.352528 0.935801 0
    outer loop
      vertex -22.8137 15.126 0
      vertex -23.0035 15.0545 2.32
      vertex -22.8137 15.126 2.32
    endloop
  endfacet
  facet normal -0.352528 0.935801 0
    outer loop
      vertex -23.0035 15.0545 2.32
      vertex -22.8137 15.126 0
      vertex -23.0035 15.0545 0
    endloop
  endfacet
  facet normal -0.683564 0.729891 0
    outer loop
      vertex -21.8009 15.8009 0
      vertex -21.949 15.6622 2.32
      vertex -21.8009 15.8009 2.32
    endloop
  endfacet
  facet normal -0.683564 0.729891 0
    outer loop
      vertex -21.949 15.6622 2.32
      vertex -21.8009 15.8009 0
      vertex -21.949 15.6622 0
    endloop
  endfacet
  facet normal -0.813 0.582264 0
    outer loop
      vertex -21.5335 16.1058 0
      vertex -21.4154 16.2707 2.32
      vertex -21.4154 16.2707 0
    endloop
  endfacet
  facet normal -0.813 0.582264 0
    outer loop
      vertex -21.4154 16.2707 2.32
      vertex -21.5335 16.1058 0
      vertex -21.5335 16.1058 2.32
    endloop
  endfacet
  facet normal -0.910923 0.412577 0
    outer loop
      vertex -21.2126 16.6218 0
      vertex -21.1289 16.8066 2.32
      vertex -21.1289 16.8066 0
    endloop
  endfacet
  facet normal -0.910923 0.412577 0
    outer loop
      vertex -21.1289 16.8066 2.32
      vertex -21.2126 16.6218 0
      vertex -21.2126 16.6218 2.32
    endloop
  endfacet
  facet normal -0.935801 0.352528 0
    outer loop
      vertex -21.126 16.8137 0
      vertex -21.0545 17.0035 2.32
      vertex -21.0545 17.0035 0
    endloop
  endfacet
  facet normal -0.935801 0.352528 0
    outer loop
      vertex -21.0545 17.0035 2.32
      vertex -21.126 16.8137 0
      vertex -21.126 16.8137 2.32
    endloop
  endfacet
  facet normal -0.986606 0.16312 0
    outer loop
      vertex -20.9496 17.3952 0
      vertex -20.9165 17.5954 2.32
      vertex -20.9165 17.5954 0
    endloop
  endfacet
  facet normal -0.986606 0.16312 0
    outer loop
      vertex -20.9165 17.5954 2.32
      vertex -20.9496 17.3952 0
      vertex -20.9496 17.3952 2.32
    endloop
  endfacet
  facet normal -0.99947 0.0325432 0
    outer loop
      vertex -20.8966 17.7973 0
      vertex -20.89 18 2.32
      vertex -20.89 18 0
    endloop
  endfacet
  facet normal -0.99947 0.0325432 0
    outer loop
      vertex -20.89 18 2.32
      vertex -20.8966 17.7973 0
      vertex -20.8966 17.7973 2.32
    endloop
  endfacet
  facet normal 0.973932 0.22684 0
    outer loop
      vertex -27.0044 17.1977 2.32
      vertex -27.0504 17.3952 0
      vertex -27.0504 17.3952 2.32
    endloop
  endfacet
  facet normal 0.973932 0.22684 0
    outer loop
      vertex -27.0504 17.3952 0
      vertex -27.0044 17.1977 2.32
      vertex -27.0044 17.1977 0
    endloop
  endfacet
  facet normal 0 0 -1
    outer loop
      vertex -20.8966 17.7973 2.32
      vertex -20.8966 18.2027 2.32
      vertex -20.89 18 2.32
    endloop
  endfacet
  facet normal 0 0 -1
    outer loop
      vertex -20.9165 17.5954 2.32
      vertex -20.8966 18.2027 2.32
      vertex -20.8966 17.7973 2.32
    endloop
  endfacet
  facet normal 0 0 -1
    outer loop
      vertex -20.9165 17.5954 2.32
      vertex -20.9165 18.4046 2.32
      vertex -20.8966 18.2027 2.32
    endloop
  endfacet
  facet normal 0 0 -1
    outer loop
      vertex -20.9496 17.3952 2.32
      vertex -20.9165 18.4046 2.32
      vertex -20.9165 17.5954 2.32
    endloop
  endfacet
  facet normal 0 0 -1
    outer loop
      vertex -20.9496 17.3952 2.32
      vertex -20.9496 18.6048 2.32
      vertex -20.9165 18.4046 2.32
    endloop
  endfacet
  facet normal 0 0 -1
    outer loop
      vertex -20.9956 17.1977 2.32
      vertex -20.9496 18.6048 2.32
      vertex -20.9496 17.3952 2.32
    endloop
  endfacet
  facet normal 0 0 -1
    outer loop
      vertex -20.9956 17.1977 2.32
      vertex -20.9956 18.8023 2.32
      vertex -20.9496 18.6048 2.32
    endloop
  endfacet
  facet normal 0 0 -1
    outer loop
      vertex -21.0545 17.0035 2.32
      vertex -20.9956 18.8023 2.32
      vertex -20.9956 17.1977 2.32
    endloop
  endfacet
  facet normal 0 0 -1
    outer loop
      vertex -21.0545 17.0035 2.32
      vertex -21.0545 18.9965 2.32
      vertex -20.9956 18.8023 2.32
    endloop
  endfacet
  facet normal 0 0 -1
    outer loop
      vertex -21.126 16.8137 2.32
      vertex -21.0545 18.9965 2.32
      vertex -21.0545 17.0035 2.32
    endloop
  endfacet
  facet normal 0 0 -1
    outer loop
      vertex -21.126 16.8137 2.32
      vertex -21.126 19.1863 2.32
      vertex -21.0545 18.9965 2.32
    endloop
  endfacet
  facet normal 0 0 -1
    outer loop
      vertex -21.1289 16.8066 2.32
      vertex -21.126 19.1863 2.32
      vertex -21.126 16.8137 2.32
    endloop
  endfacet
  facet normal 0 0 -1
    outer loop
      vertex -21.1289 16.8066 2.32
      vertex -21.1289 19.1934 2.32
      vertex -21.126 19.1863 2.32
    endloop
  endfacet
  facet normal 0 0 -1
    outer loop
      vertex -21.2126 16.6218 2.32
      vertex -21.1289 19.1934 2.32
      vertex -21.1289 16.8066 2.32
    endloop
  endfacet
  facet normal 0 0 -1
    outer loop
      vertex -21.2126 16.6218 2.32
      vertex -21.2126 19.3782 2.32
      vertex -21.1289 19.1934 2.32
    endloop
  endfacet
  facet normal 0 0 -1
    outer loop
      vertex -21.3083 16.4429 2.32
      vertex -21.2126 19.3782 2.32
      vertex -21.2126 16.6218 2.32
    endloop
  endfacet
  facet normal 0 0 -1
    outer loop
      vertex -21.3083 16.4429 2.32
      vertex -21.3083 19.5571 2.32
      vertex -21.2126 19.3782 2.32
    endloop
  endfacet
  facet normal 0 0 -1
    outer loop
      vertex -21.4154 16.2707 2.32
      vertex -21.3083 19.5571 2.32
      vertex -21.3083 16.4429 2.32
    endloop
  endfacet
  facet normal 0 0 -1
    outer loop
      vertex -21.4154 16.2707 2.32
      vertex -21.4154 19.7293 2.32
      vertex -21.3083 19.5571 2.32
    endloop
  endfacet
  facet normal 0 0 -1
    outer loop
      vertex -21.5335 16.1058 2.32
      vertex -21.4154 19.7293 2.32
      vertex -21.4154 16.2707 2.32
    endloop
  endfacet
  facet normal 0 0 -1
    outer loop
      vertex -21.5335 16.1058 2.32
      vertex -21.5335 19.8942 2.32
      vertex -21.4154 19.7293 2.32
    endloop
  endfacet
  facet normal 0 0 -1
    outer loop
      vertex -21.6622 15.949 2.32
      vertex -21.5335 19.8942 2.32
      vertex -21.5335 16.1058 2.32
    endloop
  endfacet
  facet normal 0 0 -1
    outer loop
      vertex -21.6622 15.949 2.32
      vertex -21.6622 20.051 2.32
      vertex -21.5335 19.8942 2.32
    endloop
  endfacet
  facet normal 0 0 -1
    outer loop
      vertex -21.8009 15.8009 2.32
      vertex -21.6622 20.051 2.32
      vertex -21.6622 15.949 2.32
    endloop
  endfacet
  facet normal 0 0 -1
    outer loop
      vertex -21.8009 15.8009 2.32
      vertex -21.8009 20.1991 2.32
      vertex -21.6622 20.051 2.32
    endloop
  endfacet
  facet normal 0 0 -1
    outer loop
      vertex -21.949 15.6622 2.32
      vertex -21.8009 20.1991 2.32
      vertex -21.8009 15.8009 2.32
    endloop
  endfacet
  facet normal 0 0 -1
    outer loop
      vertex -21.949 15.6622 2.32
      vertex -21.949 20.3378 2.32
      vertex -21.8009 20.1991 2.32
    endloop
  endfacet
  facet normal 0 0 -1
    outer loop
      vertex -22.1058 15.5335 2.32
      vertex -21.949 20.3378 2.32
      vertex -21.949 15.6622 2.32
    endloop
  endfacet
  facet normal 0 0 -1
    outer loop
      vertex -22.1058 15.5335 2.32
      vertex -22.1058 20.4665 2.32
      vertex -21.949 20.3378 2.32
    endloop
  endfacet
  facet normal 0 0 -1
    outer loop
      vertex -22.2707 15.4154 2.32
      vertex -22.1058 20.4665 2.32
      vertex -22.1058 15.5335 2.32
    endloop
  endfacet
  facet normal 0 0 -1
    outer loop
      vertex -22.2707 15.4154 2.32
      vertex -22.2707 20.5846 2.32
      vertex -22.1058 20.4665 2.32
    endloop
  endfacet
  facet normal 0 0 -1
    outer loop
      vertex -22.4429 15.3083 2.32
      vertex -22.2707 20.5846 2.32
      vertex -22.2707 15.4154 2.32
    endloop
  endfacet
  facet normal 0 0 -1
    outer loop
      vertex -22.4429 15.3083 2.32
      vertex -22.4429 20.6917 2.32
      vertex -22.2707 20.5846 2.32
    endloop
  endfacet
  facet normal 0 0 -1
    outer loop
      vertex -22.6218 15.2126 2.32
      vertex -22.4429 20.6917 2.32
      vertex -22.4429 15.3083 2.32
    endloop
  endfacet
  facet normal 0 0 -1
    outer loop
      vertex -22.6218 15.2126 2.32
      vertex -22.6218 20.7874 2.32
      vertex -22.4429 20.6917 2.32
    endloop
  endfacet
  facet normal 0 0 -1
    outer loop
      vertex -22.8066 15.1289 2.32
      vertex -22.6218 20.7874 2.32
      vertex -22.6218 15.2126 2.32
    endloop
  endfacet
  facet normal 0 0 -1
    outer loop
      vertex -22.8066 15.1289 2.32
      vertex -22.8066 20.8711 2.32
      vertex -22.6218 20.7874 2.32
    endloop
  endfacet
  facet normal 0 0 -1
    outer loop
      vertex -22.8137 15.126 2.32
      vertex -22.8066 20.8711 2.32
      vertex -22.8066 15.1289 2.32
    endloop
  endfacet
  facet normal 0 0 -1
    outer loop
      vertex -22.8137 15.126 2.32
      vertex -22.8137 20.874 2.32
      vertex -22.8066 20.8711 2.32
    endloop
  endfacet
  facet normal 0 0 -1
    outer loop
      vertex -23.0035 15.0545 2.32
      vertex -22.8137 20.874 2.32
      vertex -22.8137 15.126 2.32
    endloop
  endfacet
  facet normal 0 0 -1
    outer loop
      vertex -23.0035 15.0545 2.32
      vertex -23.0035 20.9455 2.32
      vertex -22.8137 20.874 2.32
    endloop
  endfacet
  facet normal 0 0 -1
    outer loop
      vertex -23.1977 14.9956 2.32
      vertex -23.0035 20.9455 2.32
      vertex -23.0035 15.0545 2.32
    endloop
  endfacet
  facet normal 0 0 -1
    outer loop
      vertex -23.1977 14.9956 2.32
      vertex -23.1977 21.0044 2.32
      vertex -23.0035 20.9455 2.32
    endloop
  endfacet
  facet normal 0 0 -1
    outer loop
      vertex -23.3952 14.9496 2.32
      vertex -23.1977 21.0044 2.32
      vertex -23.1977 14.9956 2.32
    endloop
  endfacet
  facet normal 0 0 -1
    outer loop
      vertex -23.3952 14.9496 2.32
      vertex -23.3952 21.0504 2.32
      vertex -23.1977 21.0044 2.32
    endloop
  endfacet
  facet normal 0 0 -1
    outer loop
      vertex -23.5954 14.9165 2.32
      vertex -23.3952 21.0504 2.32
      vertex -23.3952 14.9496 2.32
    endloop
  endfacet
  facet normal 0 0 -1
    outer loop
      vertex -23.5954 14.9165 2.32
      vertex -23.5954 21.0835 2.32
      vertex -23.3952 21.0504 2.32
    endloop
  endfacet
  facet normal 0 0 -1
    outer loop
      vertex -23.7973 14.8966 2.32
      vertex -23.5954 21.0835 2.32
      vertex -23.5954 14.9165 2.32
    endloop
  endfacet
  facet normal 0 0 -1
    outer loop
      vertex -23.7973 14.8966 2.32
      vertex -23.7973 21.1034 2.32
      vertex -23.5954 21.0835 2.32
    endloop
  endfacet
  facet normal 0 0 -1
    outer loop
      vertex -24 14.89 2.32
      vertex -23.7973 21.1034 2.32
      vertex -23.7973 14.8966 2.32
    endloop
  endfacet
  facet normal 0 0 -1
    outer loop
      vertex -24 14.89 2.32
      vertex -24 21.11 2.32
      vertex -23.7973 21.1034 2.32
    endloop
  endfacet
  facet normal 0 0 -1
    outer loop
      vertex -24.2027 14.8966 2.32
      vertex -24 21.11 2.32
      vertex -24 14.89 2.32
    endloop
  endfacet
  facet normal 0 0 -1
    outer loop
      vertex -24.2027 14.8966 2.32
      vertex -24.2027 21.1034 2.32
      vertex -24 21.11 2.32
    endloop
  endfacet
  facet normal 0 0 -1
    outer loop
      vertex -24.4046 14.9165 2.32
      vertex -24.2027 21.1034 2.32
      vertex -24.2027 14.8966 2.32
    endloop
  endfacet
  facet normal 0 0 -1
    outer loop
      vertex -24.4046 14.9165 2.32
      vertex -24.4046 21.0835 2.32
      vertex -24.2027 21.1034 2.32
    endloop
  endfacet
  facet normal 0 0 -1
    outer loop
      vertex -24.6048 14.9496 2.32
      vertex -24.4046 21.0835 2.32
      vertex -24.4046 14.9165 2.32
    endloop
  endfacet
  facet normal 0 0 -1
    outer loop
      vertex -24.6048 14.9496 2.32
      vertex -24.6048 21.0504 2.32
      vertex -24.4046 21.0835 2.32
    endloop
  endfacet
  facet normal 0 0 -1
    outer loop
      vertex -24.8023 14.9956 2.32
      vertex -24.6048 21.0504 2.32
      vertex -24.6048 14.9496 2.32
    endloop
  endfacet
  facet normal 0 0 -1
    outer loop
      vertex -24.8023 14.9956 2.32
      vertex -24.8023 21.0044 2.32
      vertex -24.6048 21.0504 2.32
    endloop
  endfacet
  facet normal 0 0 -1
    outer loop
      vertex -24.9965 15.0545 2.32
      vertex -24.8023 21.0044 2.32
      vertex -24.8023 14.9956 2.32
    endloop
  endfacet
  facet normal 0 0 -1
    outer loop
      vertex -24.9965 15.0545 2.32
      vertex -24.9965 20.9455 2.32
      vertex -24.8023 21.0044 2.32
    endloop
  endfacet
  facet normal 0 0 -1
    outer loop
      vertex -25.1863 15.126 2.32
      vertex -24.9965 20.9455 2.32
      vertex -24.9965 15.0545 2.32
    endloop
  endfacet
  facet normal 0 0 -1
    outer loop
      vertex -25.1863 15.126 2.32
      vertex -25.1863 20.874 2.32
      vertex -24.9965 20.9455 2.32
    endloop
  endfacet
  facet normal 0 0 -1
    outer loop
      vertex -25.1934 15.1289 2.32
      vertex -25.1863 20.874 2.32
      vertex -25.1863 15.126 2.32
    endloop
  endfacet
  facet normal 0 0 -1
    outer loop
      vertex -25.1934 15.1289 2.32
      vertex -25.1934 20.8711 2.32
      vertex -25.1863 20.874 2.32
    endloop
  endfacet
  facet normal 0 0 -1
    outer loop
      vertex -25.3782 15.2126 2.32
      vertex -25.1934 20.8711 2.32
      vertex -25.1934 15.1289 2.32
    endloop
  endfacet
  facet normal 0 0 -1
    outer loop
      vertex -25.3782 15.2126 2.32
      vertex -25.3782 20.7874 2.32
      vertex -25.1934 20.8711 2.32
    endloop
  endfacet
  facet normal 0 0 -1
    outer loop
      vertex -25.5571 15.3083 2.32
      vertex -25.3782 20.7874 2.32
      vertex -25.3782 15.2126 2.32
    endloop
  endfacet
  facet normal 0 0 -1
    outer loop
      vertex -25.5571 15.3083 2.32
      vertex -25.5571 20.6917 2.32
      vertex -25.3782 20.7874 2.32
    endloop
  endfacet
  facet normal 0 0 -1
    outer loop
      vertex -25.7293 15.4154 2.32
      vertex -25.5571 20.6917 2.32
      vertex -25.5571 15.3083 2.32
    endloop
  endfacet
  facet normal 0 0 -1
    outer loop
      vertex -25.7293 15.4154 2.32
      vertex -25.7293 20.5846 2.32
      vertex -25.5571 20.6917 2.32
    endloop
  endfacet
  facet normal 0 0 -1
    outer loop
      vertex -25.8942 15.5335 2.32
      vertex -25.7293 20.5846 2.32
      vertex -25.7293 15.4154 2.32
    endloop
  endfacet
  facet normal 0 0 -1
    outer loop
      vertex -25.8942 15.5335 2.32
      vertex -25.8942 20.4665 2.32
      vertex -25.7293 20.5846 2.32
    endloop
  endfacet
  facet normal 0 0 -1
    outer loop
      vertex -26.051 15.6622 2.32
      vertex -25.8942 20.4665 2.32
      vertex -25.8942 15.5335 2.32
    endloop
  endfacet
  facet normal 0 0 -1
    outer loop
      vertex -26.051 15.6622 2.32
      vertex -26.051 20.3378 2.32
      vertex -25.8942 20.4665 2.32
    endloop
  endfacet
  facet normal 0 0 -1
    outer loop
      vertex -26.1991 15.8009 2.32
      vertex -26.051 20.3378 2.32
      vertex -26.051 15.6622 2.32
    endloop
  endfacet
  facet normal 0 0 -1
    outer loop
      vertex -26.1991 15.8009 2.32
      vertex -26.1991 20.1991 2.32
      vertex -26.051 20.3378 2.32
    endloop
  endfacet
  facet normal 0 0 -1
    outer loop
      vertex -26.3378 15.949 2.32
      vertex -26.1991 20.1991 2.32
      vertex -26.1991 15.8009 2.32
    endloop
  endfacet
  facet normal 0 0 -1
    outer loop
      vertex -26.3378 15.949 2.32
      vertex -26.3378 20.051 2.32
      vertex -26.1991 20.1991 2.32
    endloop
  endfacet
  facet normal 0 0 -1
    outer loop
      vertex -26.4665 16.1058 2.32
      vertex -26.3378 20.051 2.32
      vertex -26.3378 15.949 2.32
    endloop
  endfacet
  facet normal 0 0 -1
    outer loop
      vertex -26.4665 16.1058 2.32
      vertex -26.4665 19.8942 2.32
      vertex -26.3378 20.051 2.32
    endloop
  endfacet
  facet normal 0 0 -1
    outer loop
      vertex -26.5846 16.2707 2.32
      vertex -26.4665 19.8942 2.32
      vertex -26.4665 16.1058 2.32
    endloop
  endfacet
  facet normal 0 0 -1
    outer loop
      vertex -26.5846 16.2707 2.32
      vertex -26.5846 19.7293 2.32
      vertex -26.4665 19.8942 2.32
    endloop
  endfacet
  facet normal 0 0 -1
    outer loop
      vertex -26.6917 16.4429 2.32
      vertex -26.5846 19.7293 2.32
      vertex -26.5846 16.2707 2.32
    endloop
  endfacet
  facet normal 0 0 -1
    outer loop
      vertex -26.6917 16.4429 2.32
      vertex -26.6917 19.5571 2.32
      vertex -26.5846 19.7293 2.32
    endloop
  endfacet
  facet normal 0 0 -1
    outer loop
      vertex -26.7874 16.6218 2.32
      vertex -26.6917 19.5571 2.32
      vertex -26.6917 16.4429 2.32
    endloop
  endfacet
  facet normal 0 0 -1
    outer loop
      vertex -26.7874 16.6218 2.32
      vertex -26.7874 19.3782 2.32
      vertex -26.6917 19.5571 2.32
    endloop
  endfacet
  facet normal 0 0 -1
    outer loop
      vertex -26.8711 16.8066 2.32
      vertex -26.7874 19.3782 2.32
      vertex -26.7874 16.6218 2.32
    endloop
  endfacet
  facet normal 0 0 -1
    outer loop
      vertex -26.8711 16.8066 2.32
      vertex -26.8711 19.1934 2.32
      vertex -26.7874 19.3782 2.32
    endloop
  endfacet
  facet normal 0 0 -1
    outer loop
      vertex -26.874 16.8137 2.32
      vertex -26.8711 19.1934 2.32
      vertex -26.8711 16.8066 2.32
    endloop
  endfacet
  facet normal 0 0 -1
    outer loop
      vertex -26.874 16.8137 2.32
      vertex -26.874 19.1863 2.32
      vertex -26.8711 19.1934 2.32
    endloop
  endfacet
  facet normal 0 0 -1
    outer loop
      vertex -26.9455 17.0035 2.32
      vertex -26.874 19.1863 2.32
      vertex -26.874 16.8137 2.32
    endloop
  endfacet
  facet normal 0 0 -1
    outer loop
      vertex -26.9455 17.0035 2.32
      vertex -26.9455 18.9965 2.32
      vertex -26.874 19.1863 2.32
    endloop
  endfacet
  facet normal 0 0 -1
    outer loop
      vertex -27.0044 17.1977 2.32
      vertex -26.9455 18.9965 2.32
      vertex -26.9455 17.0035 2.32
    endloop
  endfacet
  facet normal 0 0 -1
    outer loop
      vertex -27.0044 17.1977 2.32
      vertex -27.0044 18.8023 2.32
      vertex -26.9455 18.9965 2.32
    endloop
  endfacet
  facet normal 0 0 -1
    outer loop
      vertex -27.0504 17.3952 2.32
      vertex -27.0044 18.8023 2.32
      vertex -27.0044 17.1977 2.32
    endloop
  endfacet
  facet normal 0 0 -1
    outer loop
      vertex -27.0504 17.3952 2.32
      vertex -27.0504 18.6048 2.32
      vertex -27.0044 18.8023 2.32
    endloop
  endfacet
  facet normal 0 0 -1
    outer loop
      vertex -27.0835 17.5954 2.32
      vertex -27.0504 18.6048 2.32
      vertex -27.0504 17.3952 2.32
    endloop
  endfacet
  facet normal 0 0 -1
    outer loop
      vertex -27.0835 17.5954 2.32
      vertex -27.0835 18.4046 2.32
      vertex -27.0504 18.6048 2.32
    endloop
  endfacet
  facet normal 0 0 -1
    outer loop
      vertex -27.1034 17.7973 2.32
      vertex -27.0835 18.4046 2.32
      vertex -27.0835 17.5954 2.32
    endloop
  endfacet
  facet normal 0 0 -1
    outer loop
      vertex -27.1034 17.7973 2.32
      vertex -27.1034 18.2027 2.32
      vertex -27.0835 18.4046 2.32
    endloop
  endfacet
  facet normal 0 -0 -1
    outer loop
      vertex -27.1034 18.2027 2.32
      vertex -27.1034 17.7973 2.32
      vertex -27.11 18 2.32
    endloop
  endfacet
  facet normal -0.813 0.582264 0
    outer loop
      vertex -21.5335 -16.8942 0
      vertex -21.4154 -16.7293 2.32
      vertex -21.4154 -16.7293 0
    endloop
  endfacet
  facet normal -0.813 0.582264 0
    outer loop
      vertex -21.4154 -16.7293 2.32
      vertex -21.5335 -16.8942 0
      vertex -21.5335 -16.8942 2.32
    endloop
  endfacet
  facet normal -0.99947 0.0325432 0
    outer loop
      vertex -20.8966 -15.2027 0
      vertex -20.89 -15 2.32
      vertex -20.89 -15 0
    endloop
  endfacet
  facet normal -0.99947 0.0325432 0
    outer loop
      vertex -20.89 -15 2.32
      vertex -20.8966 -15.2027 0
      vertex -20.8966 -15.2027 2.32
    endloop
  endfacet
  facet normal -0.634445 0.772968 0
    outer loop
      vertex -21.949 -17.3378 0
      vertex -22.1058 -17.4665 2.32
      vertex -21.949 -17.3378 2.32
    endloop
  endfacet
  facet normal -0.634445 0.772968 0
    outer loop
      vertex -22.1058 -17.4665 2.32
      vertex -21.949 -17.3378 0
      vertex -22.1058 -17.4665 0
    endloop
  endfacet
  facet normal -0.813 -0.582264 0
    outer loop
      vertex -21.4154 -13.2707 0
      vertex -21.5335 -13.1058 2.32
      vertex -21.5335 -13.1058 0
    endloop
  endfacet
  facet normal -0.813 -0.582264 0
    outer loop
      vertex -21.5335 -13.1058 2.32
      vertex -21.4154 -13.2707 0
      vertex -21.4154 -13.2707 2.32
    endloop
  endfacet
  facet normal -0.378125 -0.925755 0
    outer loop
      vertex -22.8137 -12.126 0
      vertex -22.8066 -12.1289 2.32
      vertex -22.8137 -12.126 2.32
    endloop
  endfacet
  facet normal -0.378125 -0.925755 -0
    outer loop
      vertex -22.8066 -12.1289 2.32
      vertex -22.8137 -12.126 0
      vertex -22.8066 -12.1289 0
    endloop
  endfacet
  facet normal -0.956954 0.29024 0
    outer loop
      vertex -21.0545 -15.9965 0
      vertex -20.9956 -15.8023 2.32
      vertex -20.9956 -15.8023 0
    endloop
  endfacet
  facet normal -0.956954 0.29024 0
    outer loop
      vertex -20.9956 -15.8023 2.32
      vertex -21.0545 -15.9965 0
      vertex -21.0545 -15.9965 2.32
    endloop
  endfacet
  facet normal -0.910923 0.412577 0
    outer loop
      vertex -21.2126 -16.3782 0
      vertex -21.1289 -16.1934 2.32
      vertex -21.1289 -16.1934 0
    endloop
  endfacet
  facet normal -0.910923 0.412577 0
    outer loop
      vertex -21.1289 -16.1934 2.32
      vertex -21.2126 -16.3782 0
      vertex -21.2126 -16.3782 2.32
    endloop
  endfacet
  facet normal -0.995178 0.0980883 0
    outer loop
      vertex -20.9165 -15.4046 0
      vertex -20.8966 -15.2027 2.32
      vertex -20.8966 -15.2027 0
    endloop
  endfacet
  facet normal -0.995178 0.0980883 0
    outer loop
      vertex -20.8966 -15.2027 2.32
      vertex -20.9165 -15.4046 0
      vertex -20.9165 -15.4046 2.32
    endloop
  endfacet
  facet normal -0.925755 -0.378125 0
    outer loop
      vertex -21.126 -13.8137 0
      vertex -21.1289 -13.8066 2.32
      vertex -21.1289 -13.8066 0
    endloop
  endfacet
  facet normal -0.925755 -0.378125 0
    outer loop
      vertex -21.1289 -13.8066 2.32
      vertex -21.126 -13.8137 0
      vertex -21.126 -13.8137 2.32
    endloop
  endfacet
  facet normal 0.881766 -0.471688 0
    outer loop
      vertex -26.7874 -13.6218 2.32
      vertex -26.6917 -13.4429 0
      vertex -26.6917 -13.4429 2.32
    endloop
  endfacet
  facet normal 0.881766 -0.471688 0
    outer loop
      vertex -26.6917 -13.4429 0
      vertex -26.7874 -13.6218 2.32
      vertex -26.7874 -13.6218 0
    endloop
  endfacet
  facet normal 0.956954 -0.29024 0
    outer loop
      vertex -27.0044 -14.1977 2.32
      vertex -26.9455 -14.0035 0
      vertex -26.9455 -14.0035 2.32
    endloop
  endfacet
  facet normal 0.956954 -0.29024 0
    outer loop
      vertex -26.9455 -14.0035 0
      vertex -27.0044 -14.1977 2.32
      vertex -27.0044 -14.1977 0
    endloop
  endfacet
  facet normal 0.973932 0.22684 0
    outer loop
      vertex -27.0044 -15.8023 2.32
      vertex -27.0504 -15.6048 0
      vertex -27.0504 -15.6048 2.32
    endloop
  endfacet
  facet normal 0.973932 0.22684 0
    outer loop
      vertex -27.0504 -15.6048 0
      vertex -27.0044 -15.8023 2.32
      vertex -27.0044 -15.8023 0
    endloop
  endfacet
  facet normal 0.0980883 0.995178 -0
    outer loop
      vertex -24.2027 -18.1034 0
      vertex -24.4046 -18.0835 2.32
      vertex -24.2027 -18.1034 2.32
    endloop
  endfacet
  facet normal 0.0980883 0.995178 0
    outer loop
      vertex -24.4046 -18.0835 2.32
      vertex -24.2027 -18.1034 0
      vertex -24.4046 -18.0835 0
    endloop
  endfacet
  facet normal -0.935801 0.352528 0
    outer loop
      vertex -21.126 -16.1863 0
      vertex -21.0545 -15.9965 2.32
      vertex -21.0545 -15.9965 0
    endloop
  endfacet
  facet normal -0.935801 0.352528 0
    outer loop
      vertex -21.0545 -15.9965 2.32
      vertex -21.126 -16.1863 0
      vertex -21.126 -16.1863 2.32
    endloop
  endfacet
  facet normal -0.973932 0.22684 0
    outer loop
      vertex -20.9956 -15.8023 0
      vertex -20.9496 -15.6048 2.32
      vertex -20.9496 -15.6048 0
    endloop
  endfacet
  facet normal -0.973932 0.22684 0
    outer loop
      vertex -20.9496 -15.6048 2.32
      vertex -20.9956 -15.8023 0
      vertex -20.9956 -15.8023 2.32
    endloop
  endfacet
  facet normal -0.986606 0.16312 0
    outer loop
      vertex -20.9496 -15.6048 0
      vertex -20.9165 -15.4046 2.32
      vertex -20.9165 -15.4046 0
    endloop
  endfacet
  facet normal -0.986606 0.16312 0
    outer loop
      vertex -20.9165 -15.4046 2.32
      vertex -20.9496 -15.6048 0
      vertex -20.9496 -15.6048 2.32
    endloop
  endfacet
  facet normal -0.986606 -0.16312 0
    outer loop
      vertex -20.9165 -14.5954 0
      vertex -20.9496 -14.3952 2.32
      vertex -20.9496 -14.3952 0
    endloop
  endfacet
  facet normal -0.986606 -0.16312 0
    outer loop
      vertex -20.9496 -14.3952 2.32
      vertex -20.9165 -14.5954 0
      vertex -20.9165 -14.5954 2.32
    endloop
  endfacet
  facet normal -0.729891 -0.683564 0
    outer loop
      vertex -21.6622 -12.949 0
      vertex -21.8009 -12.8009 2.32
      vertex -21.8009 -12.8009 0
    endloop
  endfacet
  facet normal -0.729891 -0.683564 0
    outer loop
      vertex -21.8009 -12.8009 2.32
      vertex -21.6622 -12.949 0
      vertex -21.6622 -12.949 2.32
    endloop
  endfacet
  facet normal -0.84916 -0.528136 0
    outer loop
      vertex -21.3083 -13.4429 0
      vertex -21.4154 -13.2707 2.32
      vertex -21.4154 -13.2707 0
    endloop
  endfacet
  facet normal -0.84916 -0.528136 0
    outer loop
      vertex -21.4154 -13.2707 2.32
      vertex -21.3083 -13.4429 0
      vertex -21.3083 -13.4429 2.32
    endloop
  endfacet
  facet normal -0.29024 -0.956954 0
    outer loop
      vertex -23.1977 -11.9956 0
      vertex -23.0035 -12.0545 2.32
      vertex -23.1977 -11.9956 2.32
    endloop
  endfacet
  facet normal -0.29024 -0.956954 -0
    outer loop
      vertex -23.0035 -12.0545 2.32
      vertex -23.1977 -11.9956 0
      vertex -23.0035 -12.0545 0
    endloop
  endfacet
  facet normal -0.0980883 -0.995178 0
    outer loop
      vertex -23.7973 -11.8966 0
      vertex -23.5954 -11.9165 2.32
      vertex -23.7973 -11.8966 2.32
    endloop
  endfacet
  facet normal -0.0980883 -0.995178 -0
    outer loop
      vertex -23.5954 -11.9165 2.32
      vertex -23.7973 -11.8966 0
      vertex -23.5954 -11.9165 0
    endloop
  endfacet
  facet normal 0.634445 -0.772968 0
    outer loop
      vertex -26.051 -12.6622 0
      vertex -25.8942 -12.5335 2.32
      vertex -26.051 -12.6622 2.32
    endloop
  endfacet
  facet normal 0.634445 -0.772968 0
    outer loop
      vertex -25.8942 -12.5335 2.32
      vertex -26.051 -12.6622 0
      vertex -25.8942 -12.5335 0
    endloop
  endfacet
  facet normal 0.16312 -0.986606 0
    outer loop
      vertex -24.6048 -11.9496 0
      vertex -24.4046 -11.9165 2.32
      vertex -24.6048 -11.9496 2.32
    endloop
  endfacet
  facet normal 0.16312 -0.986606 0
    outer loop
      vertex -24.4046 -11.9165 2.32
      vertex -24.6048 -11.9496 0
      vertex -24.4046 -11.9165 0
    endloop
  endfacet
  facet normal 0.772968 -0.634445 0
    outer loop
      vertex -26.4665 -13.1058 2.32
      vertex -26.3378 -12.949 0
      vertex -26.3378 -12.949 2.32
    endloop
  endfacet
  facet normal 0.772968 -0.634445 0
    outer loop
      vertex -26.3378 -12.949 0
      vertex -26.4665 -13.1058 2.32
      vertex -26.4665 -13.1058 0
    endloop
  endfacet
  facet normal 0.683564 -0.729891 0
    outer loop
      vertex -26.1991 -12.8009 0
      vertex -26.051 -12.6622 2.32
      vertex -26.1991 -12.8009 2.32
    endloop
  endfacet
  facet normal 0.683564 -0.729891 0
    outer loop
      vertex -26.051 -12.6622 2.32
      vertex -26.1991 -12.8009 0
      vertex -26.051 -12.6622 0
    endloop
  endfacet
  facet normal 0.813 -0.582264 0
    outer loop
      vertex -26.5846 -13.2707 2.32
      vertex -26.4665 -13.1058 0
      vertex -26.4665 -13.1058 2.32
    endloop
  endfacet
  facet normal 0.813 -0.582264 0
    outer loop
      vertex -26.4665 -13.1058 0
      vertex -26.5846 -13.2707 2.32
      vertex -26.5846 -13.2707 0
    endloop
  endfacet
  facet normal 0.973932 -0.22684 0
    outer loop
      vertex -27.0504 -14.3952 2.32
      vertex -27.0044 -14.1977 0
      vertex -27.0044 -14.1977 2.32
    endloop
  endfacet
  facet normal 0.973932 -0.22684 0
    outer loop
      vertex -27.0044 -14.1977 0
      vertex -27.0504 -14.3952 2.32
      vertex -27.0504 -14.3952 0
    endloop
  endfacet
  facet normal 0 0 -1
    outer loop
      vertex -20.8966 -15.2027 2.32
      vertex -20.8966 -14.7973 2.32
      vertex -20.89 -15 2.32
    endloop
  endfacet
  facet normal 0 0 -1
    outer loop
      vertex -20.9165 -15.4046 2.32
      vertex -20.8966 -14.7973 2.32
      vertex -20.8966 -15.2027 2.32
    endloop
  endfacet
  facet normal 0 0 -1
    outer loop
      vertex -20.9165 -15.4046 2.32
      vertex -20.9165 -14.5954 2.32
      vertex -20.8966 -14.7973 2.32
    endloop
  endfacet
  facet normal 0 0 -1
    outer loop
      vertex -20.9496 -15.6048 2.32
      vertex -20.9165 -14.5954 2.32
      vertex -20.9165 -15.4046 2.32
    endloop
  endfacet
  facet normal 0 0 -1
    outer loop
      vertex -20.9496 -15.6048 2.32
      vertex -20.9496 -14.3952 2.32
      vertex -20.9165 -14.5954 2.32
    endloop
  endfacet
  facet normal 0 0 -1
    outer loop
      vertex -20.9956 -15.8023 2.32
      vertex -20.9496 -14.3952 2.32
      vertex -20.9496 -15.6048 2.32
    endloop
  endfacet
  facet normal 0 0 -1
    outer loop
      vertex -20.9956 -15.8023 2.32
      vertex -20.9956 -14.1977 2.32
      vertex -20.9496 -14.3952 2.32
    endloop
  endfacet
  facet normal 0 0 -1
    outer loop
      vertex -21.0545 -15.9965 2.32
      vertex -20.9956 -14.1977 2.32
      vertex -20.9956 -15.8023 2.32
    endloop
  endfacet
  facet normal 0 0 -1
    outer loop
      vertex -21.0545 -15.9965 2.32
      vertex -21.0545 -14.0035 2.32
      vertex -20.9956 -14.1977 2.32
    endloop
  endfacet
  facet normal 0 0 -1
    outer loop
      vertex -21.126 -16.1863 2.32
      vertex -21.0545 -14.0035 2.32
      vertex -21.0545 -15.9965 2.32
    endloop
  endfacet
  facet normal 0 0 -1
    outer loop
      vertex -21.126 -16.1863 2.32
      vertex -21.126 -13.8137 2.32
      vertex -21.0545 -14.0035 2.32
    endloop
  endfacet
  facet normal 0 0 -1
    outer loop
      vertex -21.1289 -16.1934 2.32
      vertex -21.126 -13.8137 2.32
      vertex -21.126 -16.1863 2.32
    endloop
  endfacet
  facet normal 0 0 -1
    outer loop
      vertex -21.1289 -16.1934 2.32
      vertex -21.1289 -13.8066 2.32
      vertex -21.126 -13.8137 2.32
    endloop
  endfacet
  facet normal 0 0 -1
    outer loop
      vertex -21.2126 -16.3782 2.32
      vertex -21.1289 -13.8066 2.32
      vertex -21.1289 -16.1934 2.32
    endloop
  endfacet
  facet normal 0 0 -1
    outer loop
      vertex -21.2126 -16.3782 2.32
      vertex -21.2126 -13.6218 2.32
      vertex -21.1289 -13.8066 2.32
    endloop
  endfacet
  facet normal 0 0 -1
    outer loop
      vertex -21.3083 -16.5571 2.32
      vertex -21.2126 -13.6218 2.32
      vertex -21.2126 -16.3782 2.32
    endloop
  endfacet
  facet normal 0 0 -1
    outer loop
      vertex -21.3083 -16.5571 2.32
      vertex -21.3083 -13.4429 2.32
      vertex -21.2126 -13.6218 2.32
    endloop
  endfacet
  facet normal 0 0 -1
    outer loop
      vertex -21.4154 -16.7293 2.32
      vertex -21.3083 -13.4429 2.32
      vertex -21.3083 -16.5571 2.32
    endloop
  endfacet
  facet normal 0 0 -1
    outer loop
      vertex -21.4154 -16.7293 2.32
      vertex -21.4154 -13.2707 2.32
      vertex -21.3083 -13.4429 2.32
    endloop
  endfacet
  facet normal 0 0 -1
    outer loop
      vertex -21.5335 -16.8942 2.32
      vertex -21.4154 -13.2707 2.32
      vertex -21.4154 -16.7293 2.32
    endloop
  endfacet
  facet normal 0 0 -1
    outer loop
      vertex -21.5335 -16.8942 2.32
      vertex -21.5335 -13.1058 2.32
      vertex -21.4154 -13.2707 2.32
    endloop
  endfacet
  facet normal 0 0 -1
    outer loop
      vertex -21.6622 -17.051 2.32
      vertex -21.5335 -13.1058 2.32
      vertex -21.5335 -16.8942 2.32
    endloop
  endfacet
  facet normal 0 0 -1
    outer loop
      vertex -21.6622 -17.051 2.32
      vertex -21.6622 -12.949 2.32
      vertex -21.5335 -13.1058 2.32
    endloop
  endfacet
  facet normal 0 0 -1
    outer loop
      vertex -21.8009 -17.1991 2.32
      vertex -21.6622 -12.949 2.32
      vertex -21.6622 -17.051 2.32
    endloop
  endfacet
  facet normal 0 0 -1
    outer loop
      vertex -21.8009 -17.1991 2.32
      vertex -21.8009 -12.8009 2.32
      vertex -21.6622 -12.949 2.32
    endloop
  endfacet
  facet normal 0 0 -1
    outer loop
      vertex -21.949 -17.3378 2.32
      vertex -21.8009 -12.8009 2.32
      vertex -21.8009 -17.1991 2.32
    endloop
  endfacet
  facet normal 0 0 -1
    outer loop
      vertex -21.949 -17.3378 2.32
      vertex -21.949 -12.6622 2.32
      vertex -21.8009 -12.8009 2.32
    endloop
  endfacet
  facet normal 0 0 -1
    outer loop
      vertex -22.1058 -17.4665 2.32
      vertex -21.949 -12.6622 2.32
      vertex -21.949 -17.3378 2.32
    endloop
  endfacet
  facet normal 0 0 -1
    outer loop
      vertex -22.1058 -17.4665 2.32
      vertex -22.1058 -12.5335 2.32
      vertex -21.949 -12.6622 2.32
    endloop
  endfacet
  facet normal 0 0 -1
    outer loop
      vertex -22.2707 -17.5846 2.32
      vertex -22.1058 -12.5335 2.32
      vertex -22.1058 -17.4665 2.32
    endloop
  endfacet
  facet normal 0 0 -1
    outer loop
      vertex -22.2707 -17.5846 2.32
      vertex -22.2707 -12.4154 2.32
      vertex -22.1058 -12.5335 2.32
    endloop
  endfacet
  facet normal 0 0 -1
    outer loop
      vertex -22.4429 -17.6917 2.32
      vertex -22.2707 -12.4154 2.32
      vertex -22.2707 -17.5846 2.32
    endloop
  endfacet
  facet normal 0 0 -1
    outer loop
      vertex -22.4429 -17.6917 2.32
      vertex -22.4429 -12.3083 2.32
      vertex -22.2707 -12.4154 2.32
    endloop
  endfacet
  facet normal 0 0 -1
    outer loop
      vertex -22.6218 -17.7874 2.32
      vertex -22.4429 -12.3083 2.32
      vertex -22.4429 -17.6917 2.32
    endloop
  endfacet
  facet normal 0 0 -1
    outer loop
      vertex -22.6218 -17.7874 2.32
      vertex -22.6218 -12.2126 2.32
      vertex -22.4429 -12.3083 2.32
    endloop
  endfacet
  facet normal 0 0 -1
    outer loop
      vertex -22.8066 -17.8711 2.32
      vertex -22.6218 -12.2126 2.32
      vertex -22.6218 -17.7874 2.32
    endloop
  endfacet
  facet normal 0 0 -1
    outer loop
      vertex -22.8066 -17.8711 2.32
      vertex -22.8066 -12.1289 2.32
      vertex -22.6218 -12.2126 2.32
    endloop
  endfacet
  facet normal 0 0 -1
    outer loop
      vertex -22.8137 -17.874 2.32
      vertex -22.8066 -12.1289 2.32
      vertex -22.8066 -17.8711 2.32
    endloop
  endfacet
  facet normal 0 0 -1
    outer loop
      vertex -22.8137 -17.874 2.32
      vertex -22.8137 -12.126 2.32
      vertex -22.8066 -12.1289 2.32
    endloop
  endfacet
  facet normal 0 0 -1
    outer loop
      vertex -23.0035 -17.9455 2.32
      vertex -22.8137 -12.126 2.32
      vertex -22.8137 -17.874 2.32
    endloop
  endfacet
  facet normal 0 0 -1
    outer loop
      vertex -23.0035 -17.9455 2.32
      vertex -23.0035 -12.0545 2.32
      vertex -22.8137 -12.126 2.32
    endloop
  endfacet
  facet normal 0 0 -1
    outer loop
      vertex -23.1977 -18.0044 2.32
      vertex -23.0035 -12.0545 2.32
      vertex -23.0035 -17.9455 2.32
    endloop
  endfacet
  facet normal 0 0 -1
    outer loop
      vertex -23.1977 -18.0044 2.32
      vertex -23.1977 -11.9956 2.32
      vertex -23.0035 -12.0545 2.32
    endloop
  endfacet
  facet normal 0 0 -1
    outer loop
      vertex -23.3952 -18.0504 2.32
      vertex -23.1977 -11.9956 2.32
      vertex -23.1977 -18.0044 2.32
    endloop
  endfacet
  facet normal 0 0 -1
    outer loop
      vertex -23.3952 -18.0504 2.32
      vertex -23.3952 -11.9496 2.32
      vertex -23.1977 -11.9956 2.32
    endloop
  endfacet
  facet normal 0 0 -1
    outer loop
      vertex -23.5954 -18.0835 2.32
      vertex -23.3952 -11.9496 2.32
      vertex -23.3952 -18.0504 2.32
    endloop
  endfacet
  facet normal 0 0 -1
    outer loop
      vertex -23.5954 -18.0835 2.32
      vertex -23.5954 -11.9165 2.32
      vertex -23.3952 -11.9496 2.32
    endloop
  endfacet
  facet normal 0 0 -1
    outer loop
      vertex -23.7973 -18.1034 2.32
      vertex -23.5954 -11.9165 2.32
      vertex -23.5954 -18.0835 2.32
    endloop
  endfacet
  facet normal 0 0 -1
    outer loop
      vertex -23.7973 -18.1034 2.32
      vertex -23.7973 -11.8966 2.32
      vertex -23.5954 -11.9165 2.32
    endloop
  endfacet
  facet normal 0 0 -1
    outer loop
      vertex -24 -18.11 2.32
      vertex -23.7973 -11.8966 2.32
      vertex -23.7973 -18.1034 2.32
    endloop
  endfacet
  facet normal 0 0 -1
    outer loop
      vertex -24 -18.11 2.32
      vertex -24 -11.89 2.32
      vertex -23.7973 -11.8966 2.32
    endloop
  endfacet
  facet normal 0 0 -1
    outer loop
      vertex -24.2027 -18.1034 2.32
      vertex -24 -11.89 2.32
      vertex -24 -18.11 2.32
    endloop
  endfacet
  facet normal 0 0 -1
    outer loop
      vertex -24.2027 -18.1034 2.32
      vertex -24.2027 -11.8966 2.32
      vertex -24 -11.89 2.32
    endloop
  endfacet
  facet normal 0 0 -1
    outer loop
      vertex -24.4046 -18.0835 2.32
      vertex -24.2027 -11.8966 2.32
      vertex -24.2027 -18.1034 2.32
    endloop
  endfacet
  facet normal 0 0 -1
    outer loop
      vertex -24.4046 -18.0835 2.32
      vertex -24.4046 -11.9165 2.32
      vertex -24.2027 -11.8966 2.32
    endloop
  endfacet
  facet normal 0 0 -1
    outer loop
      vertex -24.6048 -18.0504 2.32
      vertex -24.4046 -11.9165 2.32
      vertex -24.4046 -18.0835 2.32
    endloop
  endfacet
  facet normal 0 0 -1
    outer loop
      vertex -24.6048 -18.0504 2.32
      vertex -24.6048 -11.9496 2.32
      vertex -24.4046 -11.9165 2.32
    endloop
  endfacet
  facet normal 0 0 -1
    outer loop
      vertex -24.8023 -18.0044 2.32
      vertex -24.6048 -11.9496 2.32
      vertex -24.6048 -18.0504 2.32
    endloop
  endfacet
  facet normal 0 0 -1
    outer loop
      vertex -24.8023 -18.0044 2.32
      vertex -24.8023 -11.9956 2.32
      vertex -24.6048 -11.9496 2.32
    endloop
  endfacet
  facet normal 0 0 -1
    outer loop
      vertex -24.9965 -17.9455 2.32
      vertex -24.8023 -11.9956 2.32
      vertex -24.8023 -18.0044 2.32
    endloop
  endfacet
  facet normal 0 0 -1
    outer loop
      vertex -24.9965 -17.9455 2.32
      vertex -24.9965 -12.0545 2.32
      vertex -24.8023 -11.9956 2.32
    endloop
  endfacet
  facet normal 0 0 -1
    outer loop
      vertex -25.1863 -17.874 2.32
      vertex -24.9965 -12.0545 2.32
      vertex -24.9965 -17.9455 2.32
    endloop
  endfacet
  facet normal 0 0 -1
    outer loop
      vertex -25.1863 -17.874 2.32
      vertex -25.1863 -12.126 2.32
      vertex -24.9965 -12.0545 2.32
    endloop
  endfacet
  facet normal 0 0 -1
    outer loop
      vertex -25.1934 -17.8711 2.32
      vertex -25.1863 -12.126 2.32
      vertex -25.1863 -17.874 2.32
    endloop
  endfacet
  facet normal 0 0 -1
    outer loop
      vertex -25.1934 -17.8711 2.32
      vertex -25.1934 -12.1289 2.32
      vertex -25.1863 -12.126 2.32
    endloop
  endfacet
  facet normal 0 0 -1
    outer loop
      vertex -25.3782 -17.7874 2.32
      vertex -25.1934 -12.1289 2.32
      vertex -25.1934 -17.8711 2.32
    endloop
  endfacet
  facet normal 0 0 -1
    outer loop
      vertex -25.3782 -17.7874 2.32
      vertex -25.3782 -12.2126 2.32
      vertex -25.1934 -12.1289 2.32
    endloop
  endfacet
  facet normal 0 0 -1
    outer loop
      vertex -25.5571 -17.6917 2.32
      vertex -25.3782 -12.2126 2.32
      vertex -25.3782 -17.7874 2.32
    endloop
  endfacet
  facet normal 0 0 -1
    outer loop
      vertex -25.5571 -17.6917 2.32
      vertex -25.5571 -12.3083 2.32
      vertex -25.3782 -12.2126 2.32
    endloop
  endfacet
  facet normal 0 0 -1
    outer loop
      vertex -25.7293 -17.5846 2.32
      vertex -25.5571 -12.3083 2.32
      vertex -25.5571 -17.6917 2.32
    endloop
  endfacet
  facet normal 0 0 -1
    outer loop
      vertex -25.7293 -17.5846 2.32
      vertex -25.7293 -12.4154 2.32
      vertex -25.5571 -12.3083 2.32
    endloop
  endfacet
  facet normal 0 0 -1
    outer loop
      vertex -25.8942 -17.4665 2.32
      vertex -25.7293 -12.4154 2.32
      vertex -25.7293 -17.5846 2.32
    endloop
  endfacet
  facet normal 0 0 -1
    outer loop
      vertex -25.8942 -17.4665 2.32
      vertex -25.8942 -12.5335 2.32
      vertex -25.7293 -12.4154 2.32
    endloop
  endfacet
  facet normal 0 0 -1
    outer loop
      vertex -26.051 -17.3378 2.32
      vertex -25.8942 -12.5335 2.32
      vertex -25.8942 -17.4665 2.32
    endloop
  endfacet
  facet normal 0 0 -1
    outer loop
      vertex -26.051 -17.3378 2.32
      vertex -26.051 -12.6622 2.32
      vertex -25.8942 -12.5335 2.32
    endloop
  endfacet
  facet normal 0 0 -1
    outer loop
      vertex -26.1991 -17.1991 2.32
      vertex -26.051 -12.6622 2.32
      vertex -26.051 -17.3378 2.32
    endloop
  endfacet
  facet normal 0 0 -1
    outer loop
      vertex -26.1991 -17.1991 2.32
      vertex -26.1991 -12.8009 2.32
      vertex -26.051 -12.6622 2.32
    endloop
  endfacet
  facet normal 0 0 -1
    outer loop
      vertex -26.3378 -17.051 2.32
      vertex -26.1991 -12.8009 2.32
      vertex -26.1991 -17.1991 2.32
    endloop
  endfacet
  facet normal 0 0 -1
    outer loop
      vertex -26.3378 -17.051 2.32
      vertex -26.3378 -12.949 2.32
      vertex -26.1991 -12.8009 2.32
    endloop
  endfacet
  facet normal 0 0 -1
    outer loop
      vertex -26.4665 -16.8942 2.32
      vertex -26.3378 -12.949 2.32
      vertex -26.3378 -17.051 2.32
    endloop
  endfacet
  facet normal 0 0 -1
    outer loop
      vertex -26.4665 -16.8942 2.32
      vertex -26.4665 -13.1058 2.32
      vertex -26.3378 -12.949 2.32
    endloop
  endfacet
  facet normal 0 0 -1
    outer loop
      vertex -26.5846 -16.7293 2.32
      vertex -26.4665 -13.1058 2.32
      vertex -26.4665 -16.8942 2.32
    endloop
  endfacet
  facet normal 0 0 -1
    outer loop
      vertex -26.5846 -16.7293 2.32
      vertex -26.5846 -13.2707 2.32
      vertex -26.4665 -13.1058 2.32
    endloop
  endfacet
  facet normal 0 0 -1
    outer loop
      vertex -26.6917 -16.5571 2.32
      vertex -26.5846 -13.2707 2.32
      vertex -26.5846 -16.7293 2.32
    endloop
  endfacet
  facet normal 0 0 -1
    outer loop
      vertex -26.6917 -16.5571 2.32
      vertex -26.6917 -13.4429 2.32
      vertex -26.5846 -13.2707 2.32
    endloop
  endfacet
  facet normal 0 0 -1
    outer loop
      vertex -26.7874 -16.3782 2.32
      vertex -26.6917 -13.4429 2.32
      vertex -26.6917 -16.5571 2.32
    endloop
  endfacet
  facet normal 0 0 -1
    outer loop
      vertex -26.7874 -16.3782 2.32
      vertex -26.7874 -13.6218 2.32
      vertex -26.6917 -13.4429 2.32
    endloop
  endfacet
  facet normal 0 0 -1
    outer loop
      vertex -26.8711 -16.1934 2.32
      vertex -26.7874 -13.6218 2.32
      vertex -26.7874 -16.3782 2.32
    endloop
  endfacet
  facet normal 0 0 -1
    outer loop
      vertex -26.8711 -16.1934 2.32
      vertex -26.8711 -13.8066 2.32
      vertex -26.7874 -13.6218 2.32
    endloop
  endfacet
  facet normal 0 0 -1
    outer loop
      vertex -26.874 -16.1863 2.32
      vertex -26.8711 -13.8066 2.32
      vertex -26.8711 -16.1934 2.32
    endloop
  endfacet
  facet normal 0 0 -1
    outer loop
      vertex -26.874 -16.1863 2.32
      vertex -26.874 -13.8137 2.32
      vertex -26.8711 -13.8066 2.32
    endloop
  endfacet
  facet normal 0 0 -1
    outer loop
      vertex -26.9455 -15.9965 2.32
      vertex -26.874 -13.8137 2.32
      vertex -26.874 -16.1863 2.32
    endloop
  endfacet
  facet normal 0 0 -1
    outer loop
      vertex -26.9455 -15.9965 2.32
      vertex -26.9455 -14.0035 2.32
      vertex -26.874 -13.8137 2.32
    endloop
  endfacet
  facet normal 0 0 -1
    outer loop
      vertex -27.0044 -15.8023 2.32
      vertex -26.9455 -14.0035 2.32
      vertex -26.9455 -15.9965 2.32
    endloop
  endfacet
  facet normal 0 0 -1
    outer loop
      vertex -27.0044 -15.8023 2.32
      vertex -27.0044 -14.1977 2.32
      vertex -26.9455 -14.0035 2.32
    endloop
  endfacet
  facet normal 0 0 -1
    outer loop
      vertex -27.0504 -15.6048 2.32
      vertex -27.0044 -14.1977 2.32
      vertex -27.0044 -15.8023 2.32
    endloop
  endfacet
  facet normal 0 0 -1
    outer loop
      vertex -27.0504 -15.6048 2.32
      vertex -27.0504 -14.3952 2.32
      vertex -27.0044 -14.1977 2.32
    endloop
  endfacet
  facet normal 0 0 -1
    outer loop
      vertex -27.0835 -15.4046 2.32
      vertex -27.0504 -14.3952 2.32
      vertex -27.0504 -15.6048 2.32
    endloop
  endfacet
  facet normal 0 0 -1
    outer loop
      vertex -27.0835 -15.4046 2.32
      vertex -27.0835 -14.5954 2.32
      vertex -27.0504 -14.3952 2.32
    endloop
  endfacet
  facet normal 0 0 -1
    outer loop
      vertex -27.1034 -15.2027 2.32
      vertex -27.0835 -14.5954 2.32
      vertex -27.0835 -15.4046 2.32
    endloop
  endfacet
  facet normal 0 0 -1
    outer loop
      vertex -27.1034 -15.2027 2.32
      vertex -27.1034 -14.7973 2.32
      vertex -27.0835 -14.5954 2.32
    endloop
  endfacet
  facet normal 0 -0 -1
    outer loop
      vertex -27.1034 -14.7973 2.32
      vertex -27.1034 -15.2027 2.32
      vertex -27.11 -15 2.32
    endloop
  endfacet
  facet normal -0.729891 0.683564 0
    outer loop
      vertex -21.8009 -17.1991 0
      vertex -21.6622 -17.051 2.32
      vertex -21.6622 -17.051 0
    endloop
  endfacet
  facet normal -0.729891 0.683564 0
    outer loop
      vertex -21.6622 -17.051 2.32
      vertex -21.8009 -17.1991 0
      vertex -21.8009 -17.1991 2.32
    endloop
  endfacet
  facet normal -0.683564 0.729891 0
    outer loop
      vertex -21.8009 -17.1991 0
      vertex -21.949 -17.3378 2.32
      vertex -21.8009 -17.1991 2.32
    endloop
  endfacet
  facet normal -0.683564 0.729891 0
    outer loop
      vertex -21.949 -17.3378 2.32
      vertex -21.8009 -17.1991 0
      vertex -21.949 -17.3378 0
    endloop
  endfacet
  facet normal -0.582264 0.813 0
    outer loop
      vertex -22.1058 -17.4665 0
      vertex -22.2707 -17.5846 2.32
      vertex -22.1058 -17.4665 2.32
    endloop
  endfacet
  facet normal -0.582264 0.813 0
    outer loop
      vertex -22.2707 -17.5846 2.32
      vertex -22.1058 -17.4665 0
      vertex -22.2707 -17.5846 0
    endloop
  endfacet
  facet normal -0.995178 -0.0980883 0
    outer loop
      vertex -20.8966 -14.7973 0
      vertex -20.9165 -14.5954 2.32
      vertex -20.9165 -14.5954 0
    endloop
  endfacet
  facet normal -0.995178 -0.0980883 0
    outer loop
      vertex -20.9165 -14.5954 2.32
      vertex -20.8966 -14.7973 0
      vertex -20.8966 -14.7973 2.32
    endloop
  endfacet
  facet normal -0.99947 -0.0325432 0
    outer loop
      vertex -20.89 -15 0
      vertex -20.8966 -14.7973 2.32
      vertex -20.8966 -14.7973 0
    endloop
  endfacet
  facet normal -0.99947 -0.0325432 0
    outer loop
      vertex -20.8966 -14.7973 2.32
      vertex -20.89 -15 0
      vertex -20.89 -15 2.32
    endloop
  endfacet
  facet normal -0.935801 -0.352528 0
    outer loop
      vertex -21.0545 -14.0035 0
      vertex -21.126 -13.8137 2.32
      vertex -21.126 -13.8137 0
    endloop
  endfacet
  facet normal -0.935801 -0.352528 0
    outer loop
      vertex -21.126 -13.8137 2.32
      vertex -21.0545 -14.0035 0
      vertex -21.0545 -14.0035 2.32
    endloop
  endfacet
  facet normal -0.956954 -0.29024 0
    outer loop
      vertex -20.9956 -14.1977 0
      vertex -21.0545 -14.0035 2.32
      vertex -21.0545 -14.0035 0
    endloop
  endfacet
  facet normal -0.956954 -0.29024 0
    outer loop
      vertex -21.0545 -14.0035 2.32
      vertex -20.9956 -14.1977 0
      vertex -20.9956 -14.1977 2.32
    endloop
  endfacet
  facet normal -0.973932 -0.22684 0
    outer loop
      vertex -20.9496 -14.3952 0
      vertex -20.9956 -14.1977 2.32
      vertex -20.9956 -14.1977 0
    endloop
  endfacet
  facet normal -0.973932 -0.22684 0
    outer loop
      vertex -20.9956 -14.1977 2.32
      vertex -20.9496 -14.3952 0
      vertex -20.9496 -14.3952 2.32
    endloop
  endfacet
  facet normal -0.772968 -0.634445 0
    outer loop
      vertex -21.5335 -13.1058 0
      vertex -21.6622 -12.949 2.32
      vertex -21.6622 -12.949 0
    endloop
  endfacet
  facet normal -0.772968 -0.634445 0
    outer loop
      vertex -21.6622 -12.949 2.32
      vertex -21.5335 -13.1058 0
      vertex -21.5335 -13.1058 2.32
    endloop
  endfacet
  facet normal -0.910923 -0.412577 0
    outer loop
      vertex -21.1289 -13.8066 0
      vertex -21.2126 -13.6218 2.32
      vertex -21.2126 -13.6218 0
    endloop
  endfacet
  facet normal -0.910923 -0.412577 0
    outer loop
      vertex -21.2126 -13.6218 2.32
      vertex -21.1289 -13.8066 0
      vertex -21.1289 -13.8066 2.32
    endloop
  endfacet
  facet normal -0.683564 -0.729891 0
    outer loop
      vertex -21.949 -12.6622 0
      vertex -21.8009 -12.8009 2.32
      vertex -21.949 -12.6622 2.32
    endloop
  endfacet
  facet normal -0.683564 -0.729891 -0
    outer loop
      vertex -21.8009 -12.8009 2.32
      vertex -21.949 -12.6622 0
      vertex -21.8009 -12.8009 0
    endloop
  endfacet
  facet normal -0.528136 -0.84916 0
    outer loop
      vertex -22.4429 -12.3083 0
      vertex -22.2707 -12.4154 2.32
      vertex -22.4429 -12.3083 2.32
    endloop
  endfacet
  facet normal -0.528136 -0.84916 -0
    outer loop
      vertex -22.2707 -12.4154 2.32
      vertex -22.4429 -12.3083 0
      vertex -22.2707 -12.4154 0
    endloop
  endfacet
  facet normal -0.352528 -0.935801 0
    outer loop
      vertex -23.0035 -12.0545 0
      vertex -22.8137 -12.126 2.32
      vertex -23.0035 -12.0545 2.32
    endloop
  endfacet
  facet normal -0.352528 -0.935801 -0
    outer loop
      vertex -22.8137 -12.126 2.32
      vertex -23.0035 -12.0545 0
      vertex -22.8137 -12.126 0
    endloop
  endfacet
  facet normal 0.471688 -0.881766 0
    outer loop
      vertex -25.5571 -12.3083 0
      vertex -25.3782 -12.2126 2.32
      vertex -25.5571 -12.3083 2.32
    endloop
  endfacet
  facet normal 0.471688 -0.881766 0
    outer loop
      vertex -25.3782 -12.2126 2.32
      vertex -25.5571 -12.3083 0
      vertex -25.3782 -12.2126 0
    endloop
  endfacet
  facet normal -0.0325432 -0.99947 0
    outer loop
      vertex -24 -11.89 0
      vertex -23.7973 -11.8966 2.32
      vertex -24 -11.89 2.32
    endloop
  endfacet
  facet normal -0.0325432 -0.99947 -0
    outer loop
      vertex -23.7973 -11.8966 2.32
      vertex -24 -11.89 0
      vertex -23.7973 -11.8966 0
    endloop
  endfacet
  facet normal 0.29024 -0.956954 0
    outer loop
      vertex -24.9965 -12.0545 0
      vertex -24.8023 -11.9956 2.32
      vertex -24.9965 -12.0545 2.32
    endloop
  endfacet
  facet normal 0.29024 -0.956954 0
    outer loop
      vertex -24.8023 -11.9956 2.32
      vertex -24.9965 -12.0545 0
      vertex -24.8023 -11.9956 0
    endloop
  endfacet
  facet normal 0.729891 -0.683564 0
    outer loop
      vertex -26.3378 -12.949 2.32
      vertex -26.1991 -12.8009 0
      vertex -26.1991 -12.8009 2.32
    endloop
  endfacet
  facet normal 0.729891 -0.683564 0
    outer loop
      vertex -26.1991 -12.8009 0
      vertex -26.3378 -12.949 2.32
      vertex -26.3378 -12.949 0
    endloop
  endfacet
  facet normal 0.910923 0.412577 0
    outer loop
      vertex -26.7874 -16.3782 2.32
      vertex -26.8711 -16.1934 0
      vertex -26.8711 -16.1934 2.32
    endloop
  endfacet
  facet normal 0.910923 0.412577 0
    outer loop
      vertex -26.8711 -16.1934 0
      vertex -26.7874 -16.3782 2.32
      vertex -26.7874 -16.3782 0
    endloop
  endfacet
  facet normal 0.935801 -0.352528 0
    outer loop
      vertex -26.9455 -14.0035 2.32
      vertex -26.874 -13.8137 0
      vertex -26.874 -13.8137 2.32
    endloop
  endfacet
  facet normal 0.935801 -0.352528 0
    outer loop
      vertex -26.874 -13.8137 0
      vertex -26.9455 -14.0035 2.32
      vertex -26.9455 -14.0035 0
    endloop
  endfacet
  facet normal 0.910923 -0.412577 0
    outer loop
      vertex -26.8711 -13.8066 2.32
      vertex -26.7874 -13.6218 0
      vertex -26.7874 -13.6218 2.32
    endloop
  endfacet
  facet normal 0.910923 -0.412577 0
    outer loop
      vertex -26.7874 -13.6218 0
      vertex -26.8711 -13.8066 2.32
      vertex -26.8711 -13.8066 0
    endloop
  endfacet
  facet normal 0.84916 -0.528136 0
    outer loop
      vertex -26.6917 -13.4429 2.32
      vertex -26.5846 -13.2707 0
      vertex -26.5846 -13.2707 2.32
    endloop
  endfacet
  facet normal 0.84916 -0.528136 0
    outer loop
      vertex -26.5846 -13.2707 0
      vertex -26.6917 -13.4429 2.32
      vertex -26.6917 -13.4429 0
    endloop
  endfacet
  facet normal 0.986606 -0.16312 0
    outer loop
      vertex -27.0835 -14.5954 2.32
      vertex -27.0504 -14.3952 0
      vertex -27.0504 -14.3952 2.32
    endloop
  endfacet
  facet normal 0.986606 -0.16312 0
    outer loop
      vertex -27.0504 -14.3952 0
      vertex -27.0835 -14.5954 2.32
      vertex -27.0835 -14.5954 0
    endloop
  endfacet
  facet normal 0.99947 0.0325432 0
    outer loop
      vertex -27.1034 -15.2027 2.32
      vertex -27.11 -15 0
      vertex -27.11 -15 2.32
    endloop
  endfacet
  facet normal 0.99947 0.0325432 0
    outer loop
      vertex -27.11 -15 0
      vertex -27.1034 -15.2027 2.32
      vertex -27.1034 -15.2027 0
    endloop
  endfacet
  facet normal 0.986606 0.16312 0
    outer loop
      vertex -27.0504 -15.6048 2.32
      vertex -27.0835 -15.4046 0
      vertex -27.0835 -15.4046 2.32
    endloop
  endfacet
  facet normal 0.986606 0.16312 0
    outer loop
      vertex -27.0835 -15.4046 0
      vertex -27.0504 -15.6048 2.32
      vertex -27.0504 -15.6048 0
    endloop
  endfacet
  facet normal 0.956954 0.29024 0
    outer loop
      vertex -26.9455 -15.9965 2.32
      vertex -27.0044 -15.8023 0
      vertex -27.0044 -15.8023 2.32
    endloop
  endfacet
  facet normal 0.956954 0.29024 0
    outer loop
      vertex -27.0044 -15.8023 0
      vertex -26.9455 -15.9965 2.32
      vertex -26.9455 -15.9965 0
    endloop
  endfacet
  facet normal -0.84916 0.528136 0
    outer loop
      vertex -21.4154 -16.7293 0
      vertex -21.3083 -16.5571 2.32
      vertex -21.3083 -16.5571 0
    endloop
  endfacet
  facet normal -0.84916 0.528136 0
    outer loop
      vertex -21.3083 -16.5571 2.32
      vertex -21.4154 -16.7293 0
      vertex -21.4154 -16.7293 2.32
    endloop
  endfacet
  facet normal -0.772968 0.634445 0
    outer loop
      vertex -21.6622 -17.051 0
      vertex -21.5335 -16.8942 2.32
      vertex -21.5335 -16.8942 0
    endloop
  endfacet
  facet normal -0.772968 0.634445 0
    outer loop
      vertex -21.5335 -16.8942 2.32
      vertex -21.6622 -17.051 0
      vertex -21.6622 -17.051 2.32
    endloop
  endfacet
  facet normal -0.471688 0.881766 0
    outer loop
      vertex -22.4429 -17.6917 0
      vertex -22.6218 -17.7874 2.32
      vertex -22.4429 -17.6917 2.32
    endloop
  endfacet
  facet normal -0.471688 0.881766 0
    outer loop
      vertex -22.6218 -17.7874 2.32
      vertex -22.4429 -17.6917 0
      vertex -22.6218 -17.7874 0
    endloop
  endfacet
  facet normal -0.0325432 0.99947 0
    outer loop
      vertex -23.7973 -18.1034 0
      vertex -24 -18.11 2.32
      vertex -23.7973 -18.1034 2.32
    endloop
  endfacet
  facet normal -0.0325432 0.99947 0
    outer loop
      vertex -24 -18.11 2.32
      vertex -23.7973 -18.1034 0
      vertex -24 -18.11 0
    endloop
  endfacet
  facet normal -0.0980883 0.995178 0
    outer loop
      vertex -23.5954 -18.0835 0
      vertex -23.7973 -18.1034 2.32
      vertex -23.5954 -18.0835 2.32
    endloop
  endfacet
  facet normal -0.0980883 0.995178 0
    outer loop
      vertex -23.7973 -18.1034 2.32
      vertex -23.5954 -18.0835 0
      vertex -23.7973 -18.1034 0
    endloop
  endfacet
  facet normal -0.925755 0.378125 0
    outer loop
      vertex -21.1289 -16.1934 0
      vertex -21.126 -16.1863 2.32
      vertex -21.126 -16.1863 0
    endloop
  endfacet
  facet normal -0.925755 0.378125 0
    outer loop
      vertex -21.126 -16.1863 2.32
      vertex -21.1289 -16.1934 0
      vertex -21.1289 -16.1934 2.32
    endloop
  endfacet
  facet normal -0.881766 -0.471688 0
    outer loop
      vertex -21.2126 -13.6218 0
      vertex -21.3083 -13.4429 2.32
      vertex -21.3083 -13.4429 0
    endloop
  endfacet
  facet normal -0.881766 -0.471688 0
    outer loop
      vertex -21.3083 -13.4429 2.32
      vertex -21.2126 -13.6218 0
      vertex -21.2126 -13.6218 2.32
    endloop
  endfacet
  facet normal -0.634445 -0.772968 0
    outer loop
      vertex -22.1058 -12.5335 0
      vertex -21.949 -12.6622 2.32
      vertex -22.1058 -12.5335 2.32
    endloop
  endfacet
  facet normal -0.634445 -0.772968 -0
    outer loop
      vertex -21.949 -12.6622 2.32
      vertex -22.1058 -12.5335 0
      vertex -21.949 -12.6622 0
    endloop
  endfacet
  facet normal -0.16312 -0.986606 0
    outer loop
      vertex -23.5954 -11.9165 0
      vertex -23.3952 -11.9496 2.32
      vertex -23.5954 -11.9165 2.32
    endloop
  endfacet
  facet normal -0.16312 -0.986606 -0
    outer loop
      vertex -23.3952 -11.9496 2.32
      vertex -23.5954 -11.9165 0
      vertex -23.3952 -11.9496 0
    endloop
  endfacet
  facet normal -0.22684 -0.973932 0
    outer loop
      vertex -23.3952 -11.9496 0
      vertex -23.1977 -11.9956 2.32
      vertex -23.3952 -11.9496 2.32
    endloop
  endfacet
  facet normal -0.22684 -0.973932 -0
    outer loop
      vertex -23.1977 -11.9956 2.32
      vertex -23.3952 -11.9496 0
      vertex -23.1977 -11.9956 0
    endloop
  endfacet
  facet normal 0.528136 -0.84916 0
    outer loop
      vertex -25.7293 -12.4154 0
      vertex -25.5571 -12.3083 2.32
      vertex -25.7293 -12.4154 2.32
    endloop
  endfacet
  facet normal 0.528136 -0.84916 0
    outer loop
      vertex -25.5571 -12.3083 2.32
      vertex -25.7293 -12.4154 0
      vertex -25.5571 -12.3083 0
    endloop
  endfacet
  facet normal 0.22684 -0.973932 0
    outer loop
      vertex -24.8023 -11.9956 0
      vertex -24.6048 -11.9496 2.32
      vertex -24.8023 -11.9956 2.32
    endloop
  endfacet
  facet normal 0.22684 -0.973932 0
    outer loop
      vertex -24.6048 -11.9496 2.32
      vertex -24.8023 -11.9956 0
      vertex -24.6048 -11.9496 0
    endloop
  endfacet
  facet normal 0.935801 0.352528 0
    outer loop
      vertex -26.874 -16.1863 2.32
      vertex -26.9455 -15.9965 0
      vertex -26.9455 -15.9965 2.32
    endloop
  endfacet
  facet normal 0.935801 0.352528 0
    outer loop
      vertex -26.9455 -15.9965 0
      vertex -26.874 -16.1863 2.32
      vertex -26.874 -16.1863 0
    endloop
  endfacet
  facet normal 0.84916 0.528136 0
    outer loop
      vertex -26.5846 -16.7293 2.32
      vertex -26.6917 -16.5571 0
      vertex -26.6917 -16.5571 2.32
    endloop
  endfacet
  facet normal 0.84916 0.528136 0
    outer loop
      vertex -26.6917 -16.5571 0
      vertex -26.5846 -16.7293 2.32
      vertex -26.5846 -16.7293 0
    endloop
  endfacet
  facet normal 0.683564 0.729891 -0
    outer loop
      vertex -26.051 -17.3378 0
      vertex -26.1991 -17.1991 2.32
      vertex -26.051 -17.3378 2.32
    endloop
  endfacet
  facet normal 0.683564 0.729891 0
    outer loop
      vertex -26.1991 -17.1991 2.32
      vertex -26.051 -17.3378 0
      vertex -26.1991 -17.1991 0
    endloop
  endfacet
  facet normal 0.22684 0.973932 -0
    outer loop
      vertex -24.6048 -18.0504 0
      vertex -24.8023 -18.0044 2.32
      vertex -24.6048 -18.0504 2.32
    endloop
  endfacet
  facet normal 0.22684 0.973932 0
    outer loop
      vertex -24.8023 -18.0044 2.32
      vertex -24.6048 -18.0504 0
      vertex -24.8023 -18.0044 0
    endloop
  endfacet
  facet normal 0.925755 -0.378125 0
    outer loop
      vertex -26.874 -13.8137 2.32
      vertex -26.8711 -13.8066 0
      vertex -26.8711 -13.8066 2.32
    endloop
  endfacet
  facet normal 0.925755 -0.378125 0
    outer loop
      vertex -26.8711 -13.8066 0
      vertex -26.874 -13.8137 2.32
      vertex -26.874 -13.8137 0
    endloop
  endfacet
  facet normal 0.99947 -0.0325432 0
    outer loop
      vertex -27.11 -15 2.32
      vertex -27.1034 -14.7973 0
      vertex -27.1034 -14.7973 2.32
    endloop
  endfacet
  facet normal 0.99947 -0.0325432 0
    outer loop
      vertex -27.1034 -14.7973 0
      vertex -27.11 -15 2.32
      vertex -27.11 -15 0
    endloop
  endfacet
  facet normal 0.995178 -0.0980883 0
    outer loop
      vertex -27.1034 -14.7973 2.32
      vertex -27.0835 -14.5954 0
      vertex -27.0835 -14.5954 2.32
    endloop
  endfacet
  facet normal 0.995178 -0.0980883 0
    outer loop
      vertex -27.0835 -14.5954 0
      vertex -27.1034 -14.7973 2.32
      vertex -27.1034 -14.7973 0
    endloop
  endfacet
  facet normal 0.995178 0.0980883 0
    outer loop
      vertex -27.0835 -15.4046 2.32
      vertex -27.1034 -15.2027 0
      vertex -27.1034 -15.2027 2.32
    endloop
  endfacet
  facet normal 0.995178 0.0980883 0
    outer loop
      vertex -27.1034 -15.2027 0
      vertex -27.0835 -15.4046 2.32
      vertex -27.0835 -15.4046 0
    endloop
  endfacet
  facet normal -0.881766 0.471688 0
    outer loop
      vertex -21.3083 -16.5571 0
      vertex -21.2126 -16.3782 2.32
      vertex -21.2126 -16.3782 0
    endloop
  endfacet
  facet normal -0.881766 0.471688 0
    outer loop
      vertex -21.2126 -16.3782 2.32
      vertex -21.3083 -16.5571 0
      vertex -21.3083 -16.5571 2.32
    endloop
  endfacet
  facet normal -0.412577 0.910923 0
    outer loop
      vertex -22.6218 -17.7874 0
      vertex -22.8066 -17.8711 2.32
      vertex -22.6218 -17.7874 2.32
    endloop
  endfacet
  facet normal -0.412577 0.910923 0
    outer loop
      vertex -22.8066 -17.8711 2.32
      vertex -22.6218 -17.7874 0
      vertex -22.8066 -17.8711 0
    endloop
  endfacet
  facet normal -0.16312 0.986606 0
    outer loop
      vertex -23.3952 -18.0504 0
      vertex -23.5954 -18.0835 2.32
      vertex -23.3952 -18.0504 2.32
    endloop
  endfacet
  facet normal -0.16312 0.986606 0
    outer loop
      vertex -23.5954 -18.0835 2.32
      vertex -23.3952 -18.0504 0
      vertex -23.5954 -18.0835 0
    endloop
  endfacet
  facet normal -0.29024 0.956954 0
    outer loop
      vertex -23.0035 -17.9455 0
      vertex -23.1977 -18.0044 2.32
      vertex -23.0035 -17.9455 2.32
    endloop
  endfacet
  facet normal -0.29024 0.956954 0
    outer loop
      vertex -23.1977 -18.0044 2.32
      vertex -23.0035 -17.9455 0
      vertex -23.1977 -18.0044 0
    endloop
  endfacet
  facet normal -0.352528 0.935801 0
    outer loop
      vertex -22.8137 -17.874 0
      vertex -23.0035 -17.9455 2.32
      vertex -22.8137 -17.874 2.32
    endloop
  endfacet
  facet normal -0.352528 0.935801 0
    outer loop
      vertex -23.0035 -17.9455 2.32
      vertex -22.8137 -17.874 0
      vertex -23.0035 -17.9455 0
    endloop
  endfacet
  facet normal 0.0325432 0.99947 -0
    outer loop
      vertex -24 -18.11 0
      vertex -24.2027 -18.1034 2.32
      vertex -24 -18.11 2.32
    endloop
  endfacet
  facet normal 0.0325432 0.99947 0
    outer loop
      vertex -24.2027 -18.1034 2.32
      vertex -24 -18.11 0
      vertex -24.2027 -18.1034 0
    endloop
  endfacet
  facet normal -0.582264 -0.813 0
    outer loop
      vertex -22.2707 -12.4154 0
      vertex -22.1058 -12.5335 2.32
      vertex -22.2707 -12.4154 2.32
    endloop
  endfacet
  facet normal -0.582264 -0.813 -0
    outer loop
      vertex -22.1058 -12.5335 2.32
      vertex -22.2707 -12.4154 0
      vertex -22.1058 -12.5335 0
    endloop
  endfacet
  facet normal -0.412577 -0.910923 0
    outer loop
      vertex -22.8066 -12.1289 0
      vertex -22.6218 -12.2126 2.32
      vertex -22.8066 -12.1289 2.32
    endloop
  endfacet
  facet normal -0.412577 -0.910923 -0
    outer loop
      vertex -22.6218 -12.2126 2.32
      vertex -22.8066 -12.1289 0
      vertex -22.6218 -12.2126 0
    endloop
  endfacet
  facet normal -0.471688 -0.881766 0
    outer loop
      vertex -22.6218 -12.2126 0
      vertex -22.4429 -12.3083 2.32
      vertex -22.6218 -12.2126 2.32
    endloop
  endfacet
  facet normal -0.471688 -0.881766 -0
    outer loop
      vertex -22.4429 -12.3083 2.32
      vertex -22.6218 -12.2126 0
      vertex -22.4429 -12.3083 0
    endloop
  endfacet
  facet normal 0.582264 -0.813 0
    outer loop
      vertex -25.8942 -12.5335 0
      vertex -25.7293 -12.4154 2.32
      vertex -25.8942 -12.5335 2.32
    endloop
  endfacet
  facet normal 0.582264 -0.813 0
    outer loop
      vertex -25.7293 -12.4154 2.32
      vertex -25.8942 -12.5335 0
      vertex -25.7293 -12.4154 0
    endloop
  endfacet
  facet normal 0.352528 -0.935801 0
    outer loop
      vertex -25.1863 -12.126 0
      vertex -24.9965 -12.0545 2.32
      vertex -25.1863 -12.126 2.32
    endloop
  endfacet
  facet normal 0.352528 -0.935801 0
    outer loop
      vertex -24.9965 -12.0545 2.32
      vertex -25.1863 -12.126 0
      vertex -24.9965 -12.0545 0
    endloop
  endfacet
  facet normal 0.0980883 -0.995178 0
    outer loop
      vertex -24.4046 -11.9165 0
      vertex -24.2027 -11.8966 2.32
      vertex -24.4046 -11.9165 2.32
    endloop
  endfacet
  facet normal 0.0980883 -0.995178 0
    outer loop
      vertex -24.2027 -11.8966 2.32
      vertex -24.4046 -11.9165 0
      vertex -24.2027 -11.8966 0
    endloop
  endfacet
  facet normal 0.0325432 -0.99947 0
    outer loop
      vertex -24.2027 -11.8966 0
      vertex -24 -11.89 2.32
      vertex -24.2027 -11.8966 2.32
    endloop
  endfacet
  facet normal 0.0325432 -0.99947 0
    outer loop
      vertex -24 -11.89 2.32
      vertex -24.2027 -11.8966 0
      vertex -24 -11.89 0
    endloop
  endfacet
  facet normal 0.813 0.582264 0
    outer loop
      vertex -26.4665 -16.8942 2.32
      vertex -26.5846 -16.7293 0
      vertex -26.5846 -16.7293 2.32
    endloop
  endfacet
  facet normal 0.813 0.582264 0
    outer loop
      vertex -26.5846 -16.7293 0
      vertex -26.4665 -16.8942 2.32
      vertex -26.4665 -16.8942 0
    endloop
  endfacet
  facet normal 0.528136 0.84916 -0
    outer loop
      vertex -25.5571 -17.6917 0
      vertex -25.7293 -17.5846 2.32
      vertex -25.5571 -17.6917 2.32
    endloop
  endfacet
  facet normal 0.528136 0.84916 0
    outer loop
      vertex -25.7293 -17.5846 2.32
      vertex -25.5571 -17.6917 0
      vertex -25.7293 -17.5846 0
    endloop
  endfacet
  facet normal 0.634445 0.772968 -0
    outer loop
      vertex -25.8942 -17.4665 0
      vertex -26.051 -17.3378 2.32
      vertex -25.8942 -17.4665 2.32
    endloop
  endfacet
  facet normal 0.634445 0.772968 0
    outer loop
      vertex -26.051 -17.3378 2.32
      vertex -25.8942 -17.4665 0
      vertex -26.051 -17.3378 0
    endloop
  endfacet
  facet normal 0.352528 0.935801 -0
    outer loop
      vertex -24.9965 -17.9455 0
      vertex -25.1863 -17.874 2.32
      vertex -24.9965 -17.9455 2.32
    endloop
  endfacet
  facet normal 0.352528 0.935801 0
    outer loop
      vertex -25.1863 -17.874 2.32
      vertex -24.9965 -17.9455 0
      vertex -25.1863 -17.874 0
    endloop
  endfacet
  facet normal 0.378125 0.925755 -0
    outer loop
      vertex -25.1863 -17.874 0
      vertex -25.1934 -17.8711 2.32
      vertex -25.1863 -17.874 2.32
    endloop
  endfacet
  facet normal 0.378125 0.925755 0
    outer loop
      vertex -25.1934 -17.8711 2.32
      vertex -25.1863 -17.874 0
      vertex -25.1934 -17.8711 0
    endloop
  endfacet
  facet normal 0.412577 0.910923 -0
    outer loop
      vertex -25.1934 -17.8711 0
      vertex -25.3782 -17.7874 2.32
      vertex -25.1934 -17.8711 2.32
    endloop
  endfacet
  facet normal 0.412577 0.910923 0
    outer loop
      vertex -25.3782 -17.7874 2.32
      vertex -25.1934 -17.8711 0
      vertex -25.3782 -17.7874 0
    endloop
  endfacet
  facet normal 0.29024 0.956954 -0
    outer loop
      vertex -24.8023 -18.0044 0
      vertex -24.9965 -17.9455 2.32
      vertex -24.8023 -18.0044 2.32
    endloop
  endfacet
  facet normal 0.29024 0.956954 0
    outer loop
      vertex -24.9965 -17.9455 2.32
      vertex -24.8023 -18.0044 0
      vertex -24.9965 -17.9455 0
    endloop
  endfacet
  facet normal 0.16312 0.986606 -0
    outer loop
      vertex -24.4046 -18.0835 0
      vertex -24.6048 -18.0504 2.32
      vertex -24.4046 -18.0835 2.32
    endloop
  endfacet
  facet normal 0.16312 0.986606 0
    outer loop
      vertex -24.6048 -18.0504 2.32
      vertex -24.4046 -18.0835 0
      vertex -24.6048 -18.0504 0
    endloop
  endfacet
  facet normal -0.528136 0.84916 0
    outer loop
      vertex -22.2707 -17.5846 0
      vertex -22.4429 -17.6917 2.32
      vertex -22.2707 -17.5846 2.32
    endloop
  endfacet
  facet normal -0.528136 0.84916 0
    outer loop
      vertex -22.4429 -17.6917 2.32
      vertex -22.2707 -17.5846 0
      vertex -22.4429 -17.6917 0
    endloop
  endfacet
  facet normal -0.22684 0.973932 0
    outer loop
      vertex -23.1977 -18.0044 0
      vertex -23.3952 -18.0504 2.32
      vertex -23.1977 -18.0044 2.32
    endloop
  endfacet
  facet normal -0.22684 0.973932 0
    outer loop
      vertex -23.3952 -18.0504 2.32
      vertex -23.1977 -18.0044 0
      vertex -23.3952 -18.0504 0
    endloop
  endfacet
  facet normal -0.378125 0.925755 0
    outer loop
      vertex -22.8066 -17.8711 0
      vertex -22.8137 -17.874 2.32
      vertex -22.8066 -17.8711 2.32
    endloop
  endfacet
  facet normal -0.378125 0.925755 0
    outer loop
      vertex -22.8137 -17.874 2.32
      vertex -22.8066 -17.8711 0
      vertex -22.8137 -17.874 0
    endloop
  endfacet
  facet normal 0.925755 0.378125 0
    outer loop
      vertex -26.8711 -16.1934 2.32
      vertex -26.874 -16.1863 0
      vertex -26.874 -16.1863 2.32
    endloop
  endfacet
  facet normal 0.925755 0.378125 0
    outer loop
      vertex -26.874 -16.1863 0
      vertex -26.8711 -16.1934 2.32
      vertex -26.8711 -16.1934 0
    endloop
  endfacet
  facet normal 0.881766 0.471688 0
    outer loop
      vertex -26.6917 -16.5571 2.32
      vertex -26.7874 -16.3782 0
      vertex -26.7874 -16.3782 2.32
    endloop
  endfacet
  facet normal 0.881766 0.471688 0
    outer loop
      vertex -26.7874 -16.3782 0
      vertex -26.6917 -16.5571 2.32
      vertex -26.6917 -16.5571 0
    endloop
  endfacet
  facet normal 0.772968 0.634445 0
    outer loop
      vertex -26.3378 -17.051 2.32
      vertex -26.4665 -16.8942 0
      vertex -26.4665 -16.8942 2.32
    endloop
  endfacet
  facet normal 0.772968 0.634445 0
    outer loop
      vertex -26.4665 -16.8942 0
      vertex -26.3378 -17.051 2.32
      vertex -26.3378 -17.051 0
    endloop
  endfacet
  facet normal 0.582264 0.813 -0
    outer loop
      vertex -25.7293 -17.5846 0
      vertex -25.8942 -17.4665 2.32
      vertex -25.7293 -17.5846 2.32
    endloop
  endfacet
  facet normal 0.582264 0.813 0
    outer loop
      vertex -25.8942 -17.4665 2.32
      vertex -25.7293 -17.5846 0
      vertex -25.8942 -17.4665 0
    endloop
  endfacet
  facet normal 0.471688 0.881766 -0
    outer loop
      vertex -25.3782 -17.7874 0
      vertex -25.5571 -17.6917 2.32
      vertex -25.3782 -17.7874 2.32
    endloop
  endfacet
  facet normal 0.471688 0.881766 0
    outer loop
      vertex -25.5571 -17.6917 2.32
      vertex -25.3782 -17.7874 0
      vertex -25.5571 -17.6917 0
    endloop
  endfacet
  facet normal 0.412577 -0.910923 0
    outer loop
      vertex -25.3782 -12.2126 0
      vertex -25.1934 -12.1289 2.32
      vertex -25.3782 -12.2126 2.32
    endloop
  endfacet
  facet normal 0.412577 -0.910923 0
    outer loop
      vertex -25.1934 -12.1289 2.32
      vertex -25.3782 -12.2126 0
      vertex -25.1934 -12.1289 0
    endloop
  endfacet
  facet normal 0.378125 -0.925755 0
    outer loop
      vertex -25.1934 -12.1289 0
      vertex -25.1863 -12.126 2.32
      vertex -25.1934 -12.1289 2.32
    endloop
  endfacet
  facet normal 0.378125 -0.925755 0
    outer loop
      vertex -25.1863 -12.126 2.32
      vertex -25.1934 -12.1289 0
      vertex -25.1863 -12.126 0
    endloop
  endfacet
  facet normal 0.729891 0.683564 0
    outer loop
      vertex -26.1991 -17.1991 2.32
      vertex -26.3378 -17.051 0
      vertex -26.3378 -17.051 2.32
    endloop
  endfacet
  facet normal 0.729891 0.683564 0
    outer loop
      vertex -26.3378 -17.051 0
      vertex -26.1991 -17.1991 2.32
      vertex -26.1991 -17.1991 0
    endloop
  endfacet
  facet normal -0.683584 -0.729872 0
    outer loop
      vertex 2.04397 2.3307 0
      vertex 2.19203 2.19203 2.3
      vertex 2.04397 2.3307 2.3
    endloop
  endfacet
  facet normal -0.683584 -0.729872 -0
    outer loop
      vertex 2.19203 2.19203 2.3
      vertex 2.04397 2.3307 0
      vertex 2.19203 2.19203 0
    endloop
  endfacet
  facet normal 0.352218 -0.935918 0
    outer loop
      vertex -1.18632 2.86403 0
      vertex -0.996462 2.93548 2.3
      vertex -1.18632 2.86403 2.3
    endloop
  endfacet
  facet normal 0.352218 -0.935918 0
    outer loop
      vertex -0.996462 2.93548 2.3
      vertex -1.18632 2.86403 0
      vertex -0.996462 2.93548 0
    endloop
  endfacet
  facet normal 0.910842 -0.412755 0
    outer loop
      vertex -2.86403 1.18632 2.3
      vertex -2.7803 1.37109 0
      vertex -2.7803 1.37109 2.3
    endloop
  endfacet
  facet normal 0.910842 -0.412755 0
    outer loop
      vertex -2.7803 1.37109 0
      vertex -2.86403 1.18632 2.3
      vertex -2.86403 1.18632 0
    endloop
  endfacet
  facet normal -0.528052 0.849212 0
    outer loop
      vertex 1.72227 -2.57756 0
      vertex 1.55 -2.68468 2.3
      vertex 1.72227 -2.57756 2.3
    endloop
  endfacet
  facet normal -0.528052 0.849212 0
    outer loop
      vertex 1.55 -2.68468 2.3
      vertex 1.72227 -2.57756 0
      vertex 1.55 -2.68468 0
    endloop
  endfacet
  facet normal -0.995186 0.0979994 0
    outer loop
      vertex 3.07348 -0.404631 0
      vertex 3.09336 -0.202749 2.3
      vertex 3.09336 -0.202749 0
    endloop
  endfacet
  facet normal -0.995186 0.0979994 0
    outer loop
      vertex 3.09336 -0.202749 2.3
      vertex 3.07348 -0.404631 0
      vertex 3.07348 -0.404631 2.3
    endloop
  endfacet
  facet normal -0.935918 -0.352218 0
    outer loop
      vertex 2.93548 0.996462 0
      vertex 2.86403 1.18632 2.3
      vertex 2.86403 1.18632 0
    endloop
  endfacet
  facet normal -0.935918 -0.352218 0
    outer loop
      vertex 2.86403 1.18632 2.3
      vertex 2.93548 0.996462 0
      vertex 2.93548 0.996462 2.3
    endloop
  endfacet
  facet normal -0.910842 -0.412755 0
    outer loop
      vertex 2.86403 1.18632 0
      vertex 2.7803 1.37109 2.3
      vertex 2.7803 1.37109 0
    endloop
  endfacet
  facet normal -0.910842 -0.412755 0
    outer loop
      vertex 2.7803 1.37109 2.3
      vertex 2.86403 1.18632 0
      vertex 2.86403 1.18632 2.3
    endloop
  endfacet
  facet normal -0.412755 -0.910842 0
    outer loop
      vertex 1.18632 2.86403 0
      vertex 1.37109 2.7803 2.3
      vertex 1.18632 2.86403 2.3
    endloop
  endfacet
  facet normal -0.412755 -0.910842 -0
    outer loop
      vertex 1.37109 2.7803 2.3
      vertex 1.18632 2.86403 0
      vertex 1.37109 2.7803 0
    endloop
  endfacet
  facet normal 0.729872 -0.683584 0
    outer loop
      vertex -2.3307 2.04397 2.3
      vertex -2.19203 2.19203 0
      vertex -2.19203 2.19203 2.3
    endloop
  endfacet
  facet normal 0.729872 -0.683584 0
    outer loop
      vertex -2.19203 2.19203 0
      vertex -2.3307 2.04397 2.3
      vertex -2.3307 2.04397 0
    endloop
  endfacet
  facet normal 0.162922 -0.986639 0
    outer loop
      vertex -0.604779 3.04043 0
      vertex -0.404631 3.07348 2.3
      vertex -0.604779 3.04043 2.3
    endloop
  endfacet
  facet normal 0.162922 -0.986639 0
    outer loop
      vertex -0.404631 3.07348 2.3
      vertex -0.604779 3.04043 0
      vertex -0.404631 3.07348 0
    endloop
  endfacet
  facet normal -0.935918 0.352218 0
    outer loop
      vertex 2.86403 -1.18632 0
      vertex 2.93548 -0.996462 2.3
      vertex 2.93548 -0.996462 0
    endloop
  endfacet
  facet normal -0.935918 0.352218 0
    outer loop
      vertex 2.93548 -0.996462 2.3
      vertex 2.86403 -1.18632 0
      vertex 2.86403 -1.18632 2.3
    endloop
  endfacet
  facet normal 0.162922 0.986639 -0
    outer loop
      vertex -0.404631 -3.07348 0
      vertex -0.604779 -3.04043 2.3
      vertex -0.404631 -3.07348 2.3
    endloop
  endfacet
  facet normal 0.162922 0.986639 0
    outer loop
      vertex -0.604779 -3.04043 2.3
      vertex -0.404631 -3.07348 0
      vertex -0.604779 -3.04043 0
    endloop
  endfacet
  facet normal 0.683584 0.729872 -0
    outer loop
      vertex -2.04397 -2.3307 0
      vertex -2.19203 -2.19203 2.3
      vertex -2.04397 -2.3307 2.3
    endloop
  endfacet
  facet normal 0.683584 0.729872 0
    outer loop
      vertex -2.19203 -2.19203 2.3
      vertex -2.04397 -2.3307 0
      vertex -2.19203 -2.19203 0
    endloop
  endfacet
  facet normal -0.986639 -0.162922 0
    outer loop
      vertex 3.07348 0.404631 0
      vertex 3.04043 0.604779 2.3
      vertex 3.04043 0.604779 0
    endloop
  endfacet
  facet normal -0.986639 -0.162922 0
    outer loop
      vertex 3.04043 0.604779 2.3
      vertex 3.07348 0.404631 0
      vertex 3.07348 0.404631 2.3
    endloop
  endfacet
  facet normal -0.849212 -0.528052 0
    outer loop
      vertex 2.68468 1.55 0
      vertex 2.57756 1.72227 2.3
      vertex 2.57756 1.72227 0
    endloop
  endfacet
  facet normal -0.849212 -0.528052 0
    outer loop
      vertex 2.57756 1.72227 2.3
      vertex 2.68468 1.55 0
      vertex 2.68468 1.55 2.3
    endloop
  endfacet
  facet normal -0.729872 -0.683584 0
    outer loop
      vertex 2.3307 2.04397 0
      vertex 2.19203 2.19203 2.3
      vertex 2.19203 2.19203 0
    endloop
  endfacet
  facet normal -0.729872 -0.683584 0
    outer loop
      vertex 2.19203 2.19203 2.3
      vertex 2.3307 2.04397 0
      vertex 2.3307 2.04397 2.3
    endloop
  endfacet
  facet normal -0.582515 -0.81282 0
    outer loop
      vertex 1.72227 2.57756 0
      vertex 1.88716 2.45939 2.3
      vertex 1.72227 2.57756 2.3
    endloop
  endfacet
  facet normal -0.582515 -0.81282 -0
    outer loop
      vertex 1.88716 2.45939 2.3
      vertex 1.72227 2.57756 0
      vertex 1.88716 2.45939 0
    endloop
  endfacet
  facet normal -0.0979994 -0.995186 0
    outer loop
      vertex 0.202749 3.09336 0
      vertex 0.404631 3.07348 2.3
      vertex 0.202749 3.09336 2.3
    endloop
  endfacet
  facet normal -0.0979994 -0.995186 -0
    outer loop
      vertex 0.404631 3.07348 2.3
      vertex 0.202749 3.09336 0
      vertex 0.404631 3.07348 0
    endloop
  endfacet
  facet normal -0.352218 -0.935918 0
    outer loop
      vertex 0.996462 2.93548 0
      vertex 1.18632 2.86403 2.3
      vertex 0.996462 2.93548 2.3
    endloop
  endfacet
  facet normal -0.352218 -0.935918 -0
    outer loop
      vertex 1.18632 2.86403 2.3
      vertex 0.996462 2.93548 0
      vertex 1.18632 2.86403 0
    endloop
  endfacet
  facet normal -0.227055 -0.973882 0
    outer loop
      vertex 0.604779 3.04043 0
      vertex 0.802339 2.99437 2.3
      vertex 0.604779 3.04043 2.3
    endloop
  endfacet
  facet normal -0.227055 -0.973882 -0
    outer loop
      vertex 0.802339 2.99437 2.3
      vertex 0.604779 3.04043 0
      vertex 0.802339 2.99437 0
    endloop
  endfacet
  facet normal 0.995186 -0.0979994 0
    outer loop
      vertex -3.09336 0.202749 2.3
      vertex -3.07348 0.404631 0
      vertex -3.07348 0.404631 2.3
    endloop
  endfacet
  facet normal 0.995186 -0.0979994 0
    outer loop
      vertex -3.07348 0.404631 0
      vertex -3.09336 0.202749 2.3
      vertex -3.09336 0.202749 0
    endloop
  endfacet
  facet normal 0.935918 -0.352218 0
    outer loop
      vertex -2.93548 0.996462 2.3
      vertex -2.86403 1.18632 0
      vertex -2.86403 1.18632 2.3
    endloop
  endfacet
  facet normal 0.935918 -0.352218 0
    outer loop
      vertex -2.86403 1.18632 0
      vertex -2.93548 0.996462 2.3
      vertex -2.93548 0.996462 0
    endloop
  endfacet
  facet normal 0.973882 -0.227055 0
    outer loop
      vertex -3.04043 0.604779 2.3
      vertex -2.99437 0.802339 0
      vertex -2.99437 0.802339 2.3
    endloop
  endfacet
  facet normal 0.973882 -0.227055 0
    outer loop
      vertex -2.99437 0.802339 0
      vertex -3.04043 0.604779 2.3
      vertex -3.04043 0.604779 0
    endloop
  endfacet
  facet normal 0.81282 -0.582515 0
    outer loop
      vertex -2.57756 1.72227 2.3
      vertex -2.45939 1.88716 0
      vertex -2.45939 1.88716 2.3
    endloop
  endfacet
  facet normal 0.81282 -0.582515 0
    outer loop
      vertex -2.45939 1.88716 0
      vertex -2.57756 1.72227 2.3
      vertex -2.57756 1.72227 0
    endloop
  endfacet
  facet normal 0.0979994 -0.995186 0
    outer loop
      vertex -0.404631 3.07348 0
      vertex -0.202749 3.09336 2.3
      vertex -0.404631 3.07348 2.3
    endloop
  endfacet
  facet normal 0.0979994 -0.995186 0
    outer loop
      vertex -0.202749 3.09336 2.3
      vertex -0.404631 3.07348 0
      vertex -0.202749 3.09336 0
    endloop
  endfacet
  facet normal 0.528052 -0.849212 0
    outer loop
      vertex -1.72227 2.57756 0
      vertex -1.55 2.68468 2.3
      vertex -1.72227 2.57756 2.3
    endloop
  endfacet
  facet normal 0.528052 -0.849212 0
    outer loop
      vertex -1.55 2.68468 2.3
      vertex -1.72227 2.57756 0
      vertex -1.55 2.68468 0
    endloop
  endfacet
  facet normal 0.412755 -0.910842 0
    outer loop
      vertex -1.37109 2.7803 0
      vertex -1.18632 2.86403 2.3
      vertex -1.37109 2.7803 2.3
    endloop
  endfacet
  facet normal 0.412755 -0.910842 0
    outer loop
      vertex -1.18632 2.86403 2.3
      vertex -1.37109 2.7803 0
      vertex -1.18632 2.86403 0
    endloop
  endfacet
  facet normal 0.683584 -0.729872 0
    outer loop
      vertex -2.19203 2.19203 0
      vertex -2.04397 2.3307 2.3
      vertex -2.19203 2.19203 2.3
    endloop
  endfacet
  facet normal 0.683584 -0.729872 0
    outer loop
      vertex -2.04397 2.3307 2.3
      vertex -2.19203 2.19203 0
      vertex -2.04397 2.3307 0
    endloop
  endfacet
  facet normal -0.999464 -0.0327323 0
    outer loop
      vertex 3.1 0 0
      vertex 3.09336 0.202749 2.3
      vertex 3.09336 0.202749 0
    endloop
  endfacet
  facet normal -0.999464 -0.0327323 0
    outer loop
      vertex 3.09336 0.202749 2.3
      vertex 3.1 0 0
      vertex 3.1 0 2.3
    endloop
  endfacet
  facet normal -0.956936 0.2903 0
    outer loop
      vertex 2.93548 -0.996462 0
      vertex 2.99437 -0.802339 2.3
      vertex 2.99437 -0.802339 0
    endloop
  endfacet
  facet normal -0.956936 0.2903 0
    outer loop
      vertex 2.99437 -0.802339 2.3
      vertex 2.93548 -0.996462 0
      vertex 2.93548 -0.996462 2.3
    endloop
  endfacet
  facet normal -0.162922 0.986639 0
    outer loop
      vertex 0.604779 -3.04043 0
      vertex 0.404631 -3.07348 2.3
      vertex 0.604779 -3.04043 2.3
    endloop
  endfacet
  facet normal -0.162922 0.986639 0
    outer loop
      vertex 0.404631 -3.07348 2.3
      vertex 0.604779 -3.04043 0
      vertex 0.404631 -3.07348 0
    endloop
  endfacet
  facet normal -0.683584 0.729872 0
    outer loop
      vertex 2.19203 -2.19203 0
      vertex 2.04397 -2.3307 2.3
      vertex 2.19203 -2.19203 2.3
    endloop
  endfacet
  facet normal -0.683584 0.729872 0
    outer loop
      vertex 2.04397 -2.3307 2.3
      vertex 2.19203 -2.19203 0
      vertex 2.04397 -2.3307 0
    endloop
  endfacet
  facet normal -0.412755 0.910842 0
    outer loop
      vertex 1.37109 -2.7803 0
      vertex 1.18632 -2.86403 2.3
      vertex 1.37109 -2.7803 2.3
    endloop
  endfacet
  facet normal -0.412755 0.910842 0
    outer loop
      vertex 1.18632 -2.86403 2.3
      vertex 1.37109 -2.7803 0
      vertex 1.18632 -2.86403 0
    endloop
  endfacet
  facet normal 0.0979994 0.995186 -0
    outer loop
      vertex -0.202749 -3.09336 0
      vertex -0.404631 -3.07348 2.3
      vertex -0.202749 -3.09336 2.3
    endloop
  endfacet
  facet normal 0.0979994 0.995186 0
    outer loop
      vertex -0.404631 -3.07348 2.3
      vertex -0.202749 -3.09336 0
      vertex -0.404631 -3.07348 0
    endloop
  endfacet
  facet normal 0.352218 0.935918 -0
    outer loop
      vertex -0.996462 -2.93548 0
      vertex -1.18632 -2.86403 2.3
      vertex -0.996462 -2.93548 2.3
    endloop
  endfacet
  facet normal 0.352218 0.935918 0
    outer loop
      vertex -1.18632 -2.86403 2.3
      vertex -0.996462 -2.93548 0
      vertex -1.18632 -2.86403 0
    endloop
  endfacet
  facet normal 0.227055 0.973882 -0
    outer loop
      vertex -0.604779 -3.04043 0
      vertex -0.802339 -2.99437 2.3
      vertex -0.604779 -3.04043 2.3
    endloop
  endfacet
  facet normal 0.227055 0.973882 0
    outer loop
      vertex -0.802339 -2.99437 2.3
      vertex -0.604779 -3.04043 0
      vertex -0.802339 -2.99437 0
    endloop
  endfacet
  facet normal 0.582515 0.81282 -0
    outer loop
      vertex -1.72227 -2.57756 0
      vertex -1.88716 -2.45939 2.3
      vertex -1.72227 -2.57756 2.3
    endloop
  endfacet
  facet normal 0.582515 0.81282 0
    outer loop
      vertex -1.88716 -2.45939 2.3
      vertex -1.72227 -2.57756 0
      vertex -1.88716 -2.45939 0
    endloop
  endfacet
  facet normal 0.910842 0.412755 0
    outer loop
      vertex -2.7803 -1.37109 2.3
      vertex -2.86403 -1.18632 0
      vertex -2.86403 -1.18632 2.3
    endloop
  endfacet
  facet normal 0.910842 0.412755 0
    outer loop
      vertex -2.86403 -1.18632 0
      vertex -2.7803 -1.37109 2.3
      vertex -2.7803 -1.37109 0
    endloop
  endfacet
  facet normal -0.995186 -0.0979994 0
    outer loop
      vertex 3.09336 0.202749 0
      vertex 3.07348 0.404631 2.3
      vertex 3.07348 0.404631 0
    endloop
  endfacet
  facet normal -0.995186 -0.0979994 0
    outer loop
      vertex 3.07348 0.404631 2.3
      vertex 3.09336 0.202749 0
      vertex 3.09336 0.202749 2.3
    endloop
  endfacet
  facet normal -0.956936 -0.2903 0
    outer loop
      vertex 2.99437 0.802339 0
      vertex 2.93548 0.996462 2.3
      vertex 2.93548 0.996462 0
    endloop
  endfacet
  facet normal -0.956936 -0.2903 0
    outer loop
      vertex 2.93548 0.996462 2.3
      vertex 2.99437 0.802339 0
      vertex 2.99437 0.802339 2.3
    endloop
  endfacet
  facet normal -0.973882 -0.227055 0
    outer loop
      vertex 3.04043 0.604779 0
      vertex 2.99437 0.802339 2.3
      vertex 2.99437 0.802339 0
    endloop
  endfacet
  facet normal -0.973882 -0.227055 0
    outer loop
      vertex 2.99437 0.802339 2.3
      vertex 3.04043 0.604779 0
      vertex 3.04043 0.604779 2.3
    endloop
  endfacet
  facet normal -0.881941 -0.471361 0
    outer loop
      vertex 2.7803 1.37109 0
      vertex 2.68468 1.55 2.3
      vertex 2.68468 1.55 0
    endloop
  endfacet
  facet normal -0.881941 -0.471361 0
    outer loop
      vertex 2.68468 1.55 2.3
      vertex 2.7803 1.37109 0
      vertex 2.7803 1.37109 2.3
    endloop
  endfacet
  facet normal -0.773012 -0.634391 0
    outer loop
      vertex 2.45939 1.88716 0
      vertex 2.3307 2.04397 2.3
      vertex 2.3307 2.04397 0
    endloop
  endfacet
  facet normal -0.773012 -0.634391 0
    outer loop
      vertex 2.3307 2.04397 2.3
      vertex 2.45939 1.88716 0
      vertex 2.45939 1.88716 2.3
    endloop
  endfacet
  facet normal -0.81282 -0.582515 0
    outer loop
      vertex 2.57756 1.72227 0
      vertex 2.45939 1.88716 2.3
      vertex 2.45939 1.88716 0
    endloop
  endfacet
  facet normal -0.81282 -0.582515 0
    outer loop
      vertex 2.45939 1.88716 2.3
      vertex 2.57756 1.72227 0
      vertex 2.57756 1.72227 2.3
    endloop
  endfacet
  facet normal -0.0327323 -0.999464 0
    outer loop
      vertex 0 3.1 0
      vertex 0.202749 3.09336 2.3
      vertex 0 3.1 2.3
    endloop
  endfacet
  facet normal -0.0327323 -0.999464 -0
    outer loop
      vertex 0.202749 3.09336 2.3
      vertex 0 3.1 0
      vertex 0.202749 3.09336 0
    endloop
  endfacet
  facet normal -0.634391 -0.773012 0
    outer loop
      vertex 1.88716 2.45939 0
      vertex 2.04397 2.3307 2.3
      vertex 1.88716 2.45939 2.3
    endloop
  endfacet
  facet normal -0.634391 -0.773012 -0
    outer loop
      vertex 2.04397 2.3307 2.3
      vertex 1.88716 2.45939 0
      vertex 2.04397 2.3307 0
    endloop
  endfacet
  facet normal -0.471361 -0.881941 0
    outer loop
      vertex 1.37109 2.7803 0
      vertex 1.55 2.68468 2.3
      vertex 1.37109 2.7803 2.3
    endloop
  endfacet
  facet normal -0.471361 -0.881941 -0
    outer loop
      vertex 1.55 2.68468 2.3
      vertex 1.37109 2.7803 0
      vertex 1.55 2.68468 0
    endloop
  endfacet
  facet normal -0.528052 -0.849212 0
    outer loop
      vertex 1.55 2.68468 0
      vertex 1.72227 2.57756 2.3
      vertex 1.55 2.68468 2.3
    endloop
  endfacet
  facet normal -0.528052 -0.849212 -0
    outer loop
      vertex 1.72227 2.57756 2.3
      vertex 1.55 2.68468 0
      vertex 1.72227 2.57756 0
    endloop
  endfacet
  facet normal -0.162922 -0.986639 0
    outer loop
      vertex 0.404631 3.07348 0
      vertex 0.604779 3.04043 2.3
      vertex 0.404631 3.07348 2.3
    endloop
  endfacet
  facet normal -0.162922 -0.986639 -0
    outer loop
      vertex 0.604779 3.04043 2.3
      vertex 0.404631 3.07348 0
      vertex 0.604779 3.04043 0
    endloop
  endfacet
  facet normal -0.2903 -0.956936 0
    outer loop
      vertex 0.802339 2.99437 0
      vertex 0.996462 2.93548 2.3
      vertex 0.802339 2.99437 2.3
    endloop
  endfacet
  facet normal -0.2903 -0.956936 -0
    outer loop
      vertex 0.996462 2.93548 2.3
      vertex 0.802339 2.99437 0
      vertex 0.996462 2.93548 0
    endloop
  endfacet
  facet normal 0.999464 -0.0327323 0
    outer loop
      vertex -3.1 0 2.3
      vertex -3.09336 0.202749 0
      vertex -3.09336 0.202749 2.3
    endloop
  endfacet
  facet normal 0.999464 -0.0327323 0
    outer loop
      vertex -3.09336 0.202749 0
      vertex -3.1 0 2.3
      vertex -3.1 0 0
    endloop
  endfacet
  facet normal 0 0 -1
    outer loop
      vertex 3.09336 -0.202749 2.3
      vertex 3.09336 0.202749 2.3
      vertex 3.1 0 2.3
    endloop
  endfacet
  facet normal 0 0 -1
    outer loop
      vertex 3.07348 -0.404631 2.3
      vertex 3.09336 0.202749 2.3
      vertex 3.09336 -0.202749 2.3
    endloop
  endfacet
  facet normal 0 0 -1
    outer loop
      vertex 3.07348 -0.404631 2.3
      vertex 3.07348 0.404631 2.3
      vertex 3.09336 0.202749 2.3
    endloop
  endfacet
  facet normal 0 0 -1
    outer loop
      vertex 3.04043 -0.604779 2.3
      vertex 3.07348 0.404631 2.3
      vertex 3.07348 -0.404631 2.3
    endloop
  endfacet
  facet normal 0 0 -1
    outer loop
      vertex 3.04043 -0.604779 2.3
      vertex 3.04043 0.604779 2.3
      vertex 3.07348 0.404631 2.3
    endloop
  endfacet
  facet normal 0 0 -1
    outer loop
      vertex 2.99437 -0.802339 2.3
      vertex 3.04043 0.604779 2.3
      vertex 3.04043 -0.604779 2.3
    endloop
  endfacet
  facet normal 0 0 -1
    outer loop
      vertex 2.99437 -0.802339 2.3
      vertex 2.99437 0.802339 2.3
      vertex 3.04043 0.604779 2.3
    endloop
  endfacet
  facet normal 0 0 -1
    outer loop
      vertex 2.93548 -0.996462 2.3
      vertex 2.99437 0.802339 2.3
      vertex 2.99437 -0.802339 2.3
    endloop
  endfacet
  facet normal 0 0 -1
    outer loop
      vertex 2.93548 -0.996462 2.3
      vertex 2.93548 0.996462 2.3
      vertex 2.99437 0.802339 2.3
    endloop
  endfacet
  facet normal 0 0 -1
    outer loop
      vertex 2.86403 -1.18632 2.3
      vertex 2.93548 0.996462 2.3
      vertex 2.93548 -0.996462 2.3
    endloop
  endfacet
  facet normal 0 0 -1
    outer loop
      vertex 2.86403 -1.18632 2.3
      vertex 2.86403 1.18632 2.3
      vertex 2.93548 0.996462 2.3
    endloop
  endfacet
  facet normal 0 0 -1
    outer loop
      vertex 2.7803 -1.37109 2.3
      vertex 2.86403 1.18632 2.3
      vertex 2.86403 -1.18632 2.3
    endloop
  endfacet
  facet normal 0 0 -1
    outer loop
      vertex 2.7803 -1.37109 2.3
      vertex 2.7803 1.37109 2.3
      vertex 2.86403 1.18632 2.3
    endloop
  endfacet
  facet normal 0 0 -1
    outer loop
      vertex 2.68468 -1.55 2.3
      vertex 2.7803 1.37109 2.3
      vertex 2.7803 -1.37109 2.3
    endloop
  endfacet
  facet normal 0 0 -1
    outer loop
      vertex 2.68468 -1.55 2.3
      vertex 2.68468 1.55 2.3
      vertex 2.7803 1.37109 2.3
    endloop
  endfacet
  facet normal 0 0 -1
    outer loop
      vertex 2.57756 -1.72227 2.3
      vertex 2.68468 1.55 2.3
      vertex 2.68468 -1.55 2.3
    endloop
  endfacet
  facet normal 0 0 -1
    outer loop
      vertex 2.57756 -1.72227 2.3
      vertex 2.57756 1.72227 2.3
      vertex 2.68468 1.55 2.3
    endloop
  endfacet
  facet normal 0 0 -1
    outer loop
      vertex 2.45939 -1.88716 2.3
      vertex 2.57756 1.72227 2.3
      vertex 2.57756 -1.72227 2.3
    endloop
  endfacet
  facet normal 0 0 -1
    outer loop
      vertex 2.45939 -1.88716 2.3
      vertex 2.45939 1.88716 2.3
      vertex 2.57756 1.72227 2.3
    endloop
  endfacet
  facet normal 0 0 -1
    outer loop
      vertex 2.3307 -2.04397 2.3
      vertex 2.45939 1.88716 2.3
      vertex 2.45939 -1.88716 2.3
    endloop
  endfacet
  facet normal 0 0 -1
    outer loop
      vertex 2.3307 -2.04397 2.3
      vertex 2.3307 2.04397 2.3
      vertex 2.45939 1.88716 2.3
    endloop
  endfacet
  facet normal 0 0 -1
    outer loop
      vertex 2.19203 -2.19203 2.3
      vertex 2.3307 2.04397 2.3
      vertex 2.3307 -2.04397 2.3
    endloop
  endfacet
  facet normal 0 0 -1
    outer loop
      vertex 2.19203 -2.19203 2.3
      vertex 2.19203 2.19203 2.3
      vertex 2.3307 2.04397 2.3
    endloop
  endfacet
  facet normal 0 0 -1
    outer loop
      vertex 2.04397 -2.3307 2.3
      vertex 2.19203 2.19203 2.3
      vertex 2.19203 -2.19203 2.3
    endloop
  endfacet
  facet normal 0 0 -1
    outer loop
      vertex 2.04397 -2.3307 2.3
      vertex 2.04397 2.3307 2.3
      vertex 2.19203 2.19203 2.3
    endloop
  endfacet
  facet normal 0 0 -1
    outer loop
      vertex 1.88716 -2.45939 2.3
      vertex 2.04397 2.3307 2.3
      vertex 2.04397 -2.3307 2.3
    endloop
  endfacet
  facet normal 0 0 -1
    outer loop
      vertex 1.88716 -2.45939 2.3
      vertex 1.88716 2.45939 2.3
      vertex 2.04397 2.3307 2.3
    endloop
  endfacet
  facet normal 0 0 -1
    outer loop
      vertex 1.72227 -2.57756 2.3
      vertex 1.88716 2.45939 2.3
      vertex 1.88716 -2.45939 2.3
    endloop
  endfacet
  facet normal 0 0 -1
    outer loop
      vertex 1.72227 -2.57756 2.3
      vertex 1.72227 2.57756 2.3
      vertex 1.88716 2.45939 2.3
    endloop
  endfacet
  facet normal 0 0 -1
    outer loop
      vertex 1.55 -2.68468 2.3
      vertex 1.72227 2.57756 2.3
      vertex 1.72227 -2.57756 2.3
    endloop
  endfacet
  facet normal 0 0 -1
    outer loop
      vertex 1.55 -2.68468 2.3
      vertex 1.55 2.68468 2.3
      vertex 1.72227 2.57756 2.3
    endloop
  endfacet
  facet normal 0 0 -1
    outer loop
      vertex 1.37109 -2.7803 2.3
      vertex 1.55 2.68468 2.3
      vertex 1.55 -2.68468 2.3
    endloop
  endfacet
  facet normal 0 0 -1
    outer loop
      vertex 1.37109 -2.7803 2.3
      vertex 1.37109 2.7803 2.3
      vertex 1.55 2.68468 2.3
    endloop
  endfacet
  facet normal 0 0 -1
    outer loop
      vertex 1.18632 -2.86403 2.3
      vertex 1.37109 2.7803 2.3
      vertex 1.37109 -2.7803 2.3
    endloop
  endfacet
  facet normal 0 0 -1
    outer loop
      vertex 1.18632 -2.86403 2.3
      vertex 1.18632 2.86403 2.3
      vertex 1.37109 2.7803 2.3
    endloop
  endfacet
  facet normal 0 0 -1
    outer loop
      vertex 0.996462 -2.93548 2.3
      vertex 1.18632 2.86403 2.3
      vertex 1.18632 -2.86403 2.3
    endloop
  endfacet
  facet normal 0 0 -1
    outer loop
      vertex 0.996462 -2.93548 2.3
      vertex 0.996462 2.93548 2.3
      vertex 1.18632 2.86403 2.3
    endloop
  endfacet
  facet normal 0 0 -1
    outer loop
      vertex 0.802339 -2.99437 2.3
      vertex 0.996462 2.93548 2.3
      vertex 0.996462 -2.93548 2.3
    endloop
  endfacet
  facet normal 0 0 -1
    outer loop
      vertex 0.802339 -2.99437 2.3
      vertex 0.802339 2.99437 2.3
      vertex 0.996462 2.93548 2.3
    endloop
  endfacet
  facet normal 0 0 -1
    outer loop
      vertex 0.604779 -3.04043 2.3
      vertex 0.802339 2.99437 2.3
      vertex 0.802339 -2.99437 2.3
    endloop
  endfacet
  facet normal 0 0 -1
    outer loop
      vertex 0.604779 -3.04043 2.3
      vertex 0.604779 3.04043 2.3
      vertex 0.802339 2.99437 2.3
    endloop
  endfacet
  facet normal 0 0 -1
    outer loop
      vertex 0.404631 -3.07348 2.3
      vertex 0.604779 3.04043 2.3
      vertex 0.604779 -3.04043 2.3
    endloop
  endfacet
  facet normal 0 0 -1
    outer loop
      vertex 0.404631 -3.07348 2.3
      vertex 0.404631 3.07348 2.3
      vertex 0.604779 3.04043 2.3
    endloop
  endfacet
  facet normal 0 0 -1
    outer loop
      vertex 0.202749 -3.09336 2.3
      vertex 0.404631 3.07348 2.3
      vertex 0.404631 -3.07348 2.3
    endloop
  endfacet
  facet normal 0 0 -1
    outer loop
      vertex 0.202749 -3.09336 2.3
      vertex 0.202749 3.09336 2.3
      vertex 0.404631 3.07348 2.3
    endloop
  endfacet
  facet normal 0 0 -1
    outer loop
      vertex 0 -3.1 2.3
      vertex 0.202749 3.09336 2.3
      vertex 0.202749 -3.09336 2.3
    endloop
  endfacet
  facet normal 0 0 -1
    outer loop
      vertex 0 -3.1 2.3
      vertex 0 3.1 2.3
      vertex 0.202749 3.09336 2.3
    endloop
  endfacet
  facet normal 0 0 -1
    outer loop
      vertex -0.202749 -3.09336 2.3
      vertex 0 3.1 2.3
      vertex 0 -3.1 2.3
    endloop
  endfacet
  facet normal 0 0 -1
    outer loop
      vertex -0.202749 -3.09336 2.3
      vertex -0.202749 3.09336 2.3
      vertex 0 3.1 2.3
    endloop
  endfacet
  facet normal 0 0 -1
    outer loop
      vertex -0.404631 -3.07348 2.3
      vertex -0.202749 3.09336 2.3
      vertex -0.202749 -3.09336 2.3
    endloop
  endfacet
  facet normal 0 0 -1
    outer loop
      vertex -0.404631 -3.07348 2.3
      vertex -0.404631 3.07348 2.3
      vertex -0.202749 3.09336 2.3
    endloop
  endfacet
  facet normal 0 0 -1
    outer loop
      vertex -0.604779 -3.04043 2.3
      vertex -0.404631 3.07348 2.3
      vertex -0.404631 -3.07348 2.3
    endloop
  endfacet
  facet normal 0 0 -1
    outer loop
      vertex -0.604779 -3.04043 2.3
      vertex -0.604779 3.04043 2.3
      vertex -0.404631 3.07348 2.3
    endloop
  endfacet
  facet normal 0 0 -1
    outer loop
      vertex -0.802339 -2.99437 2.3
      vertex -0.604779 3.04043 2.3
      vertex -0.604779 -3.04043 2.3
    endloop
  endfacet
  facet normal 0 0 -1
    outer loop
      vertex -0.802339 -2.99437 2.3
      vertex -0.802339 2.99437 2.3
      vertex -0.604779 3.04043 2.3
    endloop
  endfacet
  facet normal 0 0 -1
    outer loop
      vertex -0.996462 -2.93548 2.3
      vertex -0.802339 2.99437 2.3
      vertex -0.802339 -2.99437 2.3
    endloop
  endfacet
  facet normal 0 0 -1
    outer loop
      vertex -0.996462 -2.93548 2.3
      vertex -0.996462 2.93548 2.3
      vertex -0.802339 2.99437 2.3
    endloop
  endfacet
  facet normal 0 0 -1
    outer loop
      vertex -1.18632 -2.86403 2.3
      vertex -0.996462 2.93548 2.3
      vertex -0.996462 -2.93548 2.3
    endloop
  endfacet
  facet normal 0 0 -1
    outer loop
      vertex -1.18632 -2.86403 2.3
      vertex -1.18632 2.86403 2.3
      vertex -0.996462 2.93548 2.3
    endloop
  endfacet
  facet normal 0 0 -1
    outer loop
      vertex -1.37109 -2.7803 2.3
      vertex -1.18632 2.86403 2.3
      vertex -1.18632 -2.86403 2.3
    endloop
  endfacet
  facet normal 0 0 -1
    outer loop
      vertex -1.37109 -2.7803 2.3
      vertex -1.37109 2.7803 2.3
      vertex -1.18632 2.86403 2.3
    endloop
  endfacet
  facet normal 0 0 -1
    outer loop
      vertex -1.55 -2.68468 2.3
      vertex -1.37109 2.7803 2.3
      vertex -1.37109 -2.7803 2.3
    endloop
  endfacet
  facet normal 0 0 -1
    outer loop
      vertex -1.55 -2.68468 2.3
      vertex -1.55 2.68468 2.3
      vertex -1.37109 2.7803 2.3
    endloop
  endfacet
  facet normal 0 0 -1
    outer loop
      vertex -1.72227 -2.57756 2.3
      vertex -1.55 2.68468 2.3
      vertex -1.55 -2.68468 2.3
    endloop
  endfacet
  facet normal 0 0 -1
    outer loop
      vertex -1.72227 -2.57756 2.3
      vertex -1.72227 2.57756 2.3
      vertex -1.55 2.68468 2.3
    endloop
  endfacet
  facet normal 0 0 -1
    outer loop
      vertex -1.88716 -2.45939 2.3
      vertex -1.72227 2.57756 2.3
      vertex -1.72227 -2.57756 2.3
    endloop
  endfacet
  facet normal 0 0 -1
    outer loop
      vertex -1.88716 -2.45939 2.3
      vertex -1.88716 2.45939 2.3
      vertex -1.72227 2.57756 2.3
    endloop
  endfacet
  facet normal 0 0 -1
    outer loop
      vertex -2.04397 -2.3307 2.3
      vertex -1.88716 2.45939 2.3
      vertex -1.88716 -2.45939 2.3
    endloop
  endfacet
  facet normal 0 0 -1
    outer loop
      vertex -2.04397 -2.3307 2.3
      vertex -2.04397 2.3307 2.3
      vertex -1.88716 2.45939 2.3
    endloop
  endfacet
  facet normal 0 0 -1
    outer loop
      vertex -2.19203 -2.19203 2.3
      vertex -2.04397 2.3307 2.3
      vertex -2.04397 -2.3307 2.3
    endloop
  endfacet
  facet normal 0 0 -1
    outer loop
      vertex -2.19203 -2.19203 2.3
      vertex -2.19203 2.19203 2.3
      vertex -2.04397 2.3307 2.3
    endloop
  endfacet
  facet normal 0 0 -1
    outer loop
      vertex -2.3307 -2.04397 2.3
      vertex -2.19203 2.19203 2.3
      vertex -2.19203 -2.19203 2.3
    endloop
  endfacet
  facet normal 0 0 -1
    outer loop
      vertex -2.3307 -2.04397 2.3
      vertex -2.3307 2.04397 2.3
      vertex -2.19203 2.19203 2.3
    endloop
  endfacet
  facet normal 0 0 -1
    outer loop
      vertex -2.45939 -1.88716 2.3
      vertex -2.3307 2.04397 2.3
      vertex -2.3307 -2.04397 2.3
    endloop
  endfacet
  facet normal 0 0 -1
    outer loop
      vertex -2.45939 -1.88716 2.3
      vertex -2.45939 1.88716 2.3
      vertex -2.3307 2.04397 2.3
    endloop
  endfacet
  facet normal 0 0 -1
    outer loop
      vertex -2.57756 -1.72227 2.3
      vertex -2.45939 1.88716 2.3
      vertex -2.45939 -1.88716 2.3
    endloop
  endfacet
  facet normal 0 0 -1
    outer loop
      vertex -2.57756 -1.72227 2.3
      vertex -2.57756 1.72227 2.3
      vertex -2.45939 1.88716 2.3
    endloop
  endfacet
  facet normal 0 0 -1
    outer loop
      vertex -2.68468 -1.55 2.3
      vertex -2.57756 1.72227 2.3
      vertex -2.57756 -1.72227 2.3
    endloop
  endfacet
  facet normal 0 0 -1
    outer loop
      vertex -2.68468 -1.55 2.3
      vertex -2.68468 1.55 2.3
      vertex -2.57756 1.72227 2.3
    endloop
  endfacet
  facet normal 0 0 -1
    outer loop
      vertex -2.7803 -1.37109 2.3
      vertex -2.68468 1.55 2.3
      vertex -2.68468 -1.55 2.3
    endloop
  endfacet
  facet normal 0 0 -1
    outer loop
      vertex -2.7803 -1.37109 2.3
      vertex -2.7803 1.37109 2.3
      vertex -2.68468 1.55 2.3
    endloop
  endfacet
  facet normal 0 0 -1
    outer loop
      vertex -2.86403 -1.18632 2.3
      vertex -2.7803 1.37109 2.3
      vertex -2.7803 -1.37109 2.3
    endloop
  endfacet
  facet normal 0 0 -1
    outer loop
      vertex -2.86403 -1.18632 2.3
      vertex -2.86403 1.18632 2.3
      vertex -2.7803 1.37109 2.3
    endloop
  endfacet
  facet normal 0 0 -1
    outer loop
      vertex -2.93548 -0.996462 2.3
      vertex -2.86403 1.18632 2.3
      vertex -2.86403 -1.18632 2.3
    endloop
  endfacet
  facet normal 0 0 -1
    outer loop
      vertex -2.93548 -0.996462 2.3
      vertex -2.93548 0.996462 2.3
      vertex -2.86403 1.18632 2.3
    endloop
  endfacet
  facet normal 0 0 -1
    outer loop
      vertex -2.99437 -0.802339 2.3
      vertex -2.93548 0.996462 2.3
      vertex -2.93548 -0.996462 2.3
    endloop
  endfacet
  facet normal 0 0 -1
    outer loop
      vertex -2.99437 -0.802339 2.3
      vertex -2.99437 0.802339 2.3
      vertex -2.93548 0.996462 2.3
    endloop
  endfacet
  facet normal 0 0 -1
    outer loop
      vertex -3.04043 -0.604779 2.3
      vertex -2.99437 0.802339 2.3
      vertex -2.99437 -0.802339 2.3
    endloop
  endfacet
  facet normal 0 0 -1
    outer loop
      vertex -3.04043 -0.604779 2.3
      vertex -3.04043 0.604779 2.3
      vertex -2.99437 0.802339 2.3
    endloop
  endfacet
  facet normal 0 0 -1
    outer loop
      vertex -3.07348 -0.404631 2.3
      vertex -3.04043 0.604779 2.3
      vertex -3.04043 -0.604779 2.3
    endloop
  endfacet
  facet normal 0 0 -1
    outer loop
      vertex -3.07348 -0.404631 2.3
      vertex -3.07348 0.404631 2.3
      vertex -3.04043 0.604779 2.3
    endloop
  endfacet
  facet normal 0 0 -1
    outer loop
      vertex -3.09336 -0.202749 2.3
      vertex -3.07348 0.404631 2.3
      vertex -3.07348 -0.404631 2.3
    endloop
  endfacet
  facet normal 0 0 -1
    outer loop
      vertex -3.09336 -0.202749 2.3
      vertex -3.09336 0.202749 2.3
      vertex -3.07348 0.404631 2.3
    endloop
  endfacet
  facet normal 0 -0 -1
    outer loop
      vertex -3.09336 0.202749 2.3
      vertex -3.09336 -0.202749 2.3
      vertex -3.1 0 2.3
    endloop
  endfacet
  facet normal 0.986639 -0.162922 0
    outer loop
      vertex -3.07348 0.404631 2.3
      vertex -3.04043 0.604779 0
      vertex -3.04043 0.604779 2.3
    endloop
  endfacet
  facet normal 0.986639 -0.162922 0
    outer loop
      vertex -3.04043 0.604779 0
      vertex -3.07348 0.404631 2.3
      vertex -3.07348 0.404631 0
    endloop
  endfacet
  facet normal 0.956936 -0.2903 0
    outer loop
      vertex -2.99437 0.802339 2.3
      vertex -2.93548 0.996462 0
      vertex -2.93548 0.996462 2.3
    endloop
  endfacet
  facet normal 0.956936 -0.2903 0
    outer loop
      vertex -2.93548 0.996462 0
      vertex -2.99437 0.802339 2.3
      vertex -2.99437 0.802339 0
    endloop
  endfacet
  facet normal 0.849212 -0.528052 0
    outer loop
      vertex -2.68468 1.55 2.3
      vertex -2.57756 1.72227 0
      vertex -2.57756 1.72227 2.3
    endloop
  endfacet
  facet normal 0.849212 -0.528052 0
    outer loop
      vertex -2.57756 1.72227 0
      vertex -2.68468 1.55 2.3
      vertex -2.68468 1.55 0
    endloop
  endfacet
  facet normal 0.881941 -0.471361 0
    outer loop
      vertex -2.7803 1.37109 2.3
      vertex -2.68468 1.55 0
      vertex -2.68468 1.55 2.3
    endloop
  endfacet
  facet normal 0.881941 -0.471361 0
    outer loop
      vertex -2.68468 1.55 0
      vertex -2.7803 1.37109 2.3
      vertex -2.7803 1.37109 0
    endloop
  endfacet
  facet normal 0.773012 -0.634391 0
    outer loop
      vertex -2.45939 1.88716 2.3
      vertex -2.3307 2.04397 0
      vertex -2.3307 2.04397 2.3
    endloop
  endfacet
  facet normal 0.773012 -0.634391 0
    outer loop
      vertex -2.3307 2.04397 0
      vertex -2.45939 1.88716 2.3
      vertex -2.45939 1.88716 0
    endloop
  endfacet
  facet normal 0.227055 -0.973882 0
    outer loop
      vertex -0.802339 2.99437 0
      vertex -0.604779 3.04043 2.3
      vertex -0.802339 2.99437 2.3
    endloop
  endfacet
  facet normal 0.227055 -0.973882 0
    outer loop
      vertex -0.604779 3.04043 2.3
      vertex -0.802339 2.99437 0
      vertex -0.604779 3.04043 0
    endloop
  endfacet
  facet normal 0.2903 -0.956936 0
    outer loop
      vertex -0.996462 2.93548 0
      vertex -0.802339 2.99437 2.3
      vertex -0.996462 2.93548 2.3
    endloop
  endfacet
  facet normal 0.2903 -0.956936 0
    outer loop
      vertex -0.802339 2.99437 2.3
      vertex -0.996462 2.93548 0
      vertex -0.802339 2.99437 0
    endloop
  endfacet
  facet normal 0.0327323 -0.999464 0
    outer loop
      vertex -0.202749 3.09336 0
      vertex 0 3.1 2.3
      vertex -0.202749 3.09336 2.3
    endloop
  endfacet
  facet normal 0.0327323 -0.999464 0
    outer loop
      vertex 0 3.1 2.3
      vertex -0.202749 3.09336 0
      vertex 0 3.1 0
    endloop
  endfacet
  facet normal 0.471361 -0.881941 0
    outer loop
      vertex -1.55 2.68468 0
      vertex -1.37109 2.7803 2.3
      vertex -1.55 2.68468 2.3
    endloop
  endfacet
  facet normal 0.471361 -0.881941 0
    outer loop
      vertex -1.37109 2.7803 2.3
      vertex -1.55 2.68468 0
      vertex -1.37109 2.7803 0
    endloop
  endfacet
  facet normal 0.634391 -0.773012 0
    outer loop
      vertex -2.04397 2.3307 0
      vertex -1.88716 2.45939 2.3
      vertex -2.04397 2.3307 2.3
    endloop
  endfacet
  facet normal 0.634391 -0.773012 0
    outer loop
      vertex -1.88716 2.45939 2.3
      vertex -2.04397 2.3307 0
      vertex -1.88716 2.45939 0
    endloop
  endfacet
  facet normal 0.582515 -0.81282 0
    outer loop
      vertex -1.88716 2.45939 0
      vertex -1.72227 2.57756 2.3
      vertex -1.88716 2.45939 2.3
    endloop
  endfacet
  facet normal 0.582515 -0.81282 0
    outer loop
      vertex -1.72227 2.57756 2.3
      vertex -1.88716 2.45939 0
      vertex -1.72227 2.57756 0
    endloop
  endfacet
  facet normal -0.0327323 0.999464 0
    outer loop
      vertex 0.202749 -3.09336 0
      vertex 0 -3.1 2.3
      vertex 0.202749 -3.09336 2.3
    endloop
  endfacet
  facet normal -0.0327323 0.999464 0
    outer loop
      vertex 0 -3.1 2.3
      vertex 0.202749 -3.09336 0
      vertex 0 -3.1 0
    endloop
  endfacet
  facet normal -0.352218 0.935918 0
    outer loop
      vertex 1.18632 -2.86403 0
      vertex 0.996462 -2.93548 2.3
      vertex 1.18632 -2.86403 2.3
    endloop
  endfacet
  facet normal -0.352218 0.935918 0
    outer loop
      vertex 0.996462 -2.93548 2.3
      vertex 1.18632 -2.86403 0
      vertex 0.996462 -2.93548 0
    endloop
  endfacet
  facet normal -0.227055 0.973882 0
    outer loop
      vertex 0.802339 -2.99437 0
      vertex 0.604779 -3.04043 2.3
      vertex 0.802339 -2.99437 2.3
    endloop
  endfacet
  facet normal -0.227055 0.973882 0
    outer loop
      vertex 0.604779 -3.04043 2.3
      vertex 0.802339 -2.99437 0
      vertex 0.604779 -3.04043 0
    endloop
  endfacet
  facet normal -0.582515 0.81282 0
    outer loop
      vertex 1.88716 -2.45939 0
      vertex 1.72227 -2.57756 2.3
      vertex 1.88716 -2.45939 2.3
    endloop
  endfacet
  facet normal -0.582515 0.81282 0
    outer loop
      vertex 1.72227 -2.57756 2.3
      vertex 1.88716 -2.45939 0
      vertex 1.72227 -2.57756 0
    endloop
  endfacet
  facet normal -0.471361 0.881941 0
    outer loop
      vertex 1.55 -2.68468 0
      vertex 1.37109 -2.7803 2.3
      vertex 1.55 -2.68468 2.3
    endloop
  endfacet
  facet normal -0.471361 0.881941 0
    outer loop
      vertex 1.37109 -2.7803 2.3
      vertex 1.55 -2.68468 0
      vertex 1.37109 -2.7803 0
    endloop
  endfacet
  facet normal 0.2903 0.956936 -0
    outer loop
      vertex -0.802339 -2.99437 0
      vertex -0.996462 -2.93548 2.3
      vertex -0.802339 -2.99437 2.3
    endloop
  endfacet
  facet normal 0.2903 0.956936 0
    outer loop
      vertex -0.996462 -2.93548 2.3
      vertex -0.802339 -2.99437 0
      vertex -0.996462 -2.93548 0
    endloop
  endfacet
  facet normal 0.528052 0.849212 -0
    outer loop
      vertex -1.55 -2.68468 0
      vertex -1.72227 -2.57756 2.3
      vertex -1.55 -2.68468 2.3
    endloop
  endfacet
  facet normal 0.528052 0.849212 0
    outer loop
      vertex -1.72227 -2.57756 2.3
      vertex -1.55 -2.68468 0
      vertex -1.72227 -2.57756 0
    endloop
  endfacet
  facet normal 0.412755 0.910842 -0
    outer loop
      vertex -1.18632 -2.86403 0
      vertex -1.37109 -2.7803 2.3
      vertex -1.18632 -2.86403 2.3
    endloop
  endfacet
  facet normal 0.412755 0.910842 0
    outer loop
      vertex -1.37109 -2.7803 2.3
      vertex -1.18632 -2.86403 0
      vertex -1.37109 -2.7803 0
    endloop
  endfacet
  facet normal 0.634391 0.773012 -0
    outer loop
      vertex -1.88716 -2.45939 0
      vertex -2.04397 -2.3307 2.3
      vertex -1.88716 -2.45939 2.3
    endloop
  endfacet
  facet normal 0.634391 0.773012 0
    outer loop
      vertex -2.04397 -2.3307 2.3
      vertex -1.88716 -2.45939 0
      vertex -2.04397 -2.3307 0
    endloop
  endfacet
  facet normal 0.973882 0.227055 0
    outer loop
      vertex -2.99437 -0.802339 2.3
      vertex -3.04043 -0.604779 0
      vertex -3.04043 -0.604779 2.3
    endloop
  endfacet
  facet normal 0.973882 0.227055 0
    outer loop
      vertex -3.04043 -0.604779 0
      vertex -2.99437 -0.802339 2.3
      vertex -2.99437 -0.802339 0
    endloop
  endfacet
  facet normal 0.935918 0.352218 0
    outer loop
      vertex -2.86403 -1.18632 2.3
      vertex -2.93548 -0.996462 0
      vertex -2.93548 -0.996462 2.3
    endloop
  endfacet
  facet normal 0.935918 0.352218 0
    outer loop
      vertex -2.93548 -0.996462 0
      vertex -2.86403 -1.18632 2.3
      vertex -2.86403 -1.18632 0
    endloop
  endfacet
  facet normal 0.986639 0.162922 0
    outer loop
      vertex -3.04043 -0.604779 2.3
      vertex -3.07348 -0.404631 0
      vertex -3.07348 -0.404631 2.3
    endloop
  endfacet
  facet normal 0.986639 0.162922 0
    outer loop
      vertex -3.07348 -0.404631 0
      vertex -3.04043 -0.604779 2.3
      vertex -3.04043 -0.604779 0
    endloop
  endfacet
  facet normal 0.999464 0.0327323 0
    outer loop
      vertex -3.09336 -0.202749 2.3
      vertex -3.1 0 0
      vertex -3.1 0 2.3
    endloop
  endfacet
  facet normal 0.999464 0.0327323 0
    outer loop
      vertex -3.1 0 0
      vertex -3.09336 -0.202749 2.3
      vertex -3.09336 -0.202749 0
    endloop
  endfacet
  facet normal 0.881941 0.471361 0
    outer loop
      vertex -2.68468 -1.55 2.3
      vertex -2.7803 -1.37109 0
      vertex -2.7803 -1.37109 2.3
    endloop
  endfacet
  facet normal 0.881941 0.471361 0
    outer loop
      vertex -2.7803 -1.37109 0
      vertex -2.68468 -1.55 2.3
      vertex -2.68468 -1.55 0
    endloop
  endfacet
  facet normal 0.729872 0.683584 0
    outer loop
      vertex -2.19203 -2.19203 2.3
      vertex -2.3307 -2.04397 0
      vertex -2.3307 -2.04397 2.3
    endloop
  endfacet
  facet normal 0.729872 0.683584 0
    outer loop
      vertex -2.3307 -2.04397 0
      vertex -2.19203 -2.19203 2.3
      vertex -2.19203 -2.19203 0
    endloop
  endfacet
  facet normal 0.81282 0.582515 0
    outer loop
      vertex -2.45939 -1.88716 2.3
      vertex -2.57756 -1.72227 0
      vertex -2.57756 -1.72227 2.3
    endloop
  endfacet
  facet normal 0.81282 0.582515 0
    outer loop
      vertex -2.57756 -1.72227 0
      vertex -2.45939 -1.88716 2.3
      vertex -2.45939 -1.88716 0
    endloop
  endfacet
  facet normal -0.973882 0.227055 0
    outer loop
      vertex 2.99437 -0.802339 0
      vertex 3.04043 -0.604779 2.3
      vertex 3.04043 -0.604779 0
    endloop
  endfacet
  facet normal -0.973882 0.227055 0
    outer loop
      vertex 3.04043 -0.604779 2.3
      vertex 2.99437 -0.802339 0
      vertex 2.99437 -0.802339 2.3
    endloop
  endfacet
  facet normal -0.999464 0.0327323 0
    outer loop
      vertex 3.09336 -0.202749 0
      vertex 3.1 0 2.3
      vertex 3.1 0 0
    endloop
  endfacet
  facet normal -0.999464 0.0327323 0
    outer loop
      vertex 3.1 0 2.3
      vertex 3.09336 -0.202749 0
      vertex 3.09336 -0.202749 2.3
    endloop
  endfacet
  facet normal -0.910842 0.412755 0
    outer loop
      vertex 2.7803 -1.37109 0
      vertex 2.86403 -1.18632 2.3
      vertex 2.86403 -1.18632 0
    endloop
  endfacet
  facet normal -0.910842 0.412755 0
    outer loop
      vertex 2.86403 -1.18632 2.3
      vertex 2.7803 -1.37109 0
      vertex 2.7803 -1.37109 2.3
    endloop
  endfacet
  facet normal -0.849212 0.528052 0
    outer loop
      vertex 2.57756 -1.72227 0
      vertex 2.68468 -1.55 2.3
      vertex 2.68468 -1.55 0
    endloop
  endfacet
  facet normal -0.849212 0.528052 0
    outer loop
      vertex 2.68468 -1.55 2.3
      vertex 2.57756 -1.72227 0
      vertex 2.57756 -1.72227 2.3
    endloop
  endfacet
  facet normal -0.0979994 0.995186 0
    outer loop
      vertex 0.404631 -3.07348 0
      vertex 0.202749 -3.09336 2.3
      vertex 0.404631 -3.07348 2.3
    endloop
  endfacet
  facet normal -0.0979994 0.995186 0
    outer loop
      vertex 0.202749 -3.09336 2.3
      vertex 0.404631 -3.07348 0
      vertex 0.202749 -3.09336 0
    endloop
  endfacet
  facet normal -0.2903 0.956936 0
    outer loop
      vertex 0.996462 -2.93548 0
      vertex 0.802339 -2.99437 2.3
      vertex 0.996462 -2.93548 2.3
    endloop
  endfacet
  facet normal -0.2903 0.956936 0
    outer loop
      vertex 0.802339 -2.99437 2.3
      vertex 0.996462 -2.93548 0
      vertex 0.802339 -2.99437 0
    endloop
  endfacet
  facet normal -0.634391 0.773012 0
    outer loop
      vertex 2.04397 -2.3307 0
      vertex 1.88716 -2.45939 2.3
      vertex 2.04397 -2.3307 2.3
    endloop
  endfacet
  facet normal -0.634391 0.773012 0
    outer loop
      vertex 1.88716 -2.45939 2.3
      vertex 2.04397 -2.3307 0
      vertex 1.88716 -2.45939 0
    endloop
  endfacet
  facet normal 0.0327323 0.999464 -0
    outer loop
      vertex 0 -3.1 0
      vertex -0.202749 -3.09336 2.3
      vertex 0 -3.1 2.3
    endloop
  endfacet
  facet normal 0.0327323 0.999464 0
    outer loop
      vertex -0.202749 -3.09336 2.3
      vertex 0 -3.1 0
      vertex -0.202749 -3.09336 0
    endloop
  endfacet
  facet normal 0.471361 0.881941 -0
    outer loop
      vertex -1.37109 -2.7803 0
      vertex -1.55 -2.68468 2.3
      vertex -1.37109 -2.7803 2.3
    endloop
  endfacet
  facet normal 0.471361 0.881941 0
    outer loop
      vertex -1.55 -2.68468 2.3
      vertex -1.37109 -2.7803 0
      vertex -1.55 -2.68468 0
    endloop
  endfacet
  facet normal 0.956936 0.2903 0
    outer loop
      vertex -2.93548 -0.996462 2.3
      vertex -2.99437 -0.802339 0
      vertex -2.99437 -0.802339 2.3
    endloop
  endfacet
  facet normal 0.956936 0.2903 0
    outer loop
      vertex -2.99437 -0.802339 0
      vertex -2.93548 -0.996462 2.3
      vertex -2.93548 -0.996462 0
    endloop
  endfacet
  facet normal 0.995186 0.0979994 0
    outer loop
      vertex -3.07348 -0.404631 2.3
      vertex -3.09336 -0.202749 0
      vertex -3.09336 -0.202749 2.3
    endloop
  endfacet
  facet normal 0.995186 0.0979994 0
    outer loop
      vertex -3.09336 -0.202749 0
      vertex -3.07348 -0.404631 2.3
      vertex -3.07348 -0.404631 0
    endloop
  endfacet
  facet normal 0.849212 0.528052 0
    outer loop
      vertex -2.57756 -1.72227 2.3
      vertex -2.68468 -1.55 0
      vertex -2.68468 -1.55 2.3
    endloop
  endfacet
  facet normal 0.849212 0.528052 0
    outer loop
      vertex -2.68468 -1.55 0
      vertex -2.57756 -1.72227 2.3
      vertex -2.57756 -1.72227 0
    endloop
  endfacet
  facet normal 0.773012 0.634391 0
    outer loop
      vertex -2.3307 -2.04397 2.3
      vertex -2.45939 -1.88716 0
      vertex -2.45939 -1.88716 2.3
    endloop
  endfacet
  facet normal 0.773012 0.634391 0
    outer loop
      vertex -2.45939 -1.88716 0
      vertex -2.3307 -2.04397 2.3
      vertex -2.3307 -2.04397 0
    endloop
  endfacet
  facet normal -0.986639 0.162922 0
    outer loop
      vertex 3.04043 -0.604779 0
      vertex 3.07348 -0.404631 2.3
      vertex 3.07348 -0.404631 0
    endloop
  endfacet
  facet normal -0.986639 0.162922 0
    outer loop
      vertex 3.07348 -0.404631 2.3
      vertex 3.04043 -0.604779 0
      vertex 3.04043 -0.604779 2.3
    endloop
  endfacet
  facet normal -0.81282 0.582515 0
    outer loop
      vertex 2.45939 -1.88716 0
      vertex 2.57756 -1.72227 2.3
      vertex 2.57756 -1.72227 0
    endloop
  endfacet
  facet normal -0.81282 0.582515 0
    outer loop
      vertex 2.57756 -1.72227 2.3
      vertex 2.45939 -1.88716 0
      vertex 2.45939 -1.88716 2.3
    endloop
  endfacet
  facet normal -0.773012 0.634391 0
    outer loop
      vertex 2.3307 -2.04397 0
      vertex 2.45939 -1.88716 2.3
      vertex 2.45939 -1.88716 0
    endloop
  endfacet
  facet normal -0.773012 0.634391 0
    outer loop
      vertex 2.45939 -1.88716 2.3
      vertex 2.3307 -2.04397 0
      vertex 2.3307 -2.04397 2.3
    endloop
  endfacet
  facet normal -0.729872 0.683584 0
    outer loop
      vertex 2.19203 -2.19203 0
      vertex 2.3307 -2.04397 2.3
      vertex 2.3307 -2.04397 0
    endloop
  endfacet
  facet normal -0.729872 0.683584 0
    outer loop
      vertex 2.3307 -2.04397 2.3
      vertex 2.19203 -2.19203 0
      vertex 2.19203 -2.19203 2.3
    endloop
  endfacet
  facet normal -0.881941 0.471361 0
    outer loop
      vertex 2.68468 -1.55 0
      vertex 2.7803 -1.37109 2.3
      vertex 2.7803 -1.37109 0
    endloop
  endfacet
  facet normal -0.881941 0.471361 0
    outer loop
      vertex 2.7803 -1.37109 2.3
      vertex 2.68468 -1.55 0
      vertex 2.68468 -1.55 2.3
    endloop
  endfacet
  facet normal 0 0 1
    outer loop
      vertex 32.9408 19.7276 8
      vertex 16.4806 20.4444 8
      vertex 16.497 19.8042 8
    endloop
  endfacet
  facet normal 0 0 1
    outer loop
      vertex 18.3839 42.6074 8
      vertex 16.4314 21.0618 8
      vertex 16.4806 20.4444 8
    endloop
  endfacet
  facet normal 0 0 1
    outer loop
      vertex 18.3839 42.6074 8
      vertex 16.3493 21.6562 8
      vertex 16.4314 21.0618 8
    endloop
  endfacet
  facet normal 0 0 1
    outer loop
      vertex 18.3839 42.6074 8
      vertex 16.2343 22.2276 8
      vertex 16.3493 21.6562 8
    endloop
  endfacet
  facet normal 0 0 1
    outer loop
      vertex 18.3839 42.6074 8
      vertex 16.0866 22.7761 8
      vertex 16.2343 22.2276 8
    endloop
  endfacet
  facet normal 0 0 1
    outer loop
      vertex 18.3839 42.6074 8
      vertex 15.906 23.3017 8
      vertex 16.0866 22.7761 8
    endloop
  endfacet
  facet normal 0 0 1
    outer loop
      vertex 18.3839 42.6074 8
      vertex 15.6926 23.8043 8
      vertex 15.906 23.3017 8
    endloop
  endfacet
  facet normal 0 0 1
    outer loop
      vertex 18.3839 42.6074 8
      vertex 15.4463 24.284 8
      vertex 15.6926 23.8043 8
    endloop
  endfacet
  facet normal 0 0 1
    outer loop
      vertex 11.2482 27.7657 8
      vertex 16.876 43.0802 8
      vertex 15.3006 43.4803 8
    endloop
  endfacet
  facet normal 0 0 1
    outer loop
      vertex 18.3839 42.6074 8
      vertex 15.1672 24.7407 8
      vertex 15.4463 24.284 8
    endloop
  endfacet
  facet normal 0 0 1
    outer loop
      vertex 18.3839 42.6074 8
      vertex 14.8552 25.1745 8
      vertex 15.1672 24.7407 8
    endloop
  endfacet
  facet normal 0 0 1
    outer loop
      vertex 18.3839 42.6074 8
      vertex 14.5105 25.5853 8
      vertex 14.8552 25.1745 8
    endloop
  endfacet
  facet normal 0 0 1
    outer loop
      vertex 18.3839 42.6074 8
      vertex 14.1328 25.9732 8
      vertex 14.5105 25.5853 8
    endloop
  endfacet
  facet normal 0 0 1
    outer loop
      vertex 18.3839 42.6074 8
      vertex 13.7224 26.3382 8
      vertex 14.1328 25.9732 8
    endloop
  endfacet
  facet normal 0 0 1
    outer loop
      vertex 10.6717 27.9697 8
      vertex 15.3006 43.4803 8
      vertex 13.6579 43.8077 8
    endloop
  endfacet
  facet normal 0 0 1
    outer loop
      vertex 18.3839 42.6074 8
      vertex 13.2819 26.6781 8
      vertex 13.7224 26.3382 8
    endloop
  endfacet
  facet normal 0 0 1
    outer loop
      vertex 18.3839 42.6074 8
      vertex 12.8143 26.9908 8
      vertex 13.2819 26.6781 8
    endloop
  endfacet
  facet normal 0 0 1
    outer loop
      vertex 18.3839 42.6074 8
      vertex 12.3194 27.2763 8
      vertex 12.8143 26.9908 8
    endloop
  endfacet
  facet normal 0 0 1
    outer loop
      vertex 10.0681 28.1464 8
      vertex 13.6579 43.8077 8
      vertex 11.9476 44.0623 8
    endloop
  endfacet
  facet normal 0 0 1
    outer loop
      vertex 18.3839 42.6074 8
      vertex 11.7974 27.5346 8
      vertex 12.3194 27.2763 8
    endloop
  endfacet
  facet normal 0 0 1
    outer loop
      vertex 16.876 43.0802 8
      vertex 11.2482 27.7657 8
      vertex 11.7974 27.5346 8
    endloop
  endfacet
  facet normal 0 0 1
    outer loop
      vertex 15.3006 43.4803 8
      vertex 10.6717 27.9697 8
      vertex 11.2482 27.7657 8
    endloop
  endfacet
  facet normal 0 0 1
    outer loop
      vertex 8.77933 28.4183 8
      vertex 11.9476 44.0623 8
      vertex 10.1699 44.2441 8
    endloop
  endfacet
  facet normal 0 0 1
    outer loop
      vertex 13.6579 43.8077 8
      vertex 10.0681 28.1464 8
      vertex 10.6717 27.9697 8
    endloop
  endfacet
  facet normal 0 0 1
    outer loop
      vertex 11.9476 44.0623 8
      vertex 9.43732 28.296 8
      vertex 10.0681 28.1464 8
    endloop
  endfacet
  facet normal 0 0 1
    outer loop
      vertex 11.9476 44.0623 8
      vertex 8.77933 28.4183 8
      vertex 9.43732 28.296 8
    endloop
  endfacet
  facet normal 0 0 1
    outer loop
      vertex 8.09413 28.5135 8
      vertex 10.1699 44.2441 8
      vertex 8.3248 44.3532 8
    endloop
  endfacet
  facet normal 0 0 1
    outer loop
      vertex 10.1699 44.2441 8
      vertex 8.09413 28.5135 8
      vertex 8.77933 28.4183 8
    endloop
  endfacet
  facet normal 0 0 1
    outer loop
      vertex 8.3248 44.3532 8
      vertex 7.38176 28.5815 8
      vertex 8.09413 28.5135 8
    endloop
  endfacet
  facet normal 0 0 1
    outer loop
      vertex 8.3248 44.3532 8
      vertex 6.6422 28.6223 8
      vertex 7.38176 28.5815 8
    endloop
  endfacet
  facet normal 0 0 1
    outer loop
      vertex 6.41223 44.3896 8
      vertex 6.6422 28.6223 8
      vertex 8.3248 44.3532 8
    endloop
  endfacet
  facet normal 0 0 1
    outer loop
      vertex 6.41223 44.3896 8
      vertex 5.87543 28.6358 8
      vertex 6.6422 28.6223 8
    endloop
  endfacet
  facet normal 0 0 1
    outer loop
      vertex 6.41223 44.3896 8
      vertex -12.6239 28.6358 8
      vertex 5.87543 28.6358 8
    endloop
  endfacet
  facet normal 0 0 1
    outer loop
      vertex -28.9752 44.3896 8
      vertex -12.6239 10.0168 8
      vertex -12.6239 28.6358 8
    endloop
  endfacet
  facet normal 0 0 1
    outer loop
      vertex -12.6239 10.0168 8
      vertex -28.9752 44.3896 8
      vertex -12.6239 -5.73694 8
    endloop
  endfacet
  facet normal 0 0 1
    outer loop
      vertex -28.9752 -42.3775 8
      vertex -12.6239 -5.73694 8
      vertex -28.9752 44.3896 8
    endloop
  endfacet
  facet normal -0 0 1
    outer loop
      vertex -28.9752 44.3896 8
      vertex -12.6239 28.6358 8
      vertex 6.41223 44.3896 8
    endloop
  endfacet
  facet normal 0 0 1
    outer loop
      vertex 16.4806 20.4444 8
      vertex 32.9671 20.8778 8
      vertex 32.926 22.5738 8
    endloop
  endfacet
  facet normal -0 0 1
    outer loop
      vertex 16.4806 20.4444 8
      vertex 32.9408 19.7276 8
      vertex 32.9671 20.8778 8
    endloop
  endfacet
  facet normal 0 0 1
    outer loop
      vertex 16.4806 20.4444 8
      vertex 32.926 22.5738 8
      vertex 32.8026 24.2097 8
    endloop
  endfacet
  facet normal 0 0 1
    outer loop
      vertex 32.9408 19.7276 8
      vertex 16.497 19.8042 8
      vertex 32.8619 18.6087 8
    endloop
  endfacet
  facet normal 0 0 1
    outer loop
      vertex 16.4806 20.4444 8
      vertex 32.8026 24.2097 8
      vertex 32.5969 25.7857 8
    endloop
  endfacet
  facet normal -0 0 1
    outer loop
      vertex 16.4806 19.1003 8
      vertex 32.8619 18.6087 8
      vertex 16.497 19.8042 8
    endloop
  endfacet
  facet normal 0 0 1
    outer loop
      vertex 32.8619 18.6087 8
      vertex 16.4806 19.1003 8
      vertex 32.7303 17.5214 8
    endloop
  endfacet
  facet normal 0 0 1
    outer loop
      vertex 16.4806 20.4444 8
      vertex 32.5969 25.7857 8
      vertex 32.3089 27.3015 8
    endloop
  endfacet
  facet normal 0 0 1
    outer loop
      vertex 32.7303 17.5214 8
      vertex 16.4806 19.1003 8
      vertex 32.5462 16.4654 8
    endloop
  endfacet
  facet normal 0 0 1
    outer loop
      vertex 16.4806 20.4444 8
      vertex 32.3089 27.3015 8
      vertex 31.9387 28.7574 8
    endloop
  endfacet
  facet normal -0 0 1
    outer loop
      vertex 16.4314 18.4212 8
      vertex 32.5462 16.4654 8
      vertex 16.4806 19.1003 8
    endloop
  endfacet
  facet normal 0 0 1
    outer loop
      vertex 16.4806 20.4444 8
      vertex 31.9387 28.7574 8
      vertex 31.4862 30.1532 8
    endloop
  endfacet
  facet normal 0 0 1
    outer loop
      vertex 32.5462 16.4654 8
      vertex 16.4314 18.4212 8
      vertex 32.3094 15.4409 8
    endloop
  endfacet
  facet normal 0 0 1
    outer loop
      vertex 16.4806 20.4444 8
      vertex 31.4862 30.1532 8
      vertex 30.9514 31.489 8
    endloop
  endfacet
  facet normal 0 0 1
    outer loop
      vertex 32.3094 15.4409 8
      vertex 16.4314 18.4212 8
      vertex 32.0201 14.4477 8
    endloop
  endfacet
  facet normal -0 0 1
    outer loop
      vertex 16.3493 17.7669 8
      vertex 32.0201 14.4477 8
      vertex 16.4314 18.4212 8
    endloop
  endfacet
  facet normal 0 0 1
    outer loop
      vertex 16.4806 20.4444 8
      vertex 30.9514 31.489 8
      vertex 30.3344 32.7647 8
    endloop
  endfacet
  facet normal 0 0 1
    outer loop
      vertex 32.0201 14.4477 8
      vertex 16.3493 17.7669 8
      vertex 31.6781 13.486 8
    endloop
  endfacet
  facet normal 0 0 1
    outer loop
      vertex 16.4806 20.4444 8
      vertex 30.3344 32.7647 8
      vertex 29.6351 33.9804 8
    endloop
  endfacet
  facet normal 0 0 1
    outer loop
      vertex 31.6781 13.486 8
      vertex 16.3493 17.7669 8
      vertex 31.2835 12.5557 8
    endloop
  endfacet
  facet normal 0 0 1
    outer loop
      vertex 16.4806 20.4444 8
      vertex 29.6351 33.9804 8
      vertex 28.8535 35.1361 8
    endloop
  endfacet
  facet normal -0 0 1
    outer loop
      vertex 16.2343 17.1372 8
      vertex 31.2835 12.5557 8
      vertex 16.3493 17.7669 8
    endloop
  endfacet
  facet normal 0 0 1
    outer loop
      vertex 16.4806 20.4444 8
      vertex 28.8535 35.1361 8
      vertex 27.9896 36.2317 8
    endloop
  endfacet
  facet normal 0 0 1
    outer loop
      vertex 31.2835 12.5557 8
      vertex 16.2343 17.1372 8
      vertex 30.8363 11.6569 8
    endloop
  endfacet
  facet normal 0 0 1
    outer loop
      vertex 30.8363 11.6569 8
      vertex 16.2343 17.1372 8
      vertex 30.3365 10.7894 8
    endloop
  endfacet
  facet normal 0 0 1
    outer loop
      vertex 16.4806 20.4444 8
      vertex 27.9896 36.2317 8
      vertex 27.0435 37.2673 8
    endloop
  endfacet
  facet normal -0 0 1
    outer loop
      vertex 16.0866 16.5323 8
      vertex 30.3365 10.7894 8
      vertex 16.2343 17.1372 8
    endloop
  endfacet
  facet normal 0 0 1
    outer loop
      vertex 16.4806 20.4444 8
      vertex 27.0435 37.2673 8
      vertex 26.0151 38.2428 8
    endloop
  endfacet
  facet normal 0 0 1
    outer loop
      vertex 30.3365 10.7894 8
      vertex 16.0866 16.5323 8
      vertex 29.7841 9.9534 8
    endloop
  endfacet
  facet normal 0 0 1
    outer loop
      vertex 16.4806 20.4444 8
      vertex 26.0151 38.2428 8
      vertex 24.9118 39.1521 8
    endloop
  endfacet
  facet normal 0 0 1
    outer loop
      vertex 29.7841 9.9534 8
      vertex 16.0866 16.5323 8
      vertex 29.179 9.1488 8
    endloop
  endfacet
  facet normal 0 0 1
    outer loop
      vertex 16.4806 20.4444 8
      vertex 24.9118 39.1521 8
      vertex 23.7411 39.9886 8
    endloop
  endfacet
  facet normal -0 0 1
    outer loop
      vertex 15.906 15.9521 8
      vertex 29.179 9.1488 8
      vertex 16.0866 16.5323 8
    endloop
  endfacet
  facet normal 0 0 1
    outer loop
      vertex 29.179 9.1488 8
      vertex 15.906 15.9521 8
      vertex 28.5213 8.37561 8
    endloop
  endfacet
  facet normal 0 0 1
    outer loop
      vertex 16.4806 20.4444 8
      vertex 23.7411 39.9886 8
      vertex 22.503 40.7525 8
    endloop
  endfacet
  facet normal 0 0 1
    outer loop
      vertex 28.5213 8.37561 8
      vertex 15.906 15.9521 8
      vertex 27.8157 7.63928 8
    endloop
  endfacet
  facet normal 0 0 1
    outer loop
      vertex 16.4806 20.4444 8
      vertex 22.503 40.7525 8
      vertex 21.1974 41.4435 8
    endloop
  endfacet
  facet normal -0 0 1
    outer loop
      vertex 15.6926 15.3966 8
      vertex 27.8157 7.63928 8
      vertex 15.906 15.9521 8
    endloop
  endfacet
  facet normal 0 0 1
    outer loop
      vertex 16.4806 20.4444 8
      vertex 21.1974 41.4435 8
      vertex 19.8244 42.0618 8
    endloop
  endfacet
  facet normal 0 0 1
    outer loop
      vertex 27.8157 7.63928 8
      vertex 15.6926 15.3966 8
      vertex 27.0666 6.94495 8
    endloop
  endfacet
  facet normal 0 0 1
    outer loop
      vertex 16.4806 20.4444 8
      vertex 19.8244 42.0618 8
      vertex 18.3839 42.6074 8
    endloop
  endfacet
  facet normal 0 0 1
    outer loop
      vertex 27.0666 6.94495 8
      vertex 15.6926 15.3966 8
      vertex 26.274 6.29263 8
    endloop
  endfacet
  facet normal -0 0 1
    outer loop
      vertex 15.4463 14.8658 8
      vertex 26.274 6.29263 8
      vertex 15.6926 15.3966 8
    endloop
  endfacet
  facet normal 0 0 1
    outer loop
      vertex 11.7974 27.5346 8
      vertex 18.3839 42.6074 8
      vertex 16.876 43.0802 8
    endloop
  endfacet
  facet normal 0 0 1
    outer loop
      vertex 26.274 6.29263 8
      vertex 15.4463 14.8658 8
      vertex 25.4381 5.68233 8
    endloop
  endfacet
  facet normal -0 0 1
    outer loop
      vertex 15.1672 14.3598 8
      vertex 25.4381 5.68233 8
      vertex 15.4463 14.8658 8
    endloop
  endfacet
  facet normal 0 0 1
    outer loop
      vertex 25.4381 5.68233 8
      vertex 15.1672 14.3598 8
      vertex 24.5587 5.11404 8
    endloop
  endfacet
  facet normal 0 0 1
    outer loop
      vertex 24.5587 5.11404 8
      vertex 15.1672 14.3598 8
      vertex 23.6359 4.58775 8
    endloop
  endfacet
  facet normal -0 0 1
    outer loop
      vertex 14.8552 13.8785 8
      vertex 23.6359 4.58775 8
      vertex 15.1672 14.3598 8
    endloop
  endfacet
  facet normal 0 0 1
    outer loop
      vertex 23.6359 4.58775 8
      vertex 14.8552 13.8785 8
      vertex 22.6696 4.10349 8
    endloop
  endfacet
  facet normal -0 0 1
    outer loop
      vertex 14.5105 13.4219 8
      vertex 22.6696 4.10349 8
      vertex 14.8552 13.8785 8
    endloop
  endfacet
  facet normal 0 0 1
    outer loop
      vertex 22.6696 4.10349 8
      vertex 14.5105 13.4219 8
      vertex 21.66 3.66122 8
    endloop
  endfacet
  facet normal -0 0 1
    outer loop
      vertex 17.5586 -17.7538 8
      vertex 34.1014 -18.5673 8
      vertex 34.0734 -17.2553 8
    endloop
  endfacet
  facet normal 0 0 1
    outer loop
      vertex 34.1014 -18.5673 8
      vertex 17.5586 -17.7538 8
      vertex 34.1014 -18.746 8
    endloop
  endfacet
  facet normal -0 0 1
    outer loop
      vertex 17.6132 -17.0396 8
      vertex 34.0734 -17.2553 8
      vertex 33.9891 -15.9818 8
    endloop
  endfacet
  facet normal -0 0 1
    outer loop
      vertex 17.4677 -18.4422 8
      vertex 34.1014 -18.746 8
      vertex 17.5586 -17.7538 8
    endloop
  endfacet
  facet normal 0 0 1
    outer loop
      vertex 17.6313 -16.2996 8
      vertex 33.9891 -15.9818 8
      vertex 33.8488 -14.7468 8
    endloop
  endfacet
  facet normal 0 0 1
    outer loop
      vertex 34.1014 -18.746 8
      vertex 17.4677 -18.4422 8
      vertex 34.0601 -20.451 8
    endloop
  endfacet
  facet normal 0 0 1
    outer loop
      vertex 17.6132 -15.3714 8
      vertex 33.8488 -14.7468 8
      vertex 33.6523 -13.5503 8
    endloop
  endfacet
  facet normal -0 0 1
    outer loop
      vertex 17.3403 -19.1048 8
      vertex 34.0601 -20.451 8
      vertex 17.4677 -18.4422 8
    endloop
  endfacet
  facet normal 0 0 1
    outer loop
      vertex 17.6132 -15.3714 8
      vertex 33.6523 -13.5503 8
      vertex 33.3996 -12.3923 8
    endloop
  endfacet
  facet normal 0 0 1
    outer loop
      vertex 17.5586 -14.6491 8
      vertex 33.3996 -12.3923 8
      vertex 33.0909 -11.2728 8
    endloop
  endfacet
  facet normal 0 0 1
    outer loop
      vertex 34.0601 -20.451 8
      vertex 17.3403 -19.1048 8
      vertex 33.9362 -22.0957 8
    endloop
  endfacet
  facet normal 0 0 1
    outer loop
      vertex 17.5586 -14.6491 8
      vertex 33.0909 -11.2728 8
      vertex 32.7259 -10.1917 8
    endloop
  endfacet
  facet normal -0 0 1
    outer loop
      vertex 17.1766 -19.7416 8
      vertex 33.9362 -22.0957 8
      vertex 17.3403 -19.1048 8
    endloop
  endfacet
  facet normal 0 0 1
    outer loop
      vertex 17.4677 -13.9534 8
      vertex 32.7259 -10.1917 8
      vertex 32.3049 -9.14914 8
    endloop
  endfacet
  facet normal 0 0 1
    outer loop
      vertex 33.9362 -22.0957 8
      vertex 17.1766 -19.7416 8
      vertex 33.7296 -23.6799 8
    endloop
  endfacet
  facet normal 0 0 1
    outer loop
      vertex 17.3403 -13.2841 8
      vertex 32.3049 -9.14914 8
      vertex 31.8276 -8.14508 8
    endloop
  endfacet
  facet normal -0 0 1
    outer loop
      vertex 16.9766 -20.3527 8
      vertex 33.7296 -23.6799 8
      vertex 17.1766 -19.7416 8
    endloop
  endfacet
  facet normal 0 0 1
    outer loop
      vertex 17.3403 -13.2841 8
      vertex 31.8276 -8.14508 8
      vertex 31.2943 -7.1795 8
    endloop
  endfacet
  facet normal 0 0 1
    outer loop
      vertex 33.7296 -23.6799 8
      vertex 16.9766 -20.3527 8
      vertex 33.4404 -25.2038 8
    endloop
  endfacet
  facet normal 0 0 1
    outer loop
      vertex 17.1766 -12.6414 8
      vertex 31.2943 -7.1795 8
      vertex 30.7048 -6.25243 8
    endloop
  endfacet
  facet normal 0 0 1
    outer loop
      vertex 17.1766 -12.6414 8
      vertex 30.7048 -6.25243 8
      vertex 30.0591 -5.36383 8
    endloop
  endfacet
  facet normal 0 0 1
    outer loop
      vertex 33.4404 -25.2038 8
      vertex 16.9766 -20.3527 8
      vertex 33.0686 -26.6673 8
    endloop
  endfacet
  facet normal 0 0 1
    outer loop
      vertex 16.9766 -12.0251 8
      vertex 30.0591 -5.36383 8
      vertex 29.3573 -4.51373 8
    endloop
  endfacet
  facet normal -0 0 1
    outer loop
      vertex 16.7401 -20.9379 8
      vertex 33.0686 -26.6673 8
      vertex 16.9766 -20.3527 8
    endloop
  endfacet
  facet normal 0 0 1
    outer loop
      vertex 16.9766 -12.0251 8
      vertex 29.3573 -4.51373 8
      vertex 28.6044 -3.70778 8
    endloop
  endfacet
  facet normal 0 0 1
    outer loop
      vertex 33.0686 -26.6673 8
      vertex 16.7401 -20.9379 8
      vertex 32.6142 -28.0704 8
    endloop
  endfacet
  facet normal 0 0 1
    outer loop
      vertex 16.7401 -11.4353 8
      vertex 28.6044 -3.70778 8
      vertex 27.8051 -2.9516 8
    endloop
  endfacet
  facet normal -0 0 1
    outer loop
      vertex 16.4673 -21.4974 8
      vertex 32.6142 -28.0704 8
      vertex 16.7401 -20.9379 8
    endloop
  endfacet
  facet normal 0 0 1
    outer loop
      vertex 16.4673 -10.872 8
      vertex 27.8051 -2.9516 8
      vertex 26.9596 -2.24522 8
    endloop
  endfacet
  facet normal 0 0 1
    outer loop
      vertex 16.4673 -10.872 8
      vertex 26.9596 -2.24522 8
      vertex 26.0678 -1.58864 8
    endloop
  endfacet
  facet normal 0 0 1
    outer loop
      vertex 34.0734 -17.2553 8
      vertex 17.6132 -17.0396 8
      vertex 17.5586 -17.7538 8
    endloop
  endfacet
  facet normal 0 0 1
    outer loop
      vertex 16.1581 -10.3351 8
      vertex 26.0678 -1.58864 8
      vertex 25.1298 -0.981827 8
    endloop
  endfacet
  facet normal 0 0 1
    outer loop
      vertex 32.6142 -28.0704 8
      vertex 16.4673 -21.4974 8
      vertex 32.0771 -29.4132 8
    endloop
  endfacet
  facet normal 0 0 1
    outer loop
      vertex 16.1581 -10.3351 8
      vertex 25.1298 -0.981827 8
      vertex 24.1455 -0.42482 8
    endloop
  endfacet
  facet normal 0 0 1
    outer loop
      vertex 32.0771 -29.4132 8
      vertex 16.4673 -21.4974 8
      vertex 31.4574 -30.6956 8
    endloop
  endfacet
  facet normal 0 0 1
    outer loop
      vertex 15.8125 -9.82477 8
      vertex 24.1455 -0.42482 8
      vertex 23.115 0.0823822 8
    endloop
  endfacet
  facet normal -0 0 1
    outer loop
      vertex 16.1581 -22.0311 8
      vertex 31.4574 -30.6956 8
      vertex 16.4673 -21.4974 8
    endloop
  endfacet
  facet normal 0 0 1
    outer loop
      vertex 15.4306 -9.3409 8
      vertex 23.115 0.0823822 8
      vertex 22.0382 0.53981 8
    endloop
  endfacet
  facet normal 0 0 1
    outer loop
      vertex 15.0122 -8.88351 8
      vertex 22.0382 0.53981 8
      vertex 20.9151 0.947449 8
    endloop
  endfacet
  facet normal 0 0 1
    outer loop
      vertex 31.4574 -30.6956 8
      vertex 16.1581 -22.0311 8
      vertex 30.7551 -31.9175 8
    endloop
  endfacet
  facet normal 0 0 1
    outer loop
      vertex 14.5575 -8.45261 8
      vertex 20.9151 0.947449 8
      vertex 19.7458 1.3053 8
    endloop
  endfacet
  facet normal 0 0 1
    outer loop
      vertex 33.9891 -15.9818 8
      vertex 17.6313 -16.2996 8
      vertex 17.6132 -17.0396 8
    endloop
  endfacet
  facet normal 0 0 1
    outer loop
      vertex 14.0697 -8.05089 8
      vertex 19.7458 1.3053 8
      vertex 18.5302 1.61334 8
    endloop
  endfacet
  facet normal -0 0 1
    outer loop
      vertex 15.8125 -22.539 8
      vertex 30.7551 -31.9175 8
      vertex 16.1581 -22.0311 8
    endloop
  endfacet
  facet normal 0 0 1
    outer loop
      vertex 33.8488 -14.7468 8
      vertex 17.6313 -16.1201 8
      vertex 17.6313 -16.2996 8
    endloop
  endfacet
  facet normal 0 0 1
    outer loop
      vertex 33.8488 -14.7468 8
      vertex 17.6132 -15.3714 8
      vertex 17.6313 -16.1201 8
    endloop
  endfacet
  facet normal 0 0 1
    outer loop
      vertex 33.3996 -12.3923 8
      vertex 17.5586 -14.6491 8
      vertex 17.6132 -15.3714 8
    endloop
  endfacet
  facet normal 0 0 1
    outer loop
      vertex 32.7259 -10.1917 8
      vertex 17.4677 -13.9534 8
      vertex 17.5586 -14.6491 8
    endloop
  endfacet
  facet normal 0 0 1
    outer loop
      vertex 32.3049 -9.14914 8
      vertex 17.3403 -13.2841 8
      vertex 17.4677 -13.9534 8
    endloop
  endfacet
  facet normal 0 0 1
    outer loop
      vertex 13.552 -7.68129 8
      vertex 18.5302 1.61334 8
      vertex 17.2683 1.87161 8
    endloop
  endfacet
  facet normal 0 0 1
    outer loop
      vertex 31.2943 -7.1795 8
      vertex 17.1766 -12.6414 8
      vertex 17.3403 -13.2841 8
    endloop
  endfacet
  facet normal 0 0 1
    outer loop
      vertex 30.0591 -5.36383 8
      vertex 16.9766 -12.0251 8
      vertex 17.1766 -12.6414 8
    endloop
  endfacet
  facet normal 0 0 1
    outer loop
      vertex 28.6044 -3.70778 8
      vertex 16.7401 -11.4353 8
      vertex 16.9766 -12.0251 8
    endloop
  endfacet
  facet normal 0 0 1
    outer loop
      vertex 27.8051 -2.9516 8
      vertex 16.4673 -10.872 8
      vertex 16.7401 -11.4353 8
    endloop
  endfacet
  facet normal 0 0 1
    outer loop
      vertex 26.0678 -1.58864 8
      vertex 16.1581 -10.3351 8
      vertex 16.4673 -10.872 8
    endloop
  endfacet
  facet normal 0 0 1
    outer loop
      vertex 13.0042 -7.34384 8
      vertex 17.2683 1.87161 8
      vertex 15.9602 2.08009 8
    endloop
  endfacet
  facet normal 0 0 1
    outer loop
      vertex 24.1455 -0.42482 8
      vertex 15.8125 -9.82477 8
      vertex 16.1581 -10.3351 8
    endloop
  endfacet
  facet normal 0 0 1
    outer loop
      vertex 21.66 3.66122 8
      vertex 14.5105 13.4219 8
      vertex 20.6069 3.26099 8
    endloop
  endfacet
  facet normal -0 0 1
    outer loop
      vertex 14.1328 12.99 8
      vertex 20.6069 3.26099 8
      vertex 14.5105 13.4219 8
    endloop
  endfacet
  facet normal 0 0 1
    outer loop
      vertex 20.6069 3.26099 8
      vertex 14.1328 12.99 8
      vertex 19.5104 2.90274 8
    endloop
  endfacet
  facet normal -0 0 1
    outer loop
      vertex 13.7224 12.5829 8
      vertex 19.5104 2.90274 8
      vertex 14.1328 12.99 8
    endloop
  endfacet
  facet normal 0 0 1
    outer loop
      vertex 19.5104 2.90274 8
      vertex 13.7224 12.5829 8
      vertex 18.3704 2.58652 8
    endloop
  endfacet
  facet normal 0 0 1
    outer loop
      vertex 23.115 0.0823822 8
      vertex 15.4306 -9.3409 8
      vertex 15.8125 -9.82477 8
    endloop
  endfacet
  facet normal -0 0 1
    outer loop
      vertex 13.2819 12.2033 8
      vertex 18.3704 2.58652 8
      vertex 13.7224 12.5829 8
    endloop
  endfacet
  facet normal 0 0 1
    outer loop
      vertex 22.0382 0.53981 8
      vertex 15.0122 -8.88351 8
      vertex 15.4306 -9.3409 8
    endloop
  endfacet
  facet normal 0 0 1
    outer loop
      vertex 18.3704 2.58652 8
      vertex 13.2819 12.2033 8
      vertex 17.187 2.3123 8
    endloop
  endfacet
  facet normal 0 0 1
    outer loop
      vertex 20.9151 0.947449 8
      vertex 14.5575 -8.45261 8
      vertex 15.0122 -8.88351 8
    endloop
  endfacet
  facet normal -0 0 1
    outer loop
      vertex 12.8143 11.8541 8
      vertex 17.187 2.3123 8
      vertex 13.2819 12.2033 8
    endloop
  endfacet
  facet normal 0 0 1
    outer loop
      vertex 19.7458 1.3053 8
      vertex 14.0697 -8.05089 8
      vertex 14.5575 -8.45261 8
    endloop
  endfacet
  facet normal 0 0 1
    outer loop
      vertex 17.187 2.3123 8
      vertex 12.8143 11.8541 8
      vertex 15.9602 2.08009 8
    endloop
  endfacet
  facet normal 0 0 1
    outer loop
      vertex 18.5302 1.61334 8
      vertex 13.552 -7.68129 8
      vertex 14.0697 -8.05089 8
    endloop
  endfacet
  facet normal -0 0 1
    outer loop
      vertex 12.3194 11.5352 8
      vertex 15.9602 2.08009 8
      vertex 12.8143 11.8541 8
    endloop
  endfacet
  facet normal 0 0 1
    outer loop
      vertex 17.2683 1.87161 8
      vertex 13.0042 -7.34384 8
      vertex 13.552 -7.68129 8
    endloop
  endfacet
  facet normal -0 0 1
    outer loop
      vertex 11.7974 11.2467 8
      vertex 15.9602 2.08009 8
      vertex 12.3194 11.5352 8
    endloop
  endfacet
  facet normal 0 0 1
    outer loop
      vertex 15.9602 2.08009 8
      vertex 12.4263 -7.03853 8
      vertex 13.0042 -7.34384 8
    endloop
  endfacet
  facet normal -0 0 1
    outer loop
      vertex 11.2482 10.9886 8
      vertex 15.9602 2.08009 8
      vertex 11.7974 11.2467 8
    endloop
  endfacet
  facet normal 0 0 1
    outer loop
      vertex 15.9602 2.08009 8
      vertex 11.8185 -6.76535 8
      vertex 12.4263 -7.03853 8
    endloop
  endfacet
  facet normal -0 0 1
    outer loop
      vertex 10.6717 10.7608 8
      vertex 15.9602 2.08009 8
      vertex 11.2482 10.9886 8
    endloop
  endfacet
  facet normal 0 0 1
    outer loop
      vertex 15.9602 2.08009 8
      vertex 11.1807 -6.52432 8
      vertex 11.8185 -6.76535 8
    endloop
  endfacet
  facet normal -0 0 1
    outer loop
      vertex 10.0681 10.5634 8
      vertex 15.9602 2.08009 8
      vertex 10.6717 10.7608 8
    endloop
  endfacet
  facet normal 0 0 1
    outer loop
      vertex 15.9602 2.08009 8
      vertex 10.5128 -6.31541 8
      vertex 11.1807 -6.52432 8
    endloop
  endfacet
  facet normal -0 0 1
    outer loop
      vertex 9.43732 10.3964 8
      vertex 15.9602 2.08009 8
      vertex 10.0681 10.5634 8
    endloop
  endfacet
  facet normal 0 0 1
    outer loop
      vertex 15.9602 2.08009 8
      vertex 9.81497 -6.13866 8
      vertex 10.5128 -6.31541 8
    endloop
  endfacet
  facet normal -0 0 1
    outer loop
      vertex 8.77933 10.2598 8
      vertex 15.9602 2.08009 8
      vertex 9.43732 10.3964 8
    endloop
  endfacet
  facet normal 0 0 1
    outer loop
      vertex 15.9602 2.08009 8
      vertex 9.08708 -5.99403 8
      vertex 9.81497 -6.13866 8
    endloop
  endfacet
  facet normal -0 0 1
    outer loop
      vertex 8.09413 10.1535 8
      vertex 15.9602 2.08009 8
      vertex 8.77933 10.2598 8
    endloop
  endfacet
  facet normal 0 0 1
    outer loop
      vertex 15.9602 2.08009 8
      vertex 8.32919 -5.88156 8
      vertex 9.08708 -5.99403 8
    endloop
  endfacet
  facet normal -0 0 1
    outer loop
      vertex 7.38176 10.0775 8
      vertex 15.9602 2.08009 8
      vertex 8.09413 10.1535 8
    endloop
  endfacet
  facet normal 0 0 1
    outer loop
      vertex 15.9602 2.08009 8
      vertex 7.54129 -5.80121 8
      vertex 8.32919 -5.88156 8
    endloop
  endfacet
  facet normal 0 0 1
    outer loop
      vertex 15.9602 2.08009 8
      vertex 7.38176 10.0775 8
      vertex 7.54129 -5.80121 8
    endloop
  endfacet
  facet normal 0 0 1
    outer loop
      vertex 7.38176 10.0775 8
      vertex 6.72336 -5.75301 8
      vertex 7.54129 -5.80121 8
    endloop
  endfacet
  facet normal -0 0 1
    outer loop
      vertex 6.6422 10.032 8
      vertex 6.72336 -5.75301 8
      vertex 7.38176 10.0775 8
    endloop
  endfacet
  facet normal -0 0 1
    outer loop
      vertex 5.87543 10.0168 8
      vertex 6.72336 -5.75301 8
      vertex 6.6422 10.032 8
    endloop
  endfacet
  facet normal 0 0 1
    outer loop
      vertex 5.87543 10.0168 8
      vertex 5.87543 -5.73694 8
      vertex 6.72336 -5.75301 8
    endloop
  endfacet
  facet normal -0 0 1
    outer loop
      vertex -12.6239 10.0168 8
      vertex 5.87543 -5.73694 8
      vertex 5.87543 10.0168 8
    endloop
  endfacet
  facet normal 0 0 1
    outer loop
      vertex 5.87543 -5.73694 8
      vertex -12.6239 10.0168 8
      vertex -12.6239 -5.73694 8
    endloop
  endfacet
  facet normal 0 0 1
    outer loop
      vertex 30.7551 -31.9175 8
      vertex 15.8125 -22.539 8
      vertex 29.9701 -33.0791 8
    endloop
  endfacet
  facet normal 0 0 1
    outer loop
      vertex 29.9701 -33.0791 8
      vertex 15.8125 -22.539 8
      vertex 29.1025 -34.1804 8
    endloop
  endfacet
  facet normal -0 0 1
    outer loop
      vertex 15.4306 -23.0212 8
      vertex 29.1025 -34.1804 8
      vertex 15.8125 -22.539 8
    endloop
  endfacet
  facet normal 0 0 1
    outer loop
      vertex 29.1025 -34.1804 8
      vertex 15.4306 -23.0212 8
      vertex 28.1523 -35.2212 8
    endloop
  endfacet
  facet normal -0 0 1
    outer loop
      vertex 15.0122 -23.4775 8
      vertex 28.1523 -35.2212 8
      vertex 15.4306 -23.0212 8
    endloop
  endfacet
  facet normal 0 0 1
    outer loop
      vertex 28.1523 -35.2212 8
      vertex 15.0122 -23.4775 8
      vertex 27.1195 -36.2016 8
    endloop
  endfacet
  facet normal 0 0 1
    outer loop
      vertex 27.1195 -36.2016 8
      vertex 15.0122 -23.4775 8
      vertex 26.0115 -37.1152 8
    endloop
  endfacet
  facet normal -0 0 1
    outer loop
      vertex 14.5575 -23.9081 8
      vertex 26.0115 -37.1152 8
      vertex 15.0122 -23.4775 8
    endloop
  endfacet
  facet normal 0 0 1
    outer loop
      vertex 26.0115 -37.1152 8
      vertex 14.5575 -23.9081 8
      vertex 24.8356 -37.9557 8
    endloop
  endfacet
  facet normal -0 0 1
    outer loop
      vertex 14.0697 -24.3096 8
      vertex 24.8356 -37.9557 8
      vertex 14.5575 -23.9081 8
    endloop
  endfacet
  facet normal 0 0 1
    outer loop
      vertex 24.8356 -37.9557 8
      vertex 14.0697 -24.3096 8
      vertex 23.592 -38.7231 8
    endloop
  endfacet
  facet normal 0 0 1
    outer loop
      vertex 23.592 -38.7231 8
      vertex 14.0697 -24.3096 8
      vertex 22.2806 -39.4175 8
    endloop
  endfacet
  facet normal -0 0 1
    outer loop
      vertex 13.552 -24.6791 8
      vertex 22.2806 -39.4175 8
      vertex 14.0697 -24.3096 8
    endloop
  endfacet
  facet normal 0 0 1
    outer loop
      vertex 22.2806 -39.4175 8
      vertex 13.552 -24.6791 8
      vertex 20.9014 -40.0387 8
    endloop
  endfacet
  facet normal -0 0 1
    outer loop
      vertex 13.0042 -25.0165 8
      vertex 20.9014 -40.0387 8
      vertex 13.552 -24.6791 8
    endloop
  endfacet
  facet normal 0 0 1
    outer loop
      vertex 20.9014 -40.0387 8
      vertex 13.0042 -25.0165 8
      vertex 19.4543 -40.5869 8
    endloop
  endfacet
  facet normal -0 0 1
    outer loop
      vertex 12.4263 -25.3217 8
      vertex 19.4543 -40.5869 8
      vertex 13.0042 -25.0165 8
    endloop
  endfacet
  facet normal 0 0 1
    outer loop
      vertex 19.4543 -40.5869 8
      vertex 12.4263 -25.3217 8
      vertex 17.9395 -41.0619 8
    endloop
  endfacet
  facet normal -0 0 1
    outer loop
      vertex 11.8185 -25.5948 8
      vertex 17.9395 -41.0619 8
      vertex 12.4263 -25.3217 8
    endloop
  endfacet
  facet normal 0 0 1
    outer loop
      vertex 17.9395 -41.0619 8
      vertex 11.8185 -25.5948 8
      vertex 16.3569 -41.4639 8
    endloop
  endfacet
  facet normal -0 0 1
    outer loop
      vertex 11.1807 -25.8357 8
      vertex 16.3569 -41.4639 8
      vertex 11.8185 -25.5948 8
    endloop
  endfacet
  facet normal 0 0 1
    outer loop
      vertex 16.3569 -41.4639 8
      vertex 11.1807 -25.8357 8
      vertex 14.7065 -41.7928 8
    endloop
  endfacet
  facet normal -0 0 1
    outer loop
      vertex 10.5128 -26.0446 8
      vertex 14.7065 -41.7928 8
      vertex 11.1807 -25.8357 8
    endloop
  endfacet
  facet normal 0 0 1
    outer loop
      vertex 14.7065 -41.7928 8
      vertex 10.5128 -26.0446 8
      vertex 12.9883 -42.0486 8
    endloop
  endfacet
  facet normal -0 0 1
    outer loop
      vertex 9.81497 -26.2213 8
      vertex 12.9883 -42.0486 8
      vertex 10.5128 -26.0446 8
    endloop
  endfacet
  facet normal 0 0 1
    outer loop
      vertex 12.9883 -42.0486 8
      vertex 9.81497 -26.2213 8
      vertex 11.2023 -42.2313 8
    endloop
  endfacet
  facet normal -0 0 1
    outer loop
      vertex 9.08708 -26.3658 8
      vertex 11.2023 -42.2313 8
      vertex 9.81497 -26.2213 8
    endloop
  endfacet
  facet normal 0 0 1
    outer loop
      vertex 11.2023 -42.2313 8
      vertex 9.08708 -26.3658 8
      vertex 9.34846 -42.3409 8
    endloop
  endfacet
  facet normal -0 0 1
    outer loop
      vertex 8.32919 -26.4783 8
      vertex 9.34846 -42.3409 8
      vertex 9.08708 -26.3658 8
    endloop
  endfacet
  facet normal -0 0 1
    outer loop
      vertex 7.54129 -26.5586 8
      vertex 9.34846 -42.3409 8
      vertex 8.32919 -26.4783 8
    endloop
  endfacet
  facet normal 0 0 1
    outer loop
      vertex 7.54129 -26.5586 8
      vertex 7.42686 -42.3775 8
      vertex 9.34846 -42.3409 8
    endloop
  endfacet
  facet normal -0 0 1
    outer loop
      vertex 6.72336 -26.6068 8
      vertex 7.42686 -42.3775 8
      vertex 7.54129 -26.5586 8
    endloop
  endfacet
  facet normal -0 0 1
    outer loop
      vertex 5.87543 -26.6228 8
      vertex 7.42686 -42.3775 8
      vertex 6.72336 -26.6068 8
    endloop
  endfacet
  facet normal -0 0 1
    outer loop
      vertex -12.6239 -26.6228 8
      vertex 7.42686 -42.3775 8
      vertex 5.87543 -26.6228 8
    endloop
  endfacet
  facet normal 0 0 1
    outer loop
      vertex -12.6239 -26.6228 8
      vertex -28.9752 -42.3775 8
      vertex 7.42686 -42.3775 8
    endloop
  endfacet
  facet normal 0 0 1
    outer loop
      vertex -12.6239 -5.73694 8
      vertex -28.9752 -42.3775 8
      vertex -12.6239 -26.6228 8
    endloop
  endfacet
  facet normal 0 -1 0
    outer loop
      vertex -28.9752 -42.3775 0
      vertex 7.42686 -42.3775 8
      vertex -28.9752 -42.3775 8
    endloop
  endfacet
  facet normal 0 -1 -0
    outer loop
      vertex 7.42686 -42.3775 8
      vertex -28.9752 -42.3775 0
      vertex 7.42686 -42.3775 0
    endloop
  endfacet
  facet normal 0.0190432 -0.999819 0
    outer loop
      vertex 7.42686 -42.3775 0
      vertex 9.34846 -42.3409 8
      vertex 7.42686 -42.3775 8
    endloop
  endfacet
  facet normal 0.0190432 -0.999819 0
    outer loop
      vertex 9.34846 -42.3409 8
      vertex 7.42686 -42.3775 0
      vertex 9.34846 -42.3409 0
    endloop
  endfacet
  facet normal 0.0590175 -0.998257 0
    outer loop
      vertex 9.34846 -42.3409 0
      vertex 11.2023 -42.2313 8
      vertex 9.34846 -42.3409 8
    endloop
  endfacet
  facet normal 0.0590175 -0.998257 0
    outer loop
      vertex 11.2023 -42.2313 8
      vertex 9.34846 -42.3409 0
      vertex 11.2023 -42.2313 0
    endloop
  endfacet
  facet normal 0.101765 -0.994809 0
    outer loop
      vertex 11.2023 -42.2313 0
      vertex 12.9883 -42.0486 8
      vertex 11.2023 -42.2313 8
    endloop
  endfacet
  facet normal 0.101765 -0.994809 0
    outer loop
      vertex 12.9883 -42.0486 8
      vertex 11.2023 -42.2313 0
      vertex 12.9883 -42.0486 0
    endloop
  endfacet
  facet normal 0.147254 -0.989099 0
    outer loop
      vertex 12.9883 -42.0486 0
      vertex 14.7065 -41.7928 8
      vertex 12.9883 -42.0486 8
    endloop
  endfacet
  facet normal 0.147254 -0.989099 0
    outer loop
      vertex 14.7065 -41.7928 8
      vertex 12.9883 -42.0486 0
      vertex 14.7065 -41.7928 0
    endloop
  endfacet
  facet normal 0.195442 -0.980715 0
    outer loop
      vertex 14.7065 -41.7928 0
      vertex 16.3569 -41.4639 8
      vertex 14.7065 -41.7928 8
    endloop
  endfacet
  facet normal 0.195442 -0.980715 0
    outer loop
      vertex 16.3569 -41.4639 8
      vertex 14.7065 -41.7928 0
      vertex 16.3569 -41.4639 0
    endloop
  endfacet
  facet normal 0.246194 -0.969221 0
    outer loop
      vertex 16.3569 -41.4639 0
      vertex 17.9395 -41.0619 8
      vertex 16.3569 -41.4639 8
    endloop
  endfacet
  facet normal 0.246194 -0.969221 0
    outer loop
      vertex 17.9395 -41.0619 8
      vertex 16.3569 -41.4639 0
      vertex 17.9395 -41.0619 0
    endloop
  endfacet
  facet normal 0.299207 -0.954188 0
    outer loop
      vertex 17.9395 -41.0619 0
      vertex 19.4543 -40.5869 8
      vertex 17.9395 -41.0619 8
    endloop
  endfacet
  facet normal 0.299207 -0.954188 0
    outer loop
      vertex 19.4543 -40.5869 8
      vertex 17.9395 -41.0619 0
      vertex 19.4543 -40.5869 0
    endloop
  endfacet
  facet normal 0.354259 -0.935147 0
    outer loop
      vertex 19.4543 -40.5869 0
      vertex 20.9014 -40.0387 8
      vertex 19.4543 -40.5869 8
    endloop
  endfacet
  facet normal 0.354259 -0.935147 0
    outer loop
      vertex 20.9014 -40.0387 8
      vertex 19.4543 -40.5869 0
      vertex 20.9014 -40.0387 0
    endloop
  endfacet
  facet normal 0.410673 -0.911783 0
    outer loop
      vertex 20.9014 -40.0387 0
      vertex 22.2806 -39.4175 8
      vertex 20.9014 -40.0387 8
    endloop
  endfacet
  facet normal 0.410673 -0.911783 0
    outer loop
      vertex 22.2806 -39.4175 8
      vertex 20.9014 -40.0387 0
      vertex 22.2806 -39.4175 0
    endloop
  endfacet
  facet normal 0.467956 -0.883752 0
    outer loop
      vertex 22.2806 -39.4175 0
      vertex 23.592 -38.7231 8
      vertex 22.2806 -39.4175 8
    endloop
  endfacet
  facet normal 0.467956 -0.883752 0
    outer loop
      vertex 23.592 -38.7231 8
      vertex 22.2806 -39.4175 0
      vertex 23.592 -38.7231 0
    endloop
  endfacet
  facet normal 0.525143 -0.851014 0
    outer loop
      vertex 23.592 -38.7231 0
      vertex 24.8356 -37.9557 8
      vertex 23.592 -38.7231 8
    endloop
  endfacet
  facet normal 0.525143 -0.851014 0
    outer loop
      vertex 24.8356 -37.9557 8
      vertex 23.592 -38.7231 0
      vertex 24.8356 -37.9557 0
    endloop
  endfacet
  facet normal 0.5815 -0.813546 0
    outer loop
      vertex 24.8356 -37.9557 0
      vertex 26.0115 -37.1152 8
      vertex 24.8356 -37.9557 8
    endloop
  endfacet
  facet normal 0.5815 -0.813546 0
    outer loop
      vertex 26.0115 -37.1152 8
      vertex 24.8356 -37.9557 0
      vertex 26.0115 -37.1152 0
    endloop
  endfacet
  facet normal 0.636176 -0.771544 0
    outer loop
      vertex 26.0115 -37.1152 0
      vertex 27.1195 -36.2016 8
      vertex 26.0115 -37.1152 8
    endloop
  endfacet
  facet normal 0.636176 -0.771544 0
    outer loop
      vertex 27.1195 -36.2016 8
      vertex 26.0115 -37.1152 0
      vertex 27.1195 -36.2016 0
    endloop
  endfacet
  facet normal 0.688469 -0.725266 0
    outer loop
      vertex 27.1195 -36.2016 0
      vertex 28.1523 -35.2212 8
      vertex 27.1195 -36.2016 8
    endloop
  endfacet
  facet normal 0.688469 -0.725266 0
    outer loop
      vertex 28.1523 -35.2212 8
      vertex 27.1195 -36.2016 0
      vertex 28.1523 -35.2212 0
    endloop
  endfacet
  facet normal 0.738519 -0.674232 0
    outer loop
      vertex 28.1523 -35.2212 8
      vertex 29.1025 -34.1804 0
      vertex 29.1025 -34.1804 8
    endloop
  endfacet
  facet normal 0.738519 -0.674232 0
    outer loop
      vertex 29.1025 -34.1804 0
      vertex 28.1523 -35.2212 8
      vertex 28.1523 -35.2212 0
    endloop
  endfacet
  facet normal 0.785523 -0.618832 0
    outer loop
      vertex 29.1025 -34.1804 8
      vertex 29.9701 -33.0791 0
      vertex 29.9701 -33.0791 8
    endloop
  endfacet
  facet normal 0.785523 -0.618832 0
    outer loop
      vertex 29.9701 -33.0791 0
      vertex 29.1025 -34.1804 8
      vertex 29.1025 -34.1804 0
    endloop
  endfacet
  facet normal 0.828544 -0.559924 0
    outer loop
      vertex 29.9701 -33.0791 8
      vertex 30.7551 -31.9175 0
      vertex 30.7551 -31.9175 8
    endloop
  endfacet
  facet normal 0.828544 -0.559924 0
    outer loop
      vertex 30.7551 -31.9175 0
      vertex 29.9701 -33.0791 8
      vertex 29.9701 -33.0791 0
    endloop
  endfacet
  facet normal 0.866996 -0.498315 0
    outer loop
      vertex 30.7551 -31.9175 8
      vertex 31.4574 -30.6956 0
      vertex 31.4574 -30.6956 8
    endloop
  endfacet
  facet normal 0.866996 -0.498315 0
    outer loop
      vertex 31.4574 -30.6956 0
      vertex 30.7551 -31.9175 8
      vertex 30.7551 -31.9175 0
    endloop
  endfacet
  facet normal 0.900384 -0.435097 0
    outer loop
      vertex 31.4574 -30.6956 8
      vertex 32.0771 -29.4132 0
      vertex 32.0771 -29.4132 8
    endloop
  endfacet
  facet normal 0.900384 -0.435097 0
    outer loop
      vertex 32.0771 -29.4132 0
      vertex 31.4574 -30.6956 8
      vertex 31.4574 -30.6956 0
    endloop
  endfacet
  facet normal 0.928481 -0.371379 0
    outer loop
      vertex 32.0771 -29.4132 8
      vertex 32.6142 -28.0704 0
      vertex 32.6142 -28.0704 8
    endloop
  endfacet
  facet normal 0.928481 -0.371379 0
    outer loop
      vertex 32.6142 -28.0704 0
      vertex 32.0771 -29.4132 8
      vertex 32.0771 -29.4132 0
    endloop
  endfacet
  facet normal 0.951354 -0.3081 0
    outer loop
      vertex 32.6142 -28.0704 8
      vertex 33.0686 -26.6673 0
      vertex 33.0686 -26.6673 8
    endloop
  endfacet
  facet normal 0.951354 -0.3081 0
    outer loop
      vertex 33.0686 -26.6673 0
      vertex 32.6142 -28.0704 8
      vertex 32.6142 -28.0704 0
    endloop
  endfacet
  facet normal 0.969212 -0.246227 0
    outer loop
      vertex 33.0686 -26.6673 8
      vertex 33.4404 -25.2038 0
      vertex 33.4404 -25.2038 8
    endloop
  endfacet
  facet normal 0.969212 -0.246227 0
    outer loop
      vertex 33.4404 -25.2038 0
      vertex 33.0686 -26.6673 8
      vertex 33.0686 -26.6673 0
    endloop
  endfacet
  facet normal 0.982465 -0.186448 0
    outer loop
      vertex 33.4404 -25.2038 8
      vertex 33.7296 -23.6799 0
      vertex 33.7296 -23.6799 8
    endloop
  endfacet
  facet normal 0.982465 -0.186448 0
    outer loop
      vertex 33.7296 -23.6799 0
      vertex 33.4404 -25.2038 8
      vertex 33.4404 -25.2038 0
    endloop
  endfacet
  facet normal 0.991603 -0.129318 0
    outer loop
      vertex 33.7296 -23.6799 8
      vertex 33.9362 -22.0957 0
      vertex 33.9362 -22.0957 8
    endloop
  endfacet
  facet normal 0.991603 -0.129318 0
    outer loop
      vertex 33.9362 -22.0957 0
      vertex 33.7296 -23.6799 8
      vertex 33.7296 -23.6799 0
    endloop
  endfacet
  facet normal 0.997174 -0.07512 0
    outer loop
      vertex 33.9362 -22.0957 8
      vertex 34.0601 -20.451 0
      vertex 34.0601 -20.451 8
    endloop
  endfacet
  facet normal 0.997174 -0.07512 0
    outer loop
      vertex 34.0601 -20.451 0
      vertex 33.9362 -22.0957 8
      vertex 33.9362 -22.0957 0
    endloop
  endfacet
  facet normal 0.999707 -0.0242158 0
    outer loop
      vertex 34.0601 -20.451 8
      vertex 34.1014 -18.746 0
      vertex 34.1014 -18.746 8
    endloop
  endfacet
  facet normal 0.999707 -0.0242158 0
    outer loop
      vertex 34.1014 -18.746 0
      vertex 34.0601 -20.451 8
      vertex 34.0601 -20.451 0
    endloop
  endfacet
  facet normal 1 -0 0
    outer loop
      vertex 34.1014 -18.746 8
      vertex 34.1014 -18.5673 0
      vertex 34.1014 -18.5673 8
    endloop
  endfacet
  facet normal 1 0 0
    outer loop
      vertex 34.1014 -18.5673 0
      vertex 34.1014 -18.746 8
      vertex 34.1014 -18.746 0
    endloop
  endfacet
  facet normal 0.999772 0.0213366 0
    outer loop
      vertex 34.1014 -18.5673 8
      vertex 34.0734 -17.2553 0
      vertex 34.0734 -17.2553 8
    endloop
  endfacet
  facet normal 0.999772 0.0213366 0
    outer loop
      vertex 34.0734 -17.2553 0
      vertex 34.1014 -18.5673 8
      vertex 34.1014 -18.5673 0
    endloop
  endfacet
  facet normal 0.997816 0.066051 0
    outer loop
      vertex 34.0734 -17.2553 8
      vertex 33.9891 -15.9818 0
      vertex 33.9891 -15.9818 8
    endloop
  endfacet
  facet normal 0.997816 0.066051 0
    outer loop
      vertex 33.9891 -15.9818 0
      vertex 34.0734 -17.2553 8
      vertex 34.0734 -17.2553 0
    endloop
  endfacet
  facet normal 0.993609 0.112877 0
    outer loop
      vertex 33.9891 -15.9818 8
      vertex 33.8488 -14.7468 0
      vertex 33.8488 -14.7468 8
    endloop
  endfacet
  facet normal 0.993609 0.112877 0
    outer loop
      vertex 33.8488 -14.7468 0
      vertex 33.9891 -15.9818 8
      vertex 33.9891 -15.9818 0
    endloop
  endfacet
  facet normal 0.986781 0.162058 0
    outer loop
      vertex 33.8488 -14.7468 8
      vertex 33.6523 -13.5503 0
      vertex 33.6523 -13.5503 8
    endloop
  endfacet
  facet normal 0.986781 0.162058 0
    outer loop
      vertex 33.6523 -13.5503 0
      vertex 33.8488 -14.7468 8
      vertex 33.8488 -14.7468 0
    endloop
  endfacet
  facet normal 0.977008 0.213204 0
    outer loop
      vertex 33.6523 -13.5503 8
      vertex 33.3996 -12.3923 0
      vertex 33.3996 -12.3923 8
    endloop
  endfacet
  facet normal 0.977008 0.213204 0
    outer loop
      vertex 33.3996 -12.3923 0
      vertex 33.6523 -13.5503 8
      vertex 33.6523 -13.5503 0
    endloop
  endfacet
  facet normal 0.964021 0.265827 0
    outer loop
      vertex 33.3996 -12.3923 8
      vertex 33.0909 -11.2728 0
      vertex 33.0909 -11.2728 8
    endloop
  endfacet
  facet normal 0.964021 0.265827 0
    outer loop
      vertex 33.0909 -11.2728 0
      vertex 33.3996 -12.3923 8
      vertex 33.3996 -12.3923 0
    endloop
  endfacet
  facet normal 0.947458 0.31988 0
    outer loop
      vertex 33.0909 -11.2728 8
      vertex 32.7259 -10.1917 0
      vertex 32.7259 -10.1917 8
    endloop
  endfacet
  facet normal 0.947458 0.31988 0
    outer loop
      vertex 32.7259 -10.1917 0
      vertex 33.0909 -11.2728 8
      vertex 33.0909 -11.2728 0
    endloop
  endfacet
  facet normal 0.927252 0.374437 0
    outer loop
      vertex 32.7259 -10.1917 8
      vertex 32.3049 -9.14914 0
      vertex 32.3049 -9.14914 8
    endloop
  endfacet
  facet normal 0.927252 0.374437 0
    outer loop
      vertex 32.3049 -9.14914 0
      vertex 32.7259 -10.1917 8
      vertex 32.7259 -10.1917 0
    endloop
  endfacet
  facet normal 0.903148 0.429329 0
    outer loop
      vertex 32.3049 -9.14914 8
      vertex 31.8276 -8.14508 0
      vertex 31.8276 -8.14508 8
    endloop
  endfacet
  facet normal 0.903148 0.429329 0
    outer loop
      vertex 31.8276 -8.14508 0
      vertex 32.3049 -9.14914 8
      vertex 32.3049 -9.14914 0
    endloop
  endfacet
  facet normal 0.87536 0.483471 0
    outer loop
      vertex 31.8276 -8.14508 8
      vertex 31.2943 -7.1795 0
      vertex 31.2943 -7.1795 8
    endloop
  endfacet
  facet normal 0.87536 0.483471 0
    outer loop
      vertex 31.2943 -7.1795 0
      vertex 31.8276 -8.14508 8
      vertex 31.8276 -8.14508 0
    endloop
  endfacet
  facet normal 0.843848 0.536582 0
    outer loop
      vertex 31.2943 -7.1795 8
      vertex 30.7048 -6.25243 0
      vertex 30.7048 -6.25243 8
    endloop
  endfacet
  facet normal 0.843848 0.536582 0
    outer loop
      vertex 30.7048 -6.25243 0
      vertex 31.2943 -7.1795 8
      vertex 31.2943 -7.1795 0
    endloop
  endfacet
  facet normal 0.808976 0.587841 0
    outer loop
      vertex 30.7048 -6.25243 8
      vertex 30.0591 -5.36383 0
      vertex 30.0591 -5.36383 8
    endloop
  endfacet
  facet normal 0.808976 0.587841 0
    outer loop
      vertex 30.0591 -5.36383 0
      vertex 30.7048 -6.25243 8
      vertex 30.7048 -6.25243 0
    endloop
  endfacet
  facet normal 0.771165 0.636635 0
    outer loop
      vertex 30.0591 -5.36383 8
      vertex 29.3573 -4.51373 0
      vertex 29.3573 -4.51373 8
    endloop
  endfacet
  facet normal 0.771165 0.636635 0
    outer loop
      vertex 29.3573 -4.51373 0
      vertex 30.0591 -5.36383 8
      vertex 30.0591 -5.36383 0
    endloop
  endfacet
  facet normal 0.730748 0.682648 0
    outer loop
      vertex 29.3573 -4.51373 8
      vertex 28.6044 -3.70778 0
      vertex 28.6044 -3.70778 8
    endloop
  endfacet
  facet normal 0.730748 0.682648 0
    outer loop
      vertex 28.6044 -3.70778 0
      vertex 29.3573 -4.51373 8
      vertex 29.3573 -4.51373 0
    endloop
  endfacet
  facet normal 0.687241 0.72643 -0
    outer loop
      vertex 28.6044 -3.70778 0
      vertex 27.8051 -2.9516 8
      vertex 28.6044 -3.70778 8
    endloop
  endfacet
  facet normal 0.687241 0.72643 0
    outer loop
      vertex 27.8051 -2.9516 8
      vertex 28.6044 -3.70778 0
      vertex 27.8051 -2.9516 0
    endloop
  endfacet
  facet normal 0.641146 0.767419 -0
    outer loop
      vertex 27.8051 -2.9516 0
      vertex 26.9596 -2.24522 8
      vertex 27.8051 -2.9516 8
    endloop
  endfacet
  facet normal 0.641146 0.767419 0
    outer loop
      vertex 26.9596 -2.24522 8
      vertex 27.8051 -2.9516 0
      vertex 26.9596 -2.24522 0
    endloop
  endfacet
  facet normal 0.592885 0.805287 -0
    outer loop
      vertex 26.9596 -2.24522 0
      vertex 26.0678 -1.58864 8
      vertex 26.9596 -2.24522 8
    endloop
  endfacet
  facet normal 0.592885 0.805287 0
    outer loop
      vertex 26.0678 -1.58864 8
      vertex 26.9596 -2.24522 0
      vertex 26.0678 -1.58864 0
    endloop
  endfacet
  facet normal 0.54317 0.839622 -0
    outer loop
      vertex 26.0678 -1.58864 0
      vertex 25.1298 -0.981827 8
      vertex 26.0678 -1.58864 8
    endloop
  endfacet
  facet normal 0.54317 0.839622 0
    outer loop
      vertex 25.1298 -0.981827 8
      vertex 26.0678 -1.58864 0
      vertex 25.1298 -0.981827 0
    endloop
  endfacet
  facet normal 0.492502 0.870311 -0
    outer loop
      vertex 25.1298 -0.981827 0
      vertex 24.1455 -0.42482 8
      vertex 25.1298 -0.981827 8
    endloop
  endfacet
  facet normal 0.492502 0.870311 0
    outer loop
      vertex 24.1455 -0.42482 8
      vertex 25.1298 -0.981827 0
      vertex 24.1455 -0.42482 0
    endloop
  endfacet
  facet normal 0.441599 0.897212 -0
    outer loop
      vertex 24.1455 -0.42482 0
      vertex 23.115 0.0823822 8
      vertex 24.1455 -0.42482 8
    endloop
  endfacet
  facet normal 0.441599 0.897212 0
    outer loop
      vertex 23.115 0.0823822 8
      vertex 24.1455 -0.42482 0
      vertex 23.115 0.0823822 0
    endloop
  endfacet
  facet normal 0.390987 0.920396 -0
    outer loop
      vertex 23.115 0.0823822 0
      vertex 22.0382 0.53981 8
      vertex 23.115 0.0823822 8
    endloop
  endfacet
  facet normal 0.390987 0.920396 0
    outer loop
      vertex 22.0382 0.53981 8
      vertex 23.115 0.0823822 0
      vertex 22.0382 0.53981 0
    endloop
  endfacet
  facet normal 0.34118 0.939998 -0
    outer loop
      vertex 22.0382 0.53981 0
      vertex 20.9151 0.947449 8
      vertex 22.0382 0.53981 8
    endloop
  endfacet
  facet normal 0.34118 0.939998 0
    outer loop
      vertex 20.9151 0.947449 8
      vertex 22.0382 0.53981 0
      vertex 20.9151 0.947449 0
    endloop
  endfacet
  facet normal 0.292641 0.956222 -0
    outer loop
      vertex 20.9151 0.947449 0
      vertex 19.7458 1.3053 8
      vertex 20.9151 0.947449 8
    endloop
  endfacet
  facet normal 0.292641 0.956222 0
    outer loop
      vertex 19.7458 1.3053 8
      vertex 20.9151 0.947449 0
      vertex 19.7458 1.3053 0
    endloop
  endfacet
  facet normal 0.245642 0.969361 -0
    outer loop
      vertex 19.7458 1.3053 0
      vertex 18.5302 1.61334 8
      vertex 19.7458 1.3053 8
    endloop
  endfacet
  facet normal 0.245642 0.969361 0
    outer loop
      vertex 18.5302 1.61334 8
      vertex 19.7458 1.3053 0
      vertex 18.5302 1.61334 0
    endloop
  endfacet
  facet normal 0.200511 0.979691 -0
    outer loop
      vertex 18.5302 1.61334 0
      vertex 17.2683 1.87161 8
      vertex 18.5302 1.61334 8
    endloop
  endfacet
  facet normal 0.200511 0.979691 0
    outer loop
      vertex 17.2683 1.87161 8
      vertex 18.5302 1.61334 0
      vertex 17.2683 1.87161 0
    endloop
  endfacet
  facet normal 0.15739 0.987537 -0
    outer loop
      vertex 17.2683 1.87161 0
      vertex 15.9602 2.08009 8
      vertex 17.2683 1.87161 8
    endloop
  endfacet
  facet normal 0.15739 0.987537 0
    outer loop
      vertex 15.9602 2.08009 8
      vertex 17.2683 1.87161 0
      vertex 15.9602 2.08009 0
    endloop
  endfacet
  facet normal 0.185979 -0.982554 0
    outer loop
      vertex 15.9602 2.08009 0
      vertex 17.187 2.3123 8
      vertex 15.9602 2.08009 8
    endloop
  endfacet
  facet normal 0.185979 -0.982554 0
    outer loop
      vertex 17.187 2.3123 8
      vertex 15.9602 2.08009 0
      vertex 17.187 2.3123 0
    endloop
  endfacet
  facet normal 0.225741 -0.974187 0
    outer loop
      vertex 17.187 2.3123 0
      vertex 18.3704 2.58652 8
      vertex 17.187 2.3123 8
    endloop
  endfacet
  facet normal 0.225741 -0.974187 0
    outer loop
      vertex 18.3704 2.58652 8
      vertex 17.187 2.3123 0
      vertex 18.3704 2.58652 0
    endloop
  endfacet
  facet normal 0.267293 -0.963615 0
    outer loop
      vertex 18.3704 2.58652 0
      vertex 19.5104 2.90274 8
      vertex 18.3704 2.58652 8
    endloop
  endfacet
  facet normal 0.267293 -0.963615 0
    outer loop
      vertex 19.5104 2.90274 8
      vertex 18.3704 2.58652 0
      vertex 19.5104 2.90274 0
    endloop
  endfacet
  facet normal 0.310566 -0.950552 0
    outer loop
      vertex 19.5104 2.90274 0
      vertex 20.6069 3.26099 8
      vertex 19.5104 2.90274 8
    endloop
  endfacet
  facet normal 0.310566 -0.950552 0
    outer loop
      vertex 20.6069 3.26099 8
      vertex 19.5104 2.90274 0
      vertex 20.6069 3.26099 0
    endloop
  endfacet
  facet normal 0.355258 -0.934768 0
    outer loop
      vertex 20.6069 3.26099 0
      vertex 21.66 3.66122 8
      vertex 20.6069 3.26099 8
    endloop
  endfacet
  facet normal 0.355258 -0.934768 0
    outer loop
      vertex 21.66 3.66122 8
      vertex 20.6069 3.26099 0
      vertex 21.66 3.66122 0
    endloop
  endfacet
  facet normal 0.401253 -0.915967 0
    outer loop
      vertex 21.66 3.66122 0
      vertex 22.6696 4.10349 8
      vertex 21.66 3.66122 8
    endloop
  endfacet
  facet normal 0.401253 -0.915967 0
    outer loop
      vertex 22.6696 4.10349 8
      vertex 21.66 3.66122 0
      vertex 22.6696 4.10349 0
    endloop
  endfacet
  facet normal 0.448035 -0.894016 0
    outer loop
      vertex 22.6696 4.10349 0
      vertex 23.6359 4.58775 8
      vertex 22.6696 4.10349 8
    endloop
  endfacet
  facet normal 0.448035 -0.894016 0
    outer loop
      vertex 23.6359 4.58775 8
      vertex 22.6696 4.10349 0
      vertex 23.6359 4.58775 0
    endloop
  endfacet
  facet normal 0.495412 -0.868658 0
    outer loop
      vertex 23.6359 4.58775 0
      vertex 24.5587 5.11404 8
      vertex 23.6359 4.58775 8
    endloop
  endfacet
  facet normal 0.495412 -0.868658 0
    outer loop
      vertex 24.5587 5.11404 8
      vertex 23.6359 4.58775 0
      vertex 24.5587 5.11404 0
    endloop
  endfacet
  facet normal 0.542757 -0.83989 0
    outer loop
      vertex 24.5587 5.11404 0
      vertex 25.4381 5.68233 8
      vertex 24.5587 5.11404 8
    endloop
  endfacet
  facet normal 0.542757 -0.83989 0
    outer loop
      vertex 25.4381 5.68233 8
      vertex 24.5587 5.11404 0
      vertex 25.4381 5.68233 0
    endloop
  endfacet
  facet normal 0.58967 -0.807644 0
    outer loop
      vertex 25.4381 5.68233 0
      vertex 26.274 6.29263 8
      vertex 25.4381 5.68233 8
    endloop
  endfacet
  facet normal 0.58967 -0.807644 0
    outer loop
      vertex 26.274 6.29263 8
      vertex 25.4381 5.68233 0
      vertex 26.274 6.29263 0
    endloop
  endfacet
  facet normal 0.63547 -0.772126 0
    outer loop
      vertex 26.274 6.29263 0
      vertex 27.0666 6.94495 8
      vertex 26.274 6.29263 8
    endloop
  endfacet
  facet normal 0.63547 -0.772126 0
    outer loop
      vertex 27.0666 6.94495 8
      vertex 26.274 6.29263 0
      vertex 27.0666 6.94495 0
    endloop
  endfacet
  facet normal 0.679787 -0.73341 0
    outer loop
      vertex 27.0666 6.94495 0
      vertex 27.8157 7.63928 8
      vertex 27.0666 6.94495 8
    endloop
  endfacet
  facet normal 0.679787 -0.73341 0
    outer loop
      vertex 27.8157 7.63928 8
      vertex 27.0666 6.94495 0
      vertex 27.8157 7.63928 0
    endloop
  endfacet
  facet normal 0.722012 -0.69188 0
    outer loop
      vertex 27.8157 7.63928 8
      vertex 28.5213 8.37561 0
      vertex 28.5213 8.37561 8
    endloop
  endfacet
  facet normal 0.722012 -0.69188 0
    outer loop
      vertex 28.5213 8.37561 0
      vertex 27.8157 7.63928 8
      vertex 27.8157 7.63928 0
    endloop
  endfacet
  facet normal 0.761702 -0.647928 0
    outer loop
      vertex 28.5213 8.37561 8
      vertex 29.179 9.1488 0
      vertex 29.179 9.1488 8
    endloop
  endfacet
  facet normal 0.761702 -0.647928 0
    outer loop
      vertex 29.179 9.1488 0
      vertex 28.5213 8.37561 8
      vertex 28.5213 8.37561 0
    endloop
  endfacet
  facet normal 0.799213 -0.601048 0
    outer loop
      vertex 29.179 9.1488 8
      vertex 29.7841 9.9534 0
      vertex 29.7841 9.9534 8
    endloop
  endfacet
  facet normal 0.799213 -0.601048 0
    outer loop
      vertex 29.7841 9.9534 0
      vertex 29.179 9.1488 8
      vertex 29.179 9.1488 0
    endloop
  endfacet
  facet normal 0.834316 -0.551287 0
    outer loop
      vertex 29.7841 9.9534 8
      vertex 30.3365 10.7894 0
      vertex 30.3365 10.7894 8
    endloop
  endfacet
  facet normal 0.834316 -0.551287 0
    outer loop
      vertex 30.3365 10.7894 0
      vertex 29.7841 9.9534 8
      vertex 29.7841 9.9534 0
    endloop
  endfacet
  facet normal 0.86648 -0.499212 0
    outer loop
      vertex 30.3365 10.7894 8
      vertex 30.8363 11.6569 0
      vertex 30.8363 11.6569 8
    endloop
  endfacet
  facet normal 0.86648 -0.499212 0
    outer loop
      vertex 30.8363 11.6569 0
      vertex 30.3365 10.7894 8
      vertex 30.3365 10.7894 0
    endloop
  endfacet
  facet normal 0.895302 -0.44546 0
    outer loop
      vertex 30.8363 11.6569 8
      vertex 31.2835 12.5557 0
      vertex 31.2835 12.5557 8
    endloop
  endfacet
  facet normal 0.895302 -0.44546 0
    outer loop
      vertex 31.2835 12.5557 0
      vertex 30.8363 11.6569 8
      vertex 30.8363 11.6569 0
    endloop
  endfacet
  facet normal 0.920608 -0.390489 0
    outer loop
      vertex 31.2835 12.5557 8
      vertex 31.6781 13.486 0
      vertex 31.6781 13.486 8
    endloop
  endfacet
  facet normal 0.920608 -0.390489 0
    outer loop
      vertex 31.6781 13.486 0
      vertex 31.2835 12.5557 8
      vertex 31.2835 12.5557 0
    endloop
  endfacet
  facet normal 0.942195 -0.335064 0
    outer loop
      vertex 31.6781 13.486 8
      vertex 32.0201 14.4477 0
      vertex 32.0201 14.4477 8
    endloop
  endfacet
  facet normal 0.942195 -0.335064 0
    outer loop
      vertex 32.0201 14.4477 0
      vertex 31.6781 13.486 8
      vertex 31.6781 13.486 0
    endloop
  endfacet
  facet normal 0.9601 -0.279658 0
    outer loop
      vertex 32.0201 14.4477 8
      vertex 32.3094 15.4409 0
      vertex 32.3094 15.4409 8
    endloop
  endfacet
  facet normal 0.9601 -0.279658 0
    outer loop
      vertex 32.3094 15.4409 0
      vertex 32.0201 14.4477 8
      vertex 32.0201 14.4477 0
    endloop
  endfacet
  facet normal 0.974313 -0.2252 0
    outer loop
      vertex 32.3094 15.4409 8
      vertex 32.5462 16.4654 0
      vertex 32.5462 16.4654 8
    endloop
  endfacet
  facet normal 0.974313 -0.2252 0
    outer loop
      vertex 32.5462 16.4654 0
      vertex 32.3094 15.4409 8
      vertex 32.3094 15.4409 0
    endloop
  endfacet
  facet normal 0.985141 -0.171747 0
    outer loop
      vertex 32.5462 16.4654 8
      vertex 32.7303 17.5214 0
      vertex 32.7303 17.5214 8
    endloop
  endfacet
  facet normal 0.985141 -0.171747 0
    outer loop
      vertex 32.7303 17.5214 0
      vertex 32.5462 16.4654 8
      vertex 32.5462 16.4654 0
    endloop
  endfacet
  facet normal 0.992755 -0.120157 0
    outer loop
      vertex 32.7303 17.5214 8
      vertex 32.8619 18.6087 0
      vertex 32.8619 18.6087 8
    endloop
  endfacet
  facet normal 0.992755 -0.120157 0
    outer loop
      vertex 32.8619 18.6087 0
      vertex 32.7303 17.5214 8
      vertex 32.7303 17.5214 0
    endloop
  endfacet
  facet normal 0.997523 -0.070341 0
    outer loop
      vertex 32.8619 18.6087 8
      vertex 32.9408 19.7276 0
      vertex 32.9408 19.7276 8
    endloop
  endfacet
  facet normal 0.997523 -0.070341 0
    outer loop
      vertex 32.9408 19.7276 0
      vertex 32.8619 18.6087 8
      vertex 32.8619 18.6087 0
    endloop
  endfacet
  facet normal 0.999739 -0.0228596 0
    outer loop
      vertex 32.9408 19.7276 8
      vertex 32.9671 20.8778 0
      vertex 32.9671 20.8778 8
    endloop
  endfacet
  facet normal 0.999739 -0.0228596 0
    outer loop
      vertex 32.9671 20.8778 0
      vertex 32.9408 19.7276 8
      vertex 32.9408 19.7276 0
    endloop
  endfacet
  facet normal 0.999706 0.0242264 0
    outer loop
      vertex 32.9671 20.8778 8
      vertex 32.926 22.5738 0
      vertex 32.926 22.5738 8
    endloop
  endfacet
  facet normal 0.999706 0.0242264 0
    outer loop
      vertex 32.926 22.5738 0
      vertex 32.9671 20.8778 8
      vertex 32.9671 20.8778 0
    endloop
  endfacet
  facet normal 0.997167 0.0752188 0
    outer loop
      vertex 32.926 22.5738 8
      vertex 32.8026 24.2097 0
      vertex 32.8026 24.2097 8
    endloop
  endfacet
  facet normal 0.997167 0.0752188 0
    outer loop
      vertex 32.8026 24.2097 0
      vertex 32.926 22.5738 8
      vertex 32.926 22.5738 0
    endloop
  endfacet
  facet normal 0.99159 0.129423 0
    outer loop
      vertex 32.8026 24.2097 8
      vertex 32.5969 25.7857 0
      vertex 32.5969 25.7857 8
    endloop
  endfacet
  facet normal 0.99159 0.129423 0
    outer loop
      vertex 32.5969 25.7857 0
      vertex 32.8026 24.2097 8
      vertex 32.8026 24.2097 0
    endloop
  endfacet
  facet normal 0.982425 0.186659 0
    outer loop
      vertex 32.5969 25.7857 8
      vertex 32.3089 27.3015 0
      vertex 32.3089 27.3015 8
    endloop
  endfacet
  facet normal 0.982425 0.186659 0
    outer loop
      vertex 32.3089 27.3015 0
      vertex 32.5969 25.7857 8
      vertex 32.5969 25.7857 0
    endloop
  endfacet
  facet normal 0.96916 0.246434 0
    outer loop
      vertex 32.3089 27.3015 8
      vertex 31.9387 28.7574 0
      vertex 31.9387 28.7574 8
    endloop
  endfacet
  facet normal 0.96916 0.246434 0
    outer loop
      vertex 31.9387 28.7574 0
      vertex 32.3089 27.3015 8
      vertex 32.3089 27.3015 0
    endloop
  endfacet
  facet normal 0.951261 0.308386 0
    outer loop
      vertex 31.9387 28.7574 8
      vertex 31.4862 30.1532 0
      vertex 31.4862 30.1532 8
    endloop
  endfacet
  facet normal 0.951261 0.308386 0
    outer loop
      vertex 31.4862 30.1532 0
      vertex 31.9387 28.7574 8
      vertex 31.9387 28.7574 0
    endloop
  endfacet
  facet normal 0.928362 0.371678 0
    outer loop
      vertex 31.4862 30.1532 8
      vertex 30.9514 31.489 0
      vertex 30.9514 31.489 8
    endloop
  endfacet
  facet normal 0.928362 0.371678 0
    outer loop
      vertex 30.9514 31.489 0
      vertex 31.4862 30.1532 8
      vertex 31.4862 30.1532 0
    endloop
  endfacet
  facet normal 0.900235 0.435404 0
    outer loop
      vertex 30.9514 31.489 8
      vertex 30.3344 32.7647 0
      vertex 30.3344 32.7647 8
    endloop
  endfacet
  facet normal 0.900235 0.435404 0
    outer loop
      vertex 30.3344 32.7647 0
      vertex 30.9514 31.489 8
      vertex 30.9514 31.489 0
    endloop
  endfacet
  facet normal 0.866822 0.498617 0
    outer loop
      vertex 30.3344 32.7647 8
      vertex 29.6351 33.9804 0
      vertex 29.6351 33.9804 8
    endloop
  endfacet
  facet normal 0.866822 0.498617 0
    outer loop
      vertex 29.6351 33.9804 0
      vertex 30.3344 32.7647 8
      vertex 30.3344 32.7647 0
    endloop
  endfacet
  facet normal 0.828349 0.560212 0
    outer loop
      vertex 29.6351 33.9804 8
      vertex 28.8535 35.1361 0
      vertex 28.8535 35.1361 8
    endloop
  endfacet
  facet normal 0.828349 0.560212 0
    outer loop
      vertex 28.8535 35.1361 0
      vertex 29.6351 33.9804 8
      vertex 29.6351 33.9804 0
    endloop
  endfacet
  facet normal 0.785248 0.619182 0
    outer loop
      vertex 28.8535 35.1361 8
      vertex 27.9896 36.2317 0
      vertex 27.9896 36.2317 8
    endloop
  endfacet
  facet normal 0.785248 0.619182 0
    outer loop
      vertex 27.9896 36.2317 0
      vertex 28.8535 35.1361 8
      vertex 28.8535 35.1361 0
    endloop
  endfacet
  facet normal 0.738289 0.674484 0
    outer loop
      vertex 27.9896 36.2317 8
      vertex 27.0435 37.2673 0
      vertex 27.0435 37.2673 8
    endloop
  endfacet
  facet normal 0.738289 0.674484 0
    outer loop
      vertex 27.0435 37.2673 0
      vertex 27.9896 36.2317 8
      vertex 27.9896 36.2317 0
    endloop
  endfacet
  facet normal 0.6882 0.725521 -0
    outer loop
      vertex 27.0435 37.2673 0
      vertex 26.0151 38.2428 8
      vertex 27.0435 37.2673 8
    endloop
  endfacet
  facet normal 0.6882 0.725521 0
    outer loop
      vertex 26.0151 38.2428 8
      vertex 27.0435 37.2673 0
      vertex 26.0151 38.2428 0
    endloop
  endfacet
  facet normal 0.635999 0.77169 -0
    outer loop
      vertex 26.0151 38.2428 0
      vertex 24.9118 39.1521 8
      vertex 26.0151 38.2428 8
    endloop
  endfacet
  facet normal 0.635999 0.77169 0
    outer loop
      vertex 24.9118 39.1521 8
      vertex 26.0151 38.2428 0
      vertex 24.9118 39.1521 0
    endloop
  endfacet
  facet normal 0.58137 0.81364 -0
    outer loop
      vertex 24.9118 39.1521 0
      vertex 23.7411 39.9886 8
      vertex 24.9118 39.1521 8
    endloop
  endfacet
  facet normal 0.58137 0.81364 0
    outer loop
      vertex 23.7411 39.9886 8
      vertex 24.9118 39.1521 0
      vertex 23.7411 39.9886 0
    endloop
  endfacet
  facet normal 0.52509 0.851046 -0
    outer loop
      vertex 23.7411 39.9886 0
      vertex 22.503 40.7525 8
      vertex 23.7411 39.9886 8
    endloop
  endfacet
  facet normal 0.52509 0.851046 0
    outer loop
      vertex 22.503 40.7525 8
      vertex 23.7411 39.9886 0
      vertex 22.503 40.7525 0
    endloop
  endfacet
  facet normal 0.467782 0.883844 -0
    outer loop
      vertex 22.503 40.7525 0
      vertex 21.1974 41.4435 8
      vertex 22.503 40.7525 8
    endloop
  endfacet
  facet normal 0.467782 0.883844 0
    outer loop
      vertex 21.1974 41.4435 8
      vertex 22.503 40.7525 0
      vertex 21.1974 41.4435 0
    endloop
  endfacet
  facet normal 0.410613 0.91181 -0
    outer loop
      vertex 21.1974 41.4435 0
      vertex 19.8244 42.0618 8
      vertex 21.1974 41.4435 8
    endloop
  endfacet
  facet normal 0.410613 0.91181 0
    outer loop
      vertex 19.8244 42.0618 8
      vertex 21.1974 41.4435 0
      vertex 19.8244 42.0618 0
    endloop
  endfacet
  facet normal 0.354202 0.935169 -0
    outer loop
      vertex 19.8244 42.0618 0
      vertex 18.3839 42.6074 8
      vertex 19.8244 42.0618 8
    endloop
  endfacet
  facet normal 0.354202 0.935169 0
    outer loop
      vertex 18.3839 42.6074 8
      vertex 19.8244 42.0618 0
      vertex 18.3839 42.6074 0
    endloop
  endfacet
  facet normal 0.299186 0.954195 -0
    outer loop
      vertex 18.3839 42.6074 0
      vertex 16.876 43.0802 8
      vertex 18.3839 42.6074 8
    endloop
  endfacet
  facet normal 0.299186 0.954195 0
    outer loop
      vertex 16.876 43.0802 8
      vertex 18.3839 42.6074 0
      vertex 16.876 43.0802 0
    endloop
  endfacet
  facet normal 0.246153 0.969231 -0
    outer loop
      vertex 16.876 43.0802 0
      vertex 15.3006 43.4803 8
      vertex 16.876 43.0802 8
    endloop
  endfacet
  facet normal 0.246153 0.969231 0
    outer loop
      vertex 15.3006 43.4803 8
      vertex 16.876 43.0802 0
      vertex 15.3006 43.4803 0
    endloop
  endfacet
  facet normal 0.195462 0.980711 -0
    outer loop
      vertex 15.3006 43.4803 0
      vertex 13.6579 43.8077 8
      vertex 15.3006 43.4803 8
    endloop
  endfacet
  facet normal 0.195462 0.980711 0
    outer loop
      vertex 13.6579 43.8077 8
      vertex 15.3006 43.4803 0
      vertex 13.6579 43.8077 0
    endloop
  endfacet
  facet normal 0.14724 0.989101 -0
    outer loop
      vertex 13.6579 43.8077 0
      vertex 11.9476 44.0623 8
      vertex 13.6579 43.8077 8
    endloop
  endfacet
  facet normal 0.14724 0.989101 0
    outer loop
      vertex 11.9476 44.0623 8
      vertex 13.6579 43.8077 0
      vertex 11.9476 44.0623 0
    endloop
  endfacet
  facet normal 0.101736 0.994811 -0
    outer loop
      vertex 11.9476 44.0623 0
      vertex 10.1699 44.2441 8
      vertex 11.9476 44.0623 8
    endloop
  endfacet
  facet normal 0.101736 0.994811 0
    outer loop
      vertex 10.1699 44.2441 8
      vertex 11.9476 44.0623 0
      vertex 10.1699 44.2441 0
    endloop
  endfacet
  facet normal 0.0590265 0.998256 -0
    outer loop
      vertex 10.1699 44.2441 0
      vertex 8.3248 44.3532 8
      vertex 10.1699 44.2441 8
    endloop
  endfacet
  facet normal 0.0590265 0.998256 0
    outer loop
      vertex 8.3248 44.3532 8
      vertex 10.1699 44.2441 0
      vertex 8.3248 44.3532 0
    endloop
  endfacet
  facet normal 0.0190285 0.999819 -0
    outer loop
      vertex 8.3248 44.3532 0
      vertex 6.41223 44.3896 8
      vertex 8.3248 44.3532 8
    endloop
  endfacet
  facet normal 0.0190285 0.999819 0
    outer loop
      vertex 6.41223 44.3896 8
      vertex 8.3248 44.3532 0
      vertex 6.41223 44.3896 0
    endloop
  endfacet
  facet normal 0 1 -0
    outer loop
      vertex 6.41223 44.3896 0
      vertex -28.9752 44.3896 8
      vertex 6.41223 44.3896 8
    endloop
  endfacet
  facet normal 0 1 0
    outer loop
      vertex -28.9752 44.3896 8
      vertex 6.41223 44.3896 0
      vertex -28.9752 44.3896 0
    endloop
  endfacet
  facet normal -1 0 0
    outer loop
      vertex -28.9752 -42.3775 0
      vertex -28.9752 44.3896 8
      vertex -28.9752 44.3896 0
    endloop
  endfacet
  facet normal -1 -0 0
    outer loop
      vertex -28.9752 44.3896 8
      vertex -28.9752 -42.3775 0
      vertex -28.9752 -42.3775 8
    endloop
  endfacet
  facet normal 0 -1 0
    outer loop
      vertex -12.6239 28.6358 0
      vertex 5.87543 28.6358 8
      vertex -12.6239 28.6358 8
    endloop
  endfacet
  facet normal 0 -1 -0
    outer loop
      vertex 5.87543 28.6358 8
      vertex -12.6239 28.6358 0
      vertex 5.87543 28.6358 0
    endloop
  endfacet
  facet normal -0.0176036 -0.999845 0
    outer loop
      vertex 5.87543 28.6358 0
      vertex 6.6422 28.6223 8
      vertex 5.87543 28.6358 8
    endloop
  endfacet
  facet normal -0.0176036 -0.999845 -0
    outer loop
      vertex 6.6422 28.6223 8
      vertex 5.87543 28.6358 0
      vertex 6.6422 28.6223 0
    endloop
  endfacet
  facet normal -0.0550842 -0.998482 0
    outer loop
      vertex 6.6422 28.6223 0
      vertex 7.38176 28.5815 8
      vertex 6.6422 28.6223 8
    endloop
  endfacet
  facet normal -0.0550842 -0.998482 -0
    outer loop
      vertex 7.38176 28.5815 8
      vertex 6.6422 28.6223 0
      vertex 7.38176 28.5815 0
    endloop
  endfacet
  facet normal -0.0950241 -0.995475 0
    outer loop
      vertex 7.38176 28.5815 0
      vertex 8.09413 28.5135 8
      vertex 7.38176 28.5815 8
    endloop
  endfacet
  facet normal -0.0950241 -0.995475 -0
    outer loop
      vertex 8.09413 28.5135 8
      vertex 7.38176 28.5815 0
      vertex 8.09413 28.5135 0
    endloop
  endfacet
  facet normal -0.137616 -0.990486 0
    outer loop
      vertex 8.09413 28.5135 0
      vertex 8.77933 28.4183 8
      vertex 8.09413 28.5135 8
    endloop
  endfacet
  facet normal -0.137616 -0.990486 -0
    outer loop
      vertex 8.77933 28.4183 8
      vertex 8.09413 28.5135 0
      vertex 8.77933 28.4183 0
    endloop
  endfacet
  facet normal -0.182739 -0.983161 0
    outer loop
      vertex 8.77933 28.4183 0
      vertex 9.43732 28.296 8
      vertex 8.77933 28.4183 8
    endloop
  endfacet
  facet normal -0.182739 -0.983161 -0
    outer loop
      vertex 9.43732 28.296 8
      vertex 8.77933 28.4183 0
      vertex 9.43732 28.296 0
    endloop
  endfacet
  facet normal -0.230765 -0.973009 0
    outer loop
      vertex 9.43732 28.296 0
      vertex 10.0681 28.1464 8
      vertex 9.43732 28.296 8
    endloop
  endfacet
  facet normal -0.230765 -0.973009 -0
    outer loop
      vertex 10.0681 28.1464 8
      vertex 9.43732 28.296 0
      vertex 10.0681 28.1464 0
    endloop
  endfacet
  facet normal -0.280952 -0.959722 0
    outer loop
      vertex 10.0681 28.1464 0
      vertex 10.6717 27.9697 8
      vertex 10.0681 28.1464 8
    endloop
  endfacet
  facet normal -0.280952 -0.959722 -0
    outer loop
      vertex 10.6717 27.9697 8
      vertex 10.0681 28.1464 0
      vertex 10.6717 27.9697 0
    endloop
  endfacet
  facet normal -0.33359 -0.942718 0
    outer loop
      vertex 10.6717 27.9697 0
      vertex 11.2482 27.7657 8
      vertex 10.6717 27.9697 8
    endloop
  endfacet
  facet normal -0.33359 -0.942718 -0
    outer loop
      vertex 11.2482 27.7657 8
      vertex 10.6717 27.9697 0
      vertex 11.2482 27.7657 0
    endloop
  endfacet
  facet normal -0.387854 -0.921721 0
    outer loop
      vertex 11.2482 27.7657 0
      vertex 11.7974 27.5346 8
      vertex 11.2482 27.7657 8
    endloop
  endfacet
  facet normal -0.387854 -0.921721 -0
    outer loop
      vertex 11.7974 27.5346 8
      vertex 11.2482 27.7657 0
      vertex 11.7974 27.5346 0
    endloop
  endfacet
  facet normal -0.443501 -0.896274 0
    outer loop
      vertex 11.7974 27.5346 0
      vertex 12.3194 27.2763 8
      vertex 11.7974 27.5346 8
    endloop
  endfacet
  facet normal -0.443501 -0.896274 -0
    outer loop
      vertex 12.3194 27.2763 8
      vertex 11.7974 27.5346 0
      vertex 12.3194 27.2763 0
    endloop
  endfacet
  facet normal -0.499697 -0.8662 0
    outer loop
      vertex 12.3194 27.2763 0
      vertex 12.8143 26.9908 8
      vertex 12.3194 27.2763 8
    endloop
  endfacet
  facet normal -0.499697 -0.8662 -0
    outer loop
      vertex 12.8143 26.9908 8
      vertex 12.3194 27.2763 0
      vertex 12.8143 26.9908 0
    endloop
  endfacet
  facet normal -0.555889 -0.831256 0
    outer loop
      vertex 12.8143 26.9908 0
      vertex 13.2819 26.6781 8
      vertex 12.8143 26.9908 8
    endloop
  endfacet
  facet normal -0.555889 -0.831256 -0
    outer loop
      vertex 13.2819 26.6781 8
      vertex 12.8143 26.9908 0
      vertex 13.2819 26.6781 0
    endloop
  endfacet
  facet normal -0.6109 -0.791708 0
    outer loop
      vertex 13.2819 26.6781 0
      vertex 13.7224 26.3382 8
      vertex 13.2819 26.6781 8
    endloop
  endfacet
  facet normal -0.6109 -0.791708 -0
    outer loop
      vertex 13.7224 26.3382 8
      vertex 13.2819 26.6781 0
      vertex 13.7224 26.3382 0
    endloop
  endfacet
  facet normal -0.664567 -0.747228 0
    outer loop
      vertex 13.7224 26.3382 0
      vertex 14.1328 25.9732 8
      vertex 13.7224 26.3382 8
    endloop
  endfacet
  facet normal -0.664567 -0.747228 -0
    outer loop
      vertex 14.1328 25.9732 8
      vertex 13.7224 26.3382 0
      vertex 14.1328 25.9732 0
    endloop
  endfacet
  facet normal -0.716464 -0.697624 0
    outer loop
      vertex 14.5105 25.5853 0
      vertex 14.1328 25.9732 8
      vertex 14.1328 25.9732 0
    endloop
  endfacet
  facet normal -0.716464 -0.697624 0
    outer loop
      vertex 14.1328 25.9732 8
      vertex 14.5105 25.5853 0
      vertex 14.5105 25.5853 8
    endloop
  endfacet
  facet normal -0.766046 -0.642785 0
    outer loop
      vertex 14.8552 25.1745 0
      vertex 14.5105 25.5853 8
      vertex 14.5105 25.5853 0
    endloop
  endfacet
  facet normal -0.766046 -0.642785 0
    outer loop
      vertex 14.5105 25.5853 8
      vertex 14.8552 25.1745 0
      vertex 14.8552 25.1745 8
    endloop
  endfacet
  facet normal -0.811832 -0.583891 0
    outer loop
      vertex 15.1672 24.7407 0
      vertex 14.8552 25.1745 8
      vertex 14.8552 25.1745 0
    endloop
  endfacet
  facet normal -0.811832 -0.583891 0
    outer loop
      vertex 14.8552 25.1745 8
      vertex 15.1672 24.7407 0
      vertex 15.1672 24.7407 8
    endloop
  endfacet
  facet normal -0.853277 -0.521458 0
    outer loop
      vertex 15.4463 24.284 0
      vertex 15.1672 24.7407 8
      vertex 15.1672 24.7407 0
    endloop
  endfacet
  facet normal -0.853277 -0.521458 0
    outer loop
      vertex 15.1672 24.7407 8
      vertex 15.4463 24.284 0
      vertex 15.4463 24.284 8
    endloop
  endfacet
  facet normal -0.889591 -0.456757 0
    outer loop
      vertex 15.6926 23.8043 0
      vertex 15.4463 24.284 8
      vertex 15.4463 24.284 0
    endloop
  endfacet
  facet normal -0.889591 -0.456757 0
    outer loop
      vertex 15.4463 24.284 8
      vertex 15.6926 23.8043 0
      vertex 15.6926 23.8043 8
    endloop
  endfacet
  facet normal -0.920466 -0.390823 0
    outer loop
      vertex 15.906 23.3017 0
      vertex 15.6926 23.8043 8
      vertex 15.6926 23.8043 0
    endloop
  endfacet
  facet normal -0.920466 -0.390823 0
    outer loop
      vertex 15.6926 23.8043 8
      vertex 15.906 23.3017 0
      vertex 15.906 23.3017 8
    endloop
  endfacet
  facet normal -0.945728 -0.324959 0
    outer loop
      vertex 16.0866 22.7761 0
      vertex 15.906 23.3017 8
      vertex 15.906 23.3017 0
    endloop
  endfacet
  facet normal -0.945728 -0.324959 0
    outer loop
      vertex 15.906 23.3017 8
      vertex 16.0866 22.7761 0
      vertex 16.0866 22.7761 8
    endloop
  endfacet
  facet normal -0.965604 -0.260018 0
    outer loop
      vertex 16.2343 22.2276 0
      vertex 16.0866 22.7761 8
      vertex 16.0866 22.7761 0
    endloop
  endfacet
  facet normal -0.965604 -0.260018 0
    outer loop
      vertex 16.0866 22.7761 8
      vertex 16.2343 22.2276 0
      vertex 16.2343 22.2276 8
    endloop
  endfacet
  facet normal -0.980342 -0.197304 0
    outer loop
      vertex 16.3493 21.6562 0
      vertex 16.2343 22.2276 8
      vertex 16.2343 22.2276 0
    endloop
  endfacet
  facet normal -0.980342 -0.197304 0
    outer loop
      vertex 16.2343 22.2276 8
      vertex 16.3493 21.6562 0
      vertex 16.3493 21.6562 8
    endloop
  endfacet
  facet normal -0.990595 -0.136823 0
    outer loop
      vertex 16.4314 21.0618 0
      vertex 16.3493 21.6562 8
      vertex 16.3493 21.6562 0
    endloop
  endfacet
  facet normal -0.990595 -0.136823 0
    outer loop
      vertex 16.3493 21.6562 8
      vertex 16.4314 21.0618 0
      vertex 16.4314 21.0618 8
    endloop
  endfacet
  facet normal -0.99684 -0.0794372 0
    outer loop
      vertex 16.4806 20.4444 0
      vertex 16.4314 21.0618 8
      vertex 16.4314 21.0618 0
    endloop
  endfacet
  facet normal -0.99684 -0.0794372 0
    outer loop
      vertex 16.4314 21.0618 8
      vertex 16.4806 20.4444 0
      vertex 16.4806 20.4444 8
    endloop
  endfacet
  facet normal -0.999672 -0.0256086 0
    outer loop
      vertex 16.497 19.8042 0
      vertex 16.4806 20.4444 8
      vertex 16.4806 20.4444 0
    endloop
  endfacet
  facet normal -0.999672 -0.0256086 0
    outer loop
      vertex 16.4806 20.4444 8
      vertex 16.497 19.8042 0
      vertex 16.497 19.8042 8
    endloop
  endfacet
  facet normal -0.999729 0.0232924 0
    outer loop
      vertex 16.4806 19.1003 0
      vertex 16.497 19.8042 8
      vertex 16.497 19.8042 0
    endloop
  endfacet
  facet normal -0.999729 0.0232924 0
    outer loop
      vertex 16.497 19.8042 8
      vertex 16.4806 19.1003 0
      vertex 16.4806 19.1003 8
    endloop
  endfacet
  facet normal -0.997386 0.0722594 0
    outer loop
      vertex 16.4314 18.4212 0
      vertex 16.4806 19.1003 8
      vertex 16.4806 19.1003 0
    endloop
  endfacet
  facet normal -0.997386 0.0722594 0
    outer loop
      vertex 16.4806 19.1003 8
      vertex 16.4314 18.4212 0
      vertex 16.4314 18.4212 8
    endloop
  endfacet
  facet normal -0.992219 0.124501 0
    outer loop
      vertex 16.3493 17.7669 0
      vertex 16.4314 18.4212 8
      vertex 16.4314 18.4212 0
    endloop
  endfacet
  facet normal -0.992219 0.124501 0
    outer loop
      vertex 16.4314 18.4212 8
      vertex 16.3493 17.7669 0
      vertex 16.3493 17.7669 8
    endloop
  endfacet
  facet normal -0.98373 0.179655 0
    outer loop
      vertex 16.2343 17.1372 0
      vertex 16.3493 17.7669 8
      vertex 16.3493 17.7669 0
    endloop
  endfacet
  facet normal -0.98373 0.179655 0
    outer loop
      vertex 16.3493 17.7669 8
      vertex 16.2343 17.1372 0
      vertex 16.2343 17.1372 8
    endloop
  endfacet
  facet normal -0.97146 0.237204 0
    outer loop
      vertex 16.0866 16.5323 0
      vertex 16.2343 17.1372 8
      vertex 16.2343 17.1372 0
    endloop
  endfacet
  facet normal -0.97146 0.237204 0
    outer loop
      vertex 16.2343 17.1372 8
      vertex 16.0866 16.5323 0
      vertex 16.0866 16.5323 8
    endloop
  endfacet
  facet normal -0.954813 0.297207 0
    outer loop
      vertex 15.906 15.9521 0
      vertex 16.0866 16.5323 8
      vertex 16.0866 16.5323 0
    endloop
  endfacet
  facet normal -0.954813 0.297207 0
    outer loop
      vertex 16.0866 16.5323 8
      vertex 15.906 15.9521 0
      vertex 15.906 15.9521 8
    endloop
  endfacet
  facet normal -0.933488 0.358607 0
    outer loop
      vertex 15.6926 15.3966 0
      vertex 15.906 15.9521 8
      vertex 15.906 15.9521 0
    endloop
  endfacet
  facet normal -0.933488 0.358607 0
    outer loop
      vertex 15.906 15.9521 8
      vertex 15.6926 15.3966 0
      vertex 15.6926 15.3966 8
    endloop
  endfacet
  facet normal -0.907102 0.42091 0
    outer loop
      vertex 15.4463 14.8658 0
      vertex 15.6926 15.3966 8
      vertex 15.6926 15.3966 0
    endloop
  endfacet
  facet normal -0.907102 0.42091 0
    outer loop
      vertex 15.6926 15.3966 8
      vertex 15.4463 14.8658 0
      vertex 15.4463 14.8658 8
    endloop
  endfacet
  facet normal -0.875631 0.482981 0
    outer loop
      vertex 15.1672 14.3598 0
      vertex 15.4463 14.8658 8
      vertex 15.4463 14.8658 0
    endloop
  endfacet
  facet normal -0.875631 0.482981 0
    outer loop
      vertex 15.4463 14.8658 8
      vertex 15.1672 14.3598 0
      vertex 15.1672 14.3598 8
    endloop
  endfacet
  facet normal -0.839116 0.543952 0
    outer loop
      vertex 14.8552 13.8785 0
      vertex 15.1672 14.3598 8
      vertex 15.1672 14.3598 0
    endloop
  endfacet
  facet normal -0.839116 0.543952 0
    outer loop
      vertex 15.1672 14.3598 8
      vertex 14.8552 13.8785 0
      vertex 14.8552 13.8785 8
    endloop
  endfacet
  facet normal -0.798108 0.602514 0
    outer loop
      vertex 14.5105 13.4219 0
      vertex 14.8552 13.8785 8
      vertex 14.8552 13.8785 0
    endloop
  endfacet
  facet normal -0.798108 0.602514 0
    outer loop
      vertex 14.8552 13.8785 8
      vertex 14.5105 13.4219 0
      vertex 14.5105 13.4219 8
    endloop
  endfacet
  facet normal -0.75276 0.658295 0
    outer loop
      vertex 14.1328 12.99 0
      vertex 14.5105 13.4219 8
      vertex 14.5105 13.4219 0
    endloop
  endfacet
  facet normal -0.75276 0.658295 0
    outer loop
      vertex 14.5105 13.4219 8
      vertex 14.1328 12.99 0
      vertex 14.1328 12.99 8
    endloop
  endfacet
  facet normal -0.704247 0.709955 0
    outer loop
      vertex 14.1328 12.99 0
      vertex 13.7224 12.5829 8
      vertex 14.1328 12.99 8
    endloop
  endfacet
  facet normal -0.704247 0.709955 0
    outer loop
      vertex 13.7224 12.5829 8
      vertex 14.1328 12.99 0
      vertex 13.7224 12.5829 0
    endloop
  endfacet
  facet normal -0.6528 0.75753 0
    outer loop
      vertex 13.7224 12.5829 0
      vertex 13.2819 12.2033 8
      vertex 13.7224 12.5829 8
    endloop
  endfacet
  facet normal -0.6528 0.75753 0
    outer loop
      vertex 13.2819 12.2033 8
      vertex 13.7224 12.5829 0
      vertex 13.2819 12.2033 0
    endloop
  endfacet
  facet normal -0.598354 0.801232 0
    outer loop
      vertex 13.2819 12.2033 0
      vertex 12.8143 11.8541 8
      vertex 13.2819 12.2033 8
    endloop
  endfacet
  facet normal -0.598354 0.801232 0
    outer loop
      vertex 12.8143 11.8541 8
      vertex 13.2819 12.2033 0
      vertex 12.8143 11.8541 0
    endloop
  endfacet
  facet normal -0.541659 0.840599 0
    outer loop
      vertex 12.8143 11.8541 0
      vertex 12.3194 11.5352 8
      vertex 12.8143 11.8541 8
    endloop
  endfacet
  facet normal -0.541659 0.840599 0
    outer loop
      vertex 12.3194 11.5352 8
      vertex 12.8143 11.8541 0
      vertex 12.3194 11.5352 0
    endloop
  endfacet
  facet normal -0.48372 0.875223 0
    outer loop
      vertex 12.3194 11.5352 0
      vertex 11.7974 11.2467 8
      vertex 12.3194 11.5352 8
    endloop
  endfacet
  facet normal -0.48372 0.875223 0
    outer loop
      vertex 11.7974 11.2467 8
      vertex 12.3194 11.5352 0
      vertex 11.7974 11.2467 0
    endloop
  endfacet
  facet normal -0.425329 0.905039 0
    outer loop
      vertex 11.7974 11.2467 0
      vertex 11.2482 10.9886 8
      vertex 11.7974 11.2467 8
    endloop
  endfacet
  facet normal -0.425329 0.905039 0
    outer loop
      vertex 11.2482 10.9886 8
      vertex 11.7974 11.2467 0
      vertex 11.2482 10.9886 0
    endloop
  endfacet
  facet normal -0.367493 0.930026 0
    outer loop
      vertex 11.2482 10.9886 0
      vertex 10.6717 10.7608 8
      vertex 11.2482 10.9886 8
    endloop
  endfacet
  facet normal -0.367493 0.930026 0
    outer loop
      vertex 10.6717 10.7608 8
      vertex 11.2482 10.9886 0
      vertex 10.6717 10.7608 0
    endloop
  endfacet
  facet normal -0.310837 0.950463 0
    outer loop
      vertex 10.6717 10.7608 0
      vertex 10.0681 10.5634 8
      vertex 10.6717 10.7608 8
    endloop
  endfacet
  facet normal -0.310837 0.950463 0
    outer loop
      vertex 10.0681 10.5634 8
      vertex 10.6717 10.7608 0
      vertex 10.0681 10.5634 0
    endloop
  endfacet
  facet normal -0.255934 0.966694 0
    outer loop
      vertex 10.0681 10.5634 0
      vertex 9.43732 10.3964 8
      vertex 10.0681 10.5634 8
    endloop
  endfacet
  facet normal -0.255934 0.966694 0
    outer loop
      vertex 9.43732 10.3964 8
      vertex 10.0681 10.5634 0
      vertex 9.43732 10.3964 0
    endloop
  endfacet
  facet normal -0.203268 0.979123 0
    outer loop
      vertex 9.43732 10.3964 0
      vertex 8.77933 10.2598 8
      vertex 9.43732 10.3964 8
    endloop
  endfacet
  facet normal -0.203268 0.979123 0
    outer loop
      vertex 8.77933 10.2598 8
      vertex 9.43732 10.3964 0
      vertex 8.77933 10.2598 0
    endloop
  endfacet
  facet normal -0.153303 0.988179 0
    outer loop
      vertex 8.77933 10.2598 0
      vertex 8.09413 10.1535 8
      vertex 8.77933 10.2598 8
    endloop
  endfacet
  facet normal -0.153303 0.988179 0
    outer loop
      vertex 8.09413 10.1535 8
      vertex 8.77933 10.2598 0
      vertex 8.09413 10.1535 0
    endloop
  endfacet
  facet normal -0.106084 0.994357 0
    outer loop
      vertex 8.09413 10.1535 0
      vertex 7.38176 10.0775 8
      vertex 8.09413 10.1535 8
    endloop
  endfacet
  facet normal -0.106084 0.994357 0
    outer loop
      vertex 7.38176 10.0775 8
      vertex 8.09413 10.1535 0
      vertex 7.38176 10.0775 0
    endloop
  endfacet
  facet normal -0.061407 0.998113 0
    outer loop
      vertex 7.38176 10.0775 0
      vertex 6.6422 10.032 8
      vertex 7.38176 10.0775 8
    endloop
  endfacet
  facet normal -0.061407 0.998113 0
    outer loop
      vertex 6.6422 10.032 8
      vertex 7.38176 10.0775 0
      vertex 6.6422 10.032 0
    endloop
  endfacet
  facet normal -0.0198195 0.999804 0
    outer loop
      vertex 6.6422 10.032 0
      vertex 5.87543 10.0168 8
      vertex 6.6422 10.032 8
    endloop
  endfacet
  facet normal -0.0198195 0.999804 0
    outer loop
      vertex 5.87543 10.0168 8
      vertex 6.6422 10.032 0
      vertex 5.87543 10.0168 0
    endloop
  endfacet
  facet normal 0 1 -0
    outer loop
      vertex 5.87543 10.0168 0
      vertex -12.6239 10.0168 8
      vertex 5.87543 10.0168 8
    endloop
  endfacet
  facet normal 0 1 0
    outer loop
      vertex -12.6239 10.0168 8
      vertex 5.87543 10.0168 0
      vertex -12.6239 10.0168 0
    endloop
  endfacet
  facet normal 1 -0 0
    outer loop
      vertex -12.6239 10.0168 8
      vertex -12.6239 28.6358 0
      vertex -12.6239 28.6358 8
    endloop
  endfacet
  facet normal 1 0 0
    outer loop
      vertex -12.6239 28.6358 0
      vertex -12.6239 10.0168 8
      vertex -12.6239 10.0168 0
    endloop
  endfacet
  facet normal 0 -1 0
    outer loop
      vertex -12.6239 -5.73694 0
      vertex 5.87543 -5.73694 8
      vertex -12.6239 -5.73694 8
    endloop
  endfacet
  facet normal 0 -1 -0
    outer loop
      vertex 5.87543 -5.73694 8
      vertex -12.6239 -5.73694 0
      vertex 5.87543 -5.73694 0
    endloop
  endfacet
  facet normal -0.0189486 -0.99982 0
    outer loop
      vertex 5.87543 -5.73694 0
      vertex 6.72336 -5.75301 8
      vertex 5.87543 -5.73694 8
    endloop
  endfacet
  facet normal -0.0189486 -0.99982 -0
    outer loop
      vertex 6.72336 -5.75301 8
      vertex 5.87543 -5.73694 0
      vertex 6.72336 -5.75301 0
    endloop
  endfacet
  facet normal -0.0588272 -0.998268 0
    outer loop
      vertex 6.72336 -5.75301 0
      vertex 7.54129 -5.80121 8
      vertex 6.72336 -5.75301 8
    endloop
  endfacet
  facet normal -0.0588272 -0.998268 -0
    outer loop
      vertex 7.54129 -5.80121 8
      vertex 6.72336 -5.75301 0
      vertex 7.54129 -5.80121 0
    endloop
  endfacet
  facet normal -0.101454 -0.99484 0
    outer loop
      vertex 7.54129 -5.80121 0
      vertex 8.32919 -5.88156 8
      vertex 7.54129 -5.80121 8
    endloop
  endfacet
  facet normal -0.101454 -0.99484 -0
    outer loop
      vertex 8.32919 -5.88156 8
      vertex 7.54129 -5.80121 0
      vertex 8.32919 -5.88156 0
    endloop
  endfacet
  facet normal -0.146791 -0.989167 0
    outer loop
      vertex 8.32919 -5.88156 0
      vertex 9.08708 -5.99403 8
      vertex 8.32919 -5.88156 8
    endloop
  endfacet
  facet normal -0.146791 -0.989167 -0
    outer loop
      vertex 9.08708 -5.99403 8
      vertex 8.32919 -5.88156 0
      vertex 9.08708 -5.99403 0
    endloop
  endfacet
  facet normal -0.194888 -0.980826 0
    outer loop
      vertex 9.08708 -5.99403 0
      vertex 9.81497 -6.13866 8
      vertex 9.08708 -5.99403 8
    endloop
  endfacet
  facet normal -0.194888 -0.980826 -0
    outer loop
      vertex 9.81497 -6.13866 8
      vertex 9.08708 -5.99403 0
      vertex 9.81497 -6.13866 0
    endloop
  endfacet
  facet normal -0.245532 -0.969389 0
    outer loop
      vertex 9.81497 -6.13866 0
      vertex 10.5128 -6.31541 8
      vertex 9.81497 -6.13866 8
    endloop
  endfacet
  facet normal -0.245532 -0.969389 -0
    outer loop
      vertex 10.5128 -6.31541 8
      vertex 9.81497 -6.13866 0
      vertex 10.5128 -6.31541 0
    endloop
  endfacet
  facet normal -0.298524 -0.954402 0
    outer loop
      vertex 10.5128 -6.31541 0
      vertex 11.1807 -6.52432 8
      vertex 10.5128 -6.31541 8
    endloop
  endfacet
  facet normal -0.298524 -0.954402 -0
    outer loop
      vertex 11.1807 -6.52432 8
      vertex 10.5128 -6.31541 0
      vertex 11.1807 -6.52432 0
    endloop
  endfacet
  facet normal -0.353508 -0.935432 0
    outer loop
      vertex 11.1807 -6.52432 0
      vertex 11.8185 -6.76535 8
      vertex 11.1807 -6.52432 8
    endloop
  endfacet
  facet normal -0.353508 -0.935432 -0
    outer loop
      vertex 11.8185 -6.76535 8
      vertex 11.1807 -6.52432 0
      vertex 11.8185 -6.76535 0
    endloop
  endfacet
  facet normal -0.409953 -0.912107 0
    outer loop
      vertex 11.8185 -6.76535 0
      vertex 12.4263 -7.03853 8
      vertex 11.8185 -6.76535 8
    endloop
  endfacet
  facet normal -0.409953 -0.912107 -0
    outer loop
      vertex 12.4263 -7.03853 8
      vertex 11.8185 -6.76535 0
      vertex 12.4263 -7.03853 0
    endloop
  endfacet
  facet normal -0.467126 -0.884191 0
    outer loop
      vertex 12.4263 -7.03853 0
      vertex 13.0042 -7.34384 8
      vertex 12.4263 -7.03853 8
    endloop
  endfacet
  facet normal -0.467126 -0.884191 -0
    outer loop
      vertex 13.0042 -7.34384 8
      vertex 12.4263 -7.03853 0
      vertex 13.0042 -7.34384 0
    endloop
  endfacet
  facet normal -0.524483 -0.851421 0
    outer loop
      vertex 13.0042 -7.34384 0
      vertex 13.552 -7.68129 8
      vertex 13.0042 -7.34384 8
    endloop
  endfacet
  facet normal -0.524483 -0.851421 -0
    outer loop
      vertex 13.552 -7.68129 8
      vertex 13.0042 -7.34384 0
      vertex 13.552 -7.68129 0
    endloop
  endfacet
  facet normal -0.581045 -0.813872 0
    outer loop
      vertex 13.552 -7.68129 0
      vertex 14.0697 -8.05089 8
      vertex 13.552 -7.68129 8
    endloop
  endfacet
  facet normal -0.581045 -0.813872 -0
    outer loop
      vertex 14.0697 -8.05089 8
      vertex 13.552 -7.68129 0
      vertex 14.0697 -8.05089 0
    endloop
  endfacet
  facet normal -0.635709 -0.771928 0
    outer loop
      vertex 14.0697 -8.05089 0
      vertex 14.5575 -8.45261 8
      vertex 14.0697 -8.05089 8
    endloop
  endfacet
  facet normal -0.635709 -0.771928 -0
    outer loop
      vertex 14.5575 -8.45261 8
      vertex 14.0697 -8.05089 0
      vertex 14.5575 -8.45261 0
    endloop
  endfacet
  facet normal -0.687855 -0.725848 0
    outer loop
      vertex 14.5575 -8.45261 0
      vertex 15.0122 -8.88351 8
      vertex 14.5575 -8.45261 8
    endloop
  endfacet
  facet normal -0.687855 -0.725848 -0
    outer loop
      vertex 15.0122 -8.88351 8
      vertex 14.5575 -8.45261 0
      vertex 15.0122 -8.88351 0
    endloop
  endfacet
  facet normal -0.737856 -0.674958 0
    outer loop
      vertex 15.4306 -9.3409 0
      vertex 15.0122 -8.88351 8
      vertex 15.0122 -8.88351 0
    endloop
  endfacet
  facet normal -0.737856 -0.674958 0
    outer loop
      vertex 15.0122 -8.88351 8
      vertex 15.4306 -9.3409 0
      vertex 15.4306 -9.3409 8
    endloop
  endfacet
  facet normal -0.784964 -0.619542 0
    outer loop
      vertex 15.8125 -9.82477 0
      vertex 15.4306 -9.3409 8
      vertex 15.4306 -9.3409 0
    endloop
  endfacet
  facet normal -0.784964 -0.619542 0
    outer loop
      vertex 15.4306 -9.3409 8
      vertex 15.8125 -9.82477 0
      vertex 15.8125 -9.82477 8
    endloop
  endfacet
  facet normal -0.828 -0.560729 0
    outer loop
      vertex 16.1581 -10.3351 0
      vertex 15.8125 -9.82477 8
      vertex 15.8125 -9.82477 0
    endloop
  endfacet
  facet normal -0.828 -0.560729 0
    outer loop
      vertex 15.8125 -9.82477 8
      vertex 16.1581 -10.3351 0
      vertex 16.1581 -10.3351 8
    endloop
  endfacet
  facet normal -0.86657 -0.499056 0
    outer loop
      vertex 16.4673 -10.872 0
      vertex 16.1581 -10.3351 8
      vertex 16.1581 -10.3351 0
    endloop
  endfacet
  facet normal -0.86657 -0.499056 0
    outer loop
      vertex 16.1581 -10.3351 8
      vertex 16.4673 -10.872 0
      vertex 16.4673 -10.872 8
    endloop
  endfacet
  facet normal -0.900012 -0.435866 0
    outer loop
      vertex 16.7401 -11.4353 0
      vertex 16.4673 -10.872 8
      vertex 16.4673 -10.872 0
    endloop
  endfacet
  facet normal -0.900012 -0.435866 0
    outer loop
      vertex 16.4673 -10.872 8
      vertex 16.7401 -11.4353 0
      vertex 16.7401 -11.4353 8
    endloop
  endfacet
  facet normal -0.928162 -0.372177 0
    outer loop
      vertex 16.9766 -12.0251 0
      vertex 16.7401 -11.4353 8
      vertex 16.7401 -11.4353 0
    endloop
  endfacet
  facet normal -0.928162 -0.372177 0
    outer loop
      vertex 16.7401 -11.4353 8
      vertex 16.9766 -12.0251 0
      vertex 16.9766 -12.0251 8
    endloop
  endfacet
  facet normal -0.951169 -0.308671 0
    outer loop
      vertex 17.1766 -12.6414 0
      vertex 16.9766 -12.0251 8
      vertex 16.9766 -12.0251 0
    endloop
  endfacet
  facet normal -0.951169 -0.308671 0
    outer loop
      vertex 16.9766 -12.0251 8
      vertex 17.1766 -12.6414 0
      vertex 17.1766 -12.6414 8
    endloop
  endfacet
  facet normal -0.96906 -0.246826 0
    outer loop
      vertex 17.3403 -13.2841 0
      vertex 17.1766 -12.6414 8
      vertex 17.1766 -12.6414 0
    endloop
  endfacet
  facet normal -0.96906 -0.246826 0
    outer loop
      vertex 17.1766 -12.6414 8
      vertex 17.3403 -13.2841 0
      vertex 17.3403 -13.2841 8
    endloop
  endfacet
  facet normal -0.982362 -0.186991 0
    outer loop
      vertex 17.4677 -13.9534 0
      vertex 17.3403 -13.2841 8
      vertex 17.3403 -13.2841 0
    endloop
  endfacet
  facet normal -0.982362 -0.186991 0
    outer loop
      vertex 17.3403 -13.2841 8
      vertex 17.4677 -13.9534 0
      vertex 17.4677 -13.9534 8
    endloop
  endfacet
  facet normal -0.991572 -0.129559 0
    outer loop
      vertex 17.5586 -14.6491 0
      vertex 17.4677 -13.9534 8
      vertex 17.4677 -13.9534 0
    endloop
  endfacet
  facet normal -0.991572 -0.129559 0
    outer loop
      vertex 17.4677 -13.9534 8
      vertex 17.5586 -14.6491 0
      vertex 17.5586 -14.6491 8
    endloop
  endfacet
  facet normal -0.997155 -0.0753768 0
    outer loop
      vertex 17.6132 -15.3714 0
      vertex 17.5586 -14.6491 8
      vertex 17.5586 -14.6491 0
    endloop
  endfacet
  facet normal -0.997155 -0.0753768 0
    outer loop
      vertex 17.5586 -14.6491 8
      vertex 17.6132 -15.3714 0
      vertex 17.6132 -15.3714 8
    endloop
  endfacet
  facet normal -0.999708 -0.0241682 0
    outer loop
      vertex 17.6313 -16.1201 0
      vertex 17.6132 -15.3714 8
      vertex 17.6132 -15.3714 0
    endloop
  endfacet
  facet normal -0.999708 -0.0241682 0
    outer loop
      vertex 17.6132 -15.3714 8
      vertex 17.6313 -16.1201 0
      vertex 17.6313 -16.1201 8
    endloop
  endfacet
  facet normal -1 0 0
    outer loop
      vertex 17.6313 -16.2996 0
      vertex 17.6313 -16.1201 8
      vertex 17.6313 -16.1201 0
    endloop
  endfacet
  facet normal -1 -0 0
    outer loop
      vertex 17.6313 -16.1201 8
      vertex 17.6313 -16.2996 0
      vertex 17.6313 -16.2996 8
    endloop
  endfacet
  facet normal -0.999701 0.0244521 0
    outer loop
      vertex 17.6132 -17.0396 0
      vertex 17.6313 -16.2996 8
      vertex 17.6313 -16.2996 0
    endloop
  endfacet
  facet normal -0.999701 0.0244521 0
    outer loop
      vertex 17.6313 -16.2996 8
      vertex 17.6132 -17.0396 0
      vertex 17.6132 -17.0396 8
    endloop
  endfacet
  facet normal -0.997091 0.0762267 0
    outer loop
      vertex 17.5586 -17.7538 0
      vertex 17.6132 -17.0396 8
      vertex 17.6132 -17.0396 0
    endloop
  endfacet
  facet normal -0.997091 0.0762267 0
    outer loop
      vertex 17.6132 -17.0396 8
      vertex 17.5586 -17.7538 0
      vertex 17.5586 -17.7538 8
    endloop
  endfacet
  facet normal -0.991394 0.130909 0
    outer loop
      vertex 17.4677 -18.4422 0
      vertex 17.5586 -17.7538 8
      vertex 17.5586 -17.7538 0
    endloop
  endfacet
  facet normal -0.991394 0.130909 0
    outer loop
      vertex 17.5586 -17.7538 8
      vertex 17.4677 -18.4422 0
      vertex 17.4677 -18.4422 8
    endloop
  endfacet
  facet normal -0.982013 0.188814 0
    outer loop
      vertex 17.3403 -19.1048 0
      vertex 17.4677 -18.4422 8
      vertex 17.4677 -18.4422 0
    endloop
  endfacet
  facet normal -0.982013 0.188814 0
    outer loop
      vertex 17.4677 -18.4422 8
      vertex 17.3403 -19.1048 0
      vertex 17.3403 -19.1048 8
    endloop
  endfacet
  facet normal -0.968511 0.248972 0
    outer loop
      vertex 17.1766 -19.7416 0
      vertex 17.3403 -19.1048 8
      vertex 17.3403 -19.1048 0
    endloop
  endfacet
  facet normal -0.968511 0.248972 0
    outer loop
      vertex 17.3403 -19.1048 8
      vertex 17.1766 -19.7416 0
      vertex 17.1766 -19.7416 8
    endloop
  endfacet
  facet normal -0.950395 0.311044 0
    outer loop
      vertex 16.9766 -20.3527 0
      vertex 17.1766 -19.7416 8
      vertex 17.1766 -19.7416 0
    endloop
  endfacet
  facet normal -0.950395 0.311044 0
    outer loop
      vertex 17.1766 -19.7416 8
      vertex 16.9766 -20.3527 0
      vertex 16.9766 -20.3527 8
    endloop
  endfacet
  facet normal -0.927149 0.374694 0
    outer loop
      vertex 16.7401 -20.9379 0
      vertex 16.9766 -20.3527 8
      vertex 16.9766 -20.3527 0
    endloop
  endfacet
  facet normal -0.927149 0.374694 0
    outer loop
      vertex 16.9766 -20.3527 8
      vertex 16.7401 -20.9379 0
      vertex 16.7401 -20.9379 8
    endloop
  endfacet
  facet normal -0.898849 0.438259 0
    outer loop
      vertex 16.4673 -21.4974 0
      vertex 16.7401 -20.9379 8
      vertex 16.7401 -20.9379 0
    endloop
  endfacet
  facet normal -0.898849 0.438259 0
    outer loop
      vertex 16.7401 -20.9379 8
      vertex 16.4673 -21.4974 0
      vertex 16.4673 -21.4974 8
    endloop
  endfacet
  facet normal -0.865275 0.501298 0
    outer loop
      vertex 16.1581 -22.0311 0
      vertex 16.4673 -21.4974 8
      vertex 16.4673 -21.4974 0
    endloop
  endfacet
  facet normal -0.865275 0.501298 0
    outer loop
      vertex 16.4673 -21.4974 8
      vertex 16.1581 -22.0311 0
      vertex 16.1581 -22.0311 8
    endloop
  endfacet
  facet normal -0.826754 0.562564 0
    outer loop
      vertex 15.8125 -22.539 0
      vertex 16.1581 -22.0311 8
      vertex 16.1581 -22.0311 0
    endloop
  endfacet
  facet normal -0.826754 0.562564 0
    outer loop
      vertex 16.1581 -22.0311 8
      vertex 15.8125 -22.539 0
      vertex 15.8125 -22.539 8
    endloop
  endfacet
  facet normal -0.783921 0.620861 0
    outer loop
      vertex 15.4306 -23.0212 0
      vertex 15.8125 -22.539 8
      vertex 15.8125 -22.539 0
    endloop
  endfacet
  facet normal -0.783921 0.620861 0
    outer loop
      vertex 15.8125 -22.539 8
      vertex 15.4306 -23.0212 0
      vertex 15.4306 -23.0212 8
    endloop
  endfacet
  facet normal -0.737054 0.675834 0
    outer loop
      vertex 15.0122 -23.4775 0
      vertex 15.4306 -23.0212 8
      vertex 15.4306 -23.0212 0
    endloop
  endfacet
  facet normal -0.737054 0.675834 0
    outer loop
      vertex 15.4306 -23.0212 8
      vertex 15.0122 -23.4775 0
      vertex 15.0122 -23.4775 8
    endloop
  endfacet
  facet normal -0.687603 0.726087 0
    outer loop
      vertex 15.0122 -23.4775 0
      vertex 14.5575 -23.9081 8
      vertex 15.0122 -23.4775 8
    endloop
  endfacet
  facet normal -0.687603 0.726087 0
    outer loop
      vertex 14.5575 -23.9081 8
      vertex 15.0122 -23.4775 0
      vertex 14.5575 -23.9081 0
    endloop
  endfacet
  facet normal -0.635502 0.772099 0
    outer loop
      vertex 14.5575 -23.9081 0
      vertex 14.0697 -24.3096 8
      vertex 14.5575 -23.9081 8
    endloop
  endfacet
  facet normal -0.635502 0.772099 0
    outer loop
      vertex 14.0697 -24.3096 8
      vertex 14.5575 -23.9081 0
      vertex 14.0697 -24.3096 0
    endloop
  endfacet
  facet normal -0.580941 0.813946 0
    outer loop
      vertex 14.0697 -24.3096 0
      vertex 13.552 -24.6791 8
      vertex 14.0697 -24.3096 8
    endloop
  endfacet
  facet normal -0.580941 0.813946 0
    outer loop
      vertex 13.552 -24.6791 8
      vertex 14.0697 -24.3096 0
      vertex 13.552 -24.6791 0
    endloop
  endfacet
  facet normal -0.524427 0.851455 0
    outer loop
      vertex 13.552 -24.6791 0
      vertex 13.0042 -25.0165 8
      vertex 13.552 -24.6791 8
    endloop
  endfacet
  facet normal -0.524427 0.851455 0
    outer loop
      vertex 13.0042 -25.0165 8
      vertex 13.552 -24.6791 0
      vertex 13.0042 -25.0165 0
    endloop
  endfacet
  facet normal -0.466995 0.88426 0
    outer loop
      vertex 13.0042 -25.0165 0
      vertex 12.4263 -25.3217 8
      vertex 13.0042 -25.0165 8
    endloop
  endfacet
  facet normal -0.466995 0.88426 0
    outer loop
      vertex 12.4263 -25.3217 8
      vertex 13.0042 -25.0165 0
      vertex 12.4263 -25.3217 0
    endloop
  endfacet
  facet normal -0.409853 0.912152 0
    outer loop
      vertex 12.4263 -25.3217 0
      vertex 11.8185 -25.5948 8
      vertex 12.4263 -25.3217 8
    endloop
  endfacet
  facet normal -0.409853 0.912152 0
    outer loop
      vertex 11.8185 -25.5948 8
      vertex 12.4263 -25.3217 0
      vertex 11.8185 -25.5948 0
    endloop
  endfacet
  facet normal -0.353341 0.935495 0
    outer loop
      vertex 11.8185 -25.5948 0
      vertex 11.1807 -25.8357 8
      vertex 11.8185 -25.5948 8
    endloop
  endfacet
  facet normal -0.353341 0.935495 0
    outer loop
      vertex 11.1807 -25.8357 8
      vertex 11.8185 -25.5948 0
      vertex 11.1807 -25.8357 0
    endloop
  endfacet
  facet normal -0.298511 0.954406 0
    outer loop
      vertex 11.1807 -25.8357 0
      vertex 10.5128 -26.0446 8
      vertex 11.1807 -25.8357 8
    endloop
  endfacet
  facet normal -0.298511 0.954406 0
    outer loop
      vertex 10.5128 -26.0446 8
      vertex 11.1807 -25.8357 0
      vertex 10.5128 -26.0446 0
    endloop
  endfacet
  facet normal -0.245466 0.969405 0
    outer loop
      vertex 10.5128 -26.0446 0
      vertex 9.81497 -26.2213 8
      vertex 10.5128 -26.0446 8
    endloop
  endfacet
  facet normal -0.245466 0.969405 0
    outer loop
      vertex 9.81497 -26.2213 8
      vertex 10.5128 -26.0446 0
      vertex 9.81497 -26.2213 0
    endloop
  endfacet
  facet normal -0.194719 0.980859 0
    outer loop
      vertex 9.81497 -26.2213 0
      vertex 9.08708 -26.3658 8
      vertex 9.81497 -26.2213 8
    endloop
  endfacet
  facet normal -0.194719 0.980859 0
    outer loop
      vertex 9.08708 -26.3658 8
      vertex 9.81497 -26.2213 0
      vertex 9.08708 -26.3658 0
    endloop
  endfacet
  facet normal -0.14683 0.989162 0
    outer loop
      vertex 9.08708 -26.3658 0
      vertex 8.32919 -26.4783 8
      vertex 9.08708 -26.3658 8
    endloop
  endfacet
  facet normal -0.14683 0.989162 0
    outer loop
      vertex 8.32919 -26.4783 8
      vertex 9.08708 -26.3658 0
      vertex 8.32919 -26.4783 0
    endloop
  endfacet
  facet normal -0.101391 0.994847 0
    outer loop
      vertex 8.32919 -26.4783 0
      vertex 7.54129 -26.5586 8
      vertex 8.32919 -26.4783 8
    endloop
  endfacet
  facet normal -0.101391 0.994847 0
    outer loop
      vertex 7.54129 -26.5586 8
      vertex 8.32919 -26.4783 0
      vertex 7.54129 -26.5586 0
    endloop
  endfacet
  facet normal -0.0588272 0.998268 0
    outer loop
      vertex 7.54129 -26.5586 0
      vertex 6.72336 -26.6068 8
      vertex 7.54129 -26.5586 8
    endloop
  endfacet
  facet normal -0.0588272 0.998268 0
    outer loop
      vertex 6.72336 -26.6068 8
      vertex 7.54129 -26.5586 0
      vertex 6.72336 -26.6068 0
    endloop
  endfacet
  facet normal -0.0188661 0.999822 0
    outer loop
      vertex 6.72336 -26.6068 0
      vertex 5.87543 -26.6228 8
      vertex 6.72336 -26.6068 8
    endloop
  endfacet
  facet normal -0.0188661 0.999822 0
    outer loop
      vertex 5.87543 -26.6228 8
      vertex 6.72336 -26.6068 0
      vertex 5.87543 -26.6228 0
    endloop
  endfacet
  facet normal 0 1 -0
    outer loop
      vertex 5.87543 -26.6228 0
      vertex -12.6239 -26.6228 8
      vertex 5.87543 -26.6228 8
    endloop
  endfacet
  facet normal 0 1 0
    outer loop
      vertex -12.6239 -26.6228 8
      vertex 5.87543 -26.6228 0
      vertex -12.6239 -26.6228 0
    endloop
  endfacet
  facet normal 1 -0 0
    outer loop
      vertex -12.6239 -26.6228 8
      vertex -12.6239 -5.73694 0
      vertex -12.6239 -5.73694 8
    endloop
  endfacet
  facet normal 1 0 0
    outer loop
      vertex -12.6239 -5.73694 0
      vertex -12.6239 -26.6228 8
      vertex -12.6239 -26.6228 0
    endloop
  endfacet
endsolid OpenSCAD_Model
